nohup: ignoring input
[2026-01-19 02:21:35] Starting infra_retry script.
[2026-01-19 02:21:35] Attempting to run: terraform apply --auto-approve
[2026-01-19 02:21:35] Working Directory: /home/buffalo/Documents/Project/kubernetes-infra/terraform/kls-infra-02
[2026-01-19 02:21:47] [CMD] [0m[1mmodule.oci_controlplane.data.oci_core_images.ubuntu_amd: Reading...[0m[0m
[2026-01-19 02:21:47] [CMD] [0m[1mmodule.oci_workers.data.oci_identity_availability_domains.ads: Reading...[0m[0m
[2026-01-19 02:21:47] [CMD] [0m[1mmodule.oci_workers.data.oci_core_images.ubuntu_amd: Reading...[0m[0m
[2026-01-19 02:21:47] [CMD] [0m[1mmodule.oci_controlplane.data.oci_identity_availability_domains.ads: Reading...[0m[0m
[2026-01-19 02:21:47] [CMD] [0m[1mmodule.oci_workers.data.oci_core_images.ubuntu_arm: Reading...[0m[0m
[2026-01-19 02:21:47] [CMD] [0m[1mmodule.oci_controlplane.data.oci_core_images.ubuntu_arm: Reading...[0m[0m
[2026-01-19 02:21:48] [CMD] [0m[1mmodule.gcp_worker.data.google_compute_image.ubuntu: Reading...[0m[0m
[2026-01-19 02:21:48] [CMD] [0m[1mmodule.aws_worker.data.aws_ami.ubuntu: Reading...[0m[0m
[2026-01-19 02:21:48] [CMD] [0m[1mmodule.oci_controlplane.data.oci_core_images.ubuntu_arm: Read complete after 1s [id=CoreImagesDataSource-1596659991][0m
[2026-01-19 02:21:48] [CMD] [0m[1mmodule.oci_workers.data.oci_identity_availability_domains.ads: Read complete after 1s [id=IdentityAvailabilityDomainsDataSource-2634143273][0m
[2026-01-19 02:21:48] [CMD] [0m[1mmodule.oci_controlplane.data.oci_identity_availability_domains.ads: Read complete after 1s [id=IdentityAvailabilityDomainsDataSource-2634143273][0m
[2026-01-19 02:21:48] [CMD] [0m[1mmodule.oci_workers.data.oci_core_images.ubuntu_amd: Read complete after 1s [id=CoreImagesDataSource-4182059877][0m
[2026-01-19 02:21:48] [CMD] [0m[1mmodule.oci_controlplane.data.oci_core_images.ubuntu_amd: Read complete after 1s [id=CoreImagesDataSource-4182059877][0m
[2026-01-19 02:21:48] [CMD] [0m[1mmodule.oci_workers.data.oci_core_images.ubuntu_arm: Read complete after 1s [id=CoreImagesDataSource-1596659991][0m
[2026-01-19 02:21:49] [CMD] [0m[1mmodule.gcp_worker.data.google_compute_image.ubuntu: Read complete after 1s [id=projects/ubuntu-os-cloud/global/images/ubuntu-2404-noble-amd64-v20260117][0m
[2026-01-19 02:21:49] [CMD] [0m[1mmodule.aws_worker.data.aws_ami.ubuntu: Read complete after 1s [id=ami-01637463b2cbe7cb6][0m
[2026-01-19 02:21:50] [CMD] 
[2026-01-19 02:21:50] [CMD] Terraform used the selected providers to generate the following execution
[2026-01-19 02:21:50] [CMD] plan. Resource actions are indicated with the following symbols:
[2026-01-19 02:21:50] [CMD] [32m+[0m create[0m
[2026-01-19 02:21:50] [CMD] 
[2026-01-19 02:21:50] [CMD] Terraform will perform the following actions:
[2026-01-19 02:21:50] [CMD] 
[2026-01-19 02:21:50] [CMD] [1m  # module.oci_workers.oci_core_instance.vm[0][0m will be created
[2026-01-19 02:21:50] [CMD] [0m  [32m+[0m[0m resource "oci_core_instance" "vm" {
[2026-01-19 02:21:50] [CMD] [32m+[0m[0m availability_domain                 = "Okvh:EU-ZURICH-1-AD-1"
[2026-01-19 02:21:50] [CMD] [32m+[0m[0m boot_volume_id                      = (known after apply)
[2026-01-19 02:21:50] [CMD] [32m+[0m[0m capacity_reservation_id             = (known after apply)
[2026-01-19 02:21:50] [CMD] [32m+[0m[0m compartment_id                      = "ocid1.compartment.oc1..aaaaaaaaqosxqzxlkkoruo6yxntlv2u6653ox7uqc46fhpid6ezj6gi73zzq"
[2026-01-19 02:21:50] [CMD] [32m+[0m[0m compute_cluster_id                  = (known after apply)
[2026-01-19 02:21:50] [CMD] [32m+[0m[0m dedicated_vm_host_id                = (known after apply)
[2026-01-19 02:21:50] [CMD] [32m+[0m[0m defined_tags                        = (known after apply)
[2026-01-19 02:21:50] [CMD] [32m+[0m[0m display_name                        = "oci-kls-worker-201"
[2026-01-19 02:21:50] [CMD] [32m+[0m[0m extended_metadata                   = (known after apply)
[2026-01-19 02:21:50] [CMD] [32m+[0m[0m fault_domain                        = (known after apply)
[2026-01-19 02:21:50] [CMD] [32m+[0m[0m freeform_tags                       = {
[2026-01-19 02:21:50] [CMD] [32m+[0m[0m "Role" = "worker"
[2026-01-19 02:21:50] [CMD] }
[2026-01-19 02:21:50] [CMD] [32m+[0m[0m hostname_label                      = (known after apply)
[2026-01-19 02:21:50] [CMD] [32m+[0m[0m id                                  = (known after apply)
[2026-01-19 02:21:50] [CMD] [32m+[0m[0m image                               = (known after apply)
[2026-01-19 02:21:50] [CMD] [32m+[0m[0m instance_configuration_id           = (known after apply)
[2026-01-19 02:21:50] [CMD] [32m+[0m[0m ipxe_script                         = (known after apply)
[2026-01-19 02:21:50] [CMD] [32m+[0m[0m is_ai_enterprise_enabled            = (known after apply)
[2026-01-19 02:21:50] [CMD] [32m+[0m[0m is_cross_numa_node                  = (known after apply)
[2026-01-19 02:21:50] [CMD] [32m+[0m[0m is_pv_encryption_in_transit_enabled = (known after apply)
[2026-01-19 02:21:50] [CMD] [32m+[0m[0m launch_mode                         = (known after apply)
[2026-01-19 02:21:50] [CMD] [32m+[0m[0m metadata                            = {
[2026-01-19 02:21:50] [CMD] [32m+[0m[0m "ssh_authorized_keys" = <<-EOT
[2026-01-19 02:21:50] [CMD] ssh-rsa AAAAB3NzaC1yc2EAAAADAQABAAABAQDGgVhlH0TFnfQFaCNk5ZHRBYiQgXjS+GiWKUK4iChAdMxHAupZf6kMVTWJZi5tHfsUqYdopwPAmoqpmYc/5AXrkYXyepRHNf/gGSp3Q1BrWH6+jhPBF/2fx65NrUqFTm3muuD3aPvepWA4oobcrT9FJN7HPZQ6N+N32GpM3IY5pbDhlTOkAwR6HLEFXdem8hJ7/GlV5Aw8qiQxhOsqLScN5deJlLsncsQfdSxEFhgrWrNOvAZaItk2q/jzq6I+zQE6WS8pGYu0vRA5hHNXxVdh+PnMavmA2rTzh4g+ATfAqjeA2gYlfQH5Nz9HhzXQGciQDZpUlsjGWWX0OcQ7+1tB buffalo@buffalo-IdeaPad-1
[2026-01-19 02:21:50] [CMD] EOT
[2026-01-19 02:21:50] [CMD] }
[2026-01-19 02:21:50] [CMD] [32m+[0m[0m private_ip                          = (known after apply)
[2026-01-19 02:21:50] [CMD] [32m+[0m[0m public_ip                           = (known after apply)
[2026-01-19 02:21:50] [CMD] [32m+[0m[0m region                              = (known after apply)
[2026-01-19 02:21:50] [CMD] [32m+[0m[0m security_attributes                 = (known after apply)
[2026-01-19 02:21:50] [CMD] [32m+[0m[0m security_attributes_state           = (known after apply)
[2026-01-19 02:21:50] [CMD] [32m+[0m[0m shape                               = "VM.Standard.A1.Flex"
[2026-01-19 02:21:50] [CMD] [32m+[0m[0m state                               = (known after apply)
[2026-01-19 02:21:50] [CMD] [32m+[0m[0m subnet_id                           = (known after apply)
[2026-01-19 02:21:50] [CMD] [32m+[0m[0m system_tags                         = (known after apply)
[2026-01-19 02:21:50] [CMD] [32m+[0m[0m time_created                        = (known after apply)
[2026-01-19 02:21:50] [CMD] [32m+[0m[0m time_maintenance_reboot_due         = (known after apply)
[2026-01-19 02:21:50] [CMD] 
[2026-01-19 02:21:50] [CMD] [32m+[0m[0m agent_config (known after apply)
[2026-01-19 02:21:50] [CMD] 
[2026-01-19 02:21:50] [CMD] [32m+[0m[0m availability_config (known after apply)
[2026-01-19 02:21:50] [CMD] 
[2026-01-19 02:21:50] [CMD] [32m+[0m[0m create_vnic_details {
[2026-01-19 02:21:50] [CMD] [32m+[0m[0m assign_ipv6ip          = (known after apply)
[2026-01-19 02:21:50] [CMD] [32m+[0m[0m assign_public_ip       = "true"
[2026-01-19 02:21:50] [CMD] [32m+[0m[0m defined_tags           = (known after apply)
[2026-01-19 02:21:50] [CMD] [32m+[0m[0m display_name           = (known after apply)
[2026-01-19 02:21:50] [CMD] [32m+[0m[0m freeform_tags          = (known after apply)
[2026-01-19 02:21:50] [CMD] [32m+[0m[0m hostname_label         = (known after apply)
[2026-01-19 02:21:50] [CMD] [32m+[0m[0m nsg_ids                = (known after apply)
[2026-01-19 02:21:50] [CMD] [32m+[0m[0m private_ip             = (known after apply)
[2026-01-19 02:21:50] [CMD] [32m+[0m[0m security_attributes    = (known after apply)
[2026-01-19 02:21:50] [CMD] [32m+[0m[0m skip_source_dest_check = (known after apply)
[2026-01-19 02:21:50] [CMD] [32m+[0m[0m subnet_cidr            = (known after apply)
[2026-01-19 02:21:50] [CMD] [32m+[0m[0m subnet_id              = "ocid1.subnet.oc1.eu-zurich-1.aaaaaaaaptp3u3on7sblkoxaxhcdb25kke42i7u3j3gqgynzhl3672i3fqwa"
[2026-01-19 02:21:50] [CMD] [32m+[0m[0m vlan_id                = (known after apply)
[2026-01-19 02:21:50] [CMD] 
[2026-01-19 02:21:50] [CMD] [32m+[0m[0m ipv6address_ipv6subnet_cidr_pair_details (known after apply)
[2026-01-19 02:21:50] [CMD] }
[2026-01-19 02:21:50] [CMD] 
[2026-01-19 02:21:50] [CMD] [32m+[0m[0m instance_options (known after apply)
[2026-01-19 02:21:50] [CMD] 
[2026-01-19 02:21:50] [CMD] [32m+[0m[0m launch_options (known after apply)
[2026-01-19 02:21:50] [CMD] 
[2026-01-19 02:21:50] [CMD] [32m+[0m[0m launch_volume_attachments (known after apply)
[2026-01-19 02:21:50] [CMD] 
[2026-01-19 02:21:50] [CMD] [32m+[0m[0m licensing_configs (known after apply)
[2026-01-19 02:21:50] [CMD] 
[2026-01-19 02:21:50] [CMD] [32m+[0m[0m placement_constraint_details (known after apply)
[2026-01-19 02:21:50] [CMD] 
[2026-01-19 02:21:50] [CMD] [32m+[0m[0m platform_config (known after apply)
[2026-01-19 02:21:50] [CMD] 
[2026-01-19 02:21:50] [CMD] [32m+[0m[0m preemptible_instance_config (known after apply)
[2026-01-19 02:21:50] [CMD] 
[2026-01-19 02:21:50] [CMD] [32m+[0m[0m shape_config {
[2026-01-19 02:21:50] [CMD] [32m+[0m[0m baseline_ocpu_utilization     = (known after apply)
[2026-01-19 02:21:50] [CMD] [32m+[0m[0m gpu_description               = (known after apply)
[2026-01-19 02:21:50] [CMD] [32m+[0m[0m gpus                          = (known after apply)
[2026-01-19 02:21:50] [CMD] [32m+[0m[0m local_disk_description        = (known after apply)
[2026-01-19 02:21:50] [CMD] [32m+[0m[0m local_disks                   = (known after apply)
[2026-01-19 02:21:50] [CMD] [32m+[0m[0m local_disks_total_size_in_gbs = (known after apply)
[2026-01-19 02:21:50] [CMD] [32m+[0m[0m max_vnic_attachments          = (known after apply)
[2026-01-19 02:21:50] [CMD] [32m+[0m[0m memory_in_gbs                 = 12
[2026-01-19 02:21:50] [CMD] [32m+[0m[0m networking_bandwidth_in_gbps  = (known after apply)
[2026-01-19 02:21:50] [CMD] [32m+[0m[0m nvmes                         = (known after apply)
[2026-01-19 02:21:50] [CMD] [32m+[0m[0m ocpus                         = 2
[2026-01-19 02:21:50] [CMD] [32m+[0m[0m processor_description         = (known after apply)
[2026-01-19 02:21:50] [CMD] [32m+[0m[0m resource_management           = (known after apply)
[2026-01-19 02:21:50] [CMD] [32m+[0m[0m vcpus                         = (known after apply)
[2026-01-19 02:21:50] [CMD] }
[2026-01-19 02:21:50] [CMD] 
[2026-01-19 02:21:50] [CMD] [32m+[0m[0m source_details {
[2026-01-19 02:21:50] [CMD] [32m+[0m[0m boot_volume_size_in_gbs = "100"
[2026-01-19 02:21:50] [CMD] [32m+[0m[0m boot_volume_vpus_per_gb = (known after apply)
[2026-01-19 02:21:50] [CMD] [32m+[0m[0m source_id               = "ocid1.image.oc1.eu-zurich-1.aaaaaaaaeiej3u3vj6qwpezhuzfvttqizv5hs424weni5dffwryitayitiia"
[2026-01-19 02:21:50] [CMD] [32m+[0m[0m source_type             = "image"
[2026-01-19 02:21:50] [CMD] 
[2026-01-19 02:21:50] [CMD] [32m+[0m[0m instance_source_image_filter_details (known after apply)
[2026-01-19 02:21:50] [CMD] }
[2026-01-19 02:21:50] [CMD] }
[2026-01-19 02:21:50] [CMD] 
[2026-01-19 02:21:50] [CMD] [1m  # module.oci_workers.oci_core_instance.vm[1][0m will be created
[2026-01-19 02:21:50] [CMD] [0m  [32m+[0m[0m resource "oci_core_instance" "vm" {
[2026-01-19 02:21:50] [CMD] [32m+[0m[0m availability_domain                 = "Okvh:EU-ZURICH-1-AD-1"
[2026-01-19 02:21:50] [CMD] [32m+[0m[0m boot_volume_id                      = (known after apply)
[2026-01-19 02:21:50] [CMD] [32m+[0m[0m capacity_reservation_id             = (known after apply)
[2026-01-19 02:21:50] [CMD] [32m+[0m[0m compartment_id                      = "ocid1.compartment.oc1..aaaaaaaaqosxqzxlkkoruo6yxntlv2u6653ox7uqc46fhpid6ezj6gi73zzq"
[2026-01-19 02:21:50] [CMD] [32m+[0m[0m compute_cluster_id                  = (known after apply)
[2026-01-19 02:21:50] [CMD] [32m+[0m[0m dedicated_vm_host_id                = (known after apply)
[2026-01-19 02:21:50] [CMD] [32m+[0m[0m defined_tags                        = (known after apply)
[2026-01-19 02:21:50] [CMD] [32m+[0m[0m display_name                        = "oci-kls-worker-202"
[2026-01-19 02:21:50] [CMD] [32m+[0m[0m extended_metadata                   = (known after apply)
[2026-01-19 02:21:50] [CMD] [32m+[0m[0m fault_domain                        = (known after apply)
[2026-01-19 02:21:50] [CMD] [32m+[0m[0m freeform_tags                       = {
[2026-01-19 02:21:50] [CMD] [32m+[0m[0m "Role" = "worker"
[2026-01-19 02:21:50] [CMD] }
[2026-01-19 02:21:50] [CMD] [32m+[0m[0m hostname_label                      = (known after apply)
[2026-01-19 02:21:50] [CMD] [32m+[0m[0m id                                  = (known after apply)
[2026-01-19 02:21:50] [CMD] [32m+[0m[0m image                               = (known after apply)
[2026-01-19 02:21:50] [CMD] [32m+[0m[0m instance_configuration_id           = (known after apply)
[2026-01-19 02:21:50] [CMD] [32m+[0m[0m ipxe_script                         = (known after apply)
[2026-01-19 02:21:50] [CMD] [32m+[0m[0m is_ai_enterprise_enabled            = (known after apply)
[2026-01-19 02:21:50] [CMD] [32m+[0m[0m is_cross_numa_node                  = (known after apply)
[2026-01-19 02:21:50] [CMD] [32m+[0m[0m is_pv_encryption_in_transit_enabled = (known after apply)
[2026-01-19 02:21:50] [CMD] [32m+[0m[0m launch_mode                         = (known after apply)
[2026-01-19 02:21:50] [CMD] [32m+[0m[0m metadata                            = {
[2026-01-19 02:21:50] [CMD] [32m+[0m[0m "ssh_authorized_keys" = <<-EOT
[2026-01-19 02:21:50] [CMD] ssh-rsa AAAAB3NzaC1yc2EAAAADAQABAAABAQDGgVhlH0TFnfQFaCNk5ZHRBYiQgXjS+GiWKUK4iChAdMxHAupZf6kMVTWJZi5tHfsUqYdopwPAmoqpmYc/5AXrkYXyepRHNf/gGSp3Q1BrWH6+jhPBF/2fx65NrUqFTm3muuD3aPvepWA4oobcrT9FJN7HPZQ6N+N32GpM3IY5pbDhlTOkAwR6HLEFXdem8hJ7/GlV5Aw8qiQxhOsqLScN5deJlLsncsQfdSxEFhgrWrNOvAZaItk2q/jzq6I+zQE6WS8pGYu0vRA5hHNXxVdh+PnMavmA2rTzh4g+ATfAqjeA2gYlfQH5Nz9HhzXQGciQDZpUlsjGWWX0OcQ7+1tB buffalo@buffalo-IdeaPad-1
[2026-01-19 02:21:50] [CMD] EOT
[2026-01-19 02:21:50] [CMD] }
[2026-01-19 02:21:50] [CMD] [32m+[0m[0m private_ip                          = (known after apply)
[2026-01-19 02:21:50] [CMD] [32m+[0m[0m public_ip                           = (known after apply)
[2026-01-19 02:21:50] [CMD] [32m+[0m[0m region                              = (known after apply)
[2026-01-19 02:21:50] [CMD] [32m+[0m[0m security_attributes                 = (known after apply)
[2026-01-19 02:21:50] [CMD] [32m+[0m[0m security_attributes_state           = (known after apply)
[2026-01-19 02:21:50] [CMD] [32m+[0m[0m shape                               = "VM.Standard.A1.Flex"
[2026-01-19 02:21:50] [CMD] [32m+[0m[0m state                               = (known after apply)
[2026-01-19 02:21:50] [CMD] [32m+[0m[0m subnet_id                           = (known after apply)
[2026-01-19 02:21:50] [CMD] [32m+[0m[0m system_tags                         = (known after apply)
[2026-01-19 02:21:50] [CMD] [32m+[0m[0m time_created                        = (known after apply)
[2026-01-19 02:21:50] [CMD] [32m+[0m[0m time_maintenance_reboot_due         = (known after apply)
[2026-01-19 02:21:50] [CMD] 
[2026-01-19 02:21:50] [CMD] [32m+[0m[0m agent_config (known after apply)
[2026-01-19 02:21:50] [CMD] 
[2026-01-19 02:21:50] [CMD] [32m+[0m[0m availability_config (known after apply)
[2026-01-19 02:21:50] [CMD] 
[2026-01-19 02:21:50] [CMD] [32m+[0m[0m create_vnic_details {
[2026-01-19 02:21:50] [CMD] [32m+[0m[0m assign_ipv6ip          = (known after apply)
[2026-01-19 02:21:50] [CMD] [32m+[0m[0m assign_public_ip       = "true"
[2026-01-19 02:21:50] [CMD] [32m+[0m[0m defined_tags           = (known after apply)
[2026-01-19 02:21:50] [CMD] [32m+[0m[0m display_name           = (known after apply)
[2026-01-19 02:21:50] [CMD] [32m+[0m[0m freeform_tags          = (known after apply)
[2026-01-19 02:21:50] [CMD] [32m+[0m[0m hostname_label         = (known after apply)
[2026-01-19 02:21:50] [CMD] [32m+[0m[0m nsg_ids                = (known after apply)
[2026-01-19 02:21:50] [CMD] [32m+[0m[0m private_ip             = (known after apply)
[2026-01-19 02:21:50] [CMD] [32m+[0m[0m security_attributes    = (known after apply)
[2026-01-19 02:21:50] [CMD] [32m+[0m[0m skip_source_dest_check = (known after apply)
[2026-01-19 02:21:50] [CMD] [32m+[0m[0m subnet_cidr            = (known after apply)
[2026-01-19 02:21:50] [CMD] [32m+[0m[0m subnet_id              = "ocid1.subnet.oc1.eu-zurich-1.aaaaaaaaptp3u3on7sblkoxaxhcdb25kke42i7u3j3gqgynzhl3672i3fqwa"
[2026-01-19 02:21:50] [CMD] [32m+[0m[0m vlan_id                = (known after apply)
[2026-01-19 02:21:50] [CMD] 
[2026-01-19 02:21:50] [CMD] [32m+[0m[0m ipv6address_ipv6subnet_cidr_pair_details (known after apply)
[2026-01-19 02:21:50] [CMD] }
[2026-01-19 02:21:50] [CMD] 
[2026-01-19 02:21:50] [CMD] [32m+[0m[0m instance_options (known after apply)
[2026-01-19 02:21:50] [CMD] 
[2026-01-19 02:21:50] [CMD] [32m+[0m[0m launch_options (known after apply)
[2026-01-19 02:21:50] [CMD] 
[2026-01-19 02:21:50] [CMD] [32m+[0m[0m launch_volume_attachments (known after apply)
[2026-01-19 02:21:50] [CMD] 
[2026-01-19 02:21:50] [CMD] [32m+[0m[0m licensing_configs (known after apply)
[2026-01-19 02:21:50] [CMD] 
[2026-01-19 02:21:50] [CMD] [32m+[0m[0m placement_constraint_details (known after apply)
[2026-01-19 02:21:50] [CMD] 
[2026-01-19 02:21:50] [CMD] [32m+[0m[0m platform_config (known after apply)
[2026-01-19 02:21:50] [CMD] 
[2026-01-19 02:21:50] [CMD] [32m+[0m[0m preemptible_instance_config (known after apply)
[2026-01-19 02:21:50] [CMD] 
[2026-01-19 02:21:50] [CMD] [32m+[0m[0m shape_config {
[2026-01-19 02:21:50] [CMD] [32m+[0m[0m baseline_ocpu_utilization     = (known after apply)
[2026-01-19 02:21:50] [CMD] [32m+[0m[0m gpu_description               = (known after apply)
[2026-01-19 02:21:50] [CMD] [32m+[0m[0m gpus                          = (known after apply)
[2026-01-19 02:21:50] [CMD] [32m+[0m[0m local_disk_description        = (known after apply)
[2026-01-19 02:21:50] [CMD] [32m+[0m[0m local_disks                   = (known after apply)
[2026-01-19 02:21:50] [CMD] [32m+[0m[0m local_disks_total_size_in_gbs = (known after apply)
[2026-01-19 02:21:50] [CMD] [32m+[0m[0m max_vnic_attachments          = (known after apply)
[2026-01-19 02:21:50] [CMD] [32m+[0m[0m memory_in_gbs                 = 12
[2026-01-19 02:21:50] [CMD] [32m+[0m[0m networking_bandwidth_in_gbps  = (known after apply)
[2026-01-19 02:21:50] [CMD] [32m+[0m[0m nvmes                         = (known after apply)
[2026-01-19 02:21:50] [CMD] [32m+[0m[0m ocpus                         = 2
[2026-01-19 02:21:50] [CMD] [32m+[0m[0m processor_description         = (known after apply)
[2026-01-19 02:21:50] [CMD] [32m+[0m[0m resource_management           = (known after apply)
[2026-01-19 02:21:50] [CMD] [32m+[0m[0m vcpus                         = (known after apply)
[2026-01-19 02:21:50] [CMD] }
[2026-01-19 02:21:50] [CMD] 
[2026-01-19 02:21:50] [CMD] [32m+[0m[0m source_details {
[2026-01-19 02:21:50] [CMD] [32m+[0m[0m boot_volume_size_in_gbs = "100"
[2026-01-19 02:21:50] [CMD] [32m+[0m[0m boot_volume_vpus_per_gb = (known after apply)
[2026-01-19 02:21:50] [CMD] [32m+[0m[0m source_id               = "ocid1.image.oc1.eu-zurich-1.aaaaaaaaeiej3u3vj6qwpezhuzfvttqizv5hs424weni5dffwryitayitiia"
[2026-01-19 02:21:50] [CMD] [32m+[0m[0m source_type             = "image"
[2026-01-19 02:21:50] [CMD] 
[2026-01-19 02:21:50] [CMD] [32m+[0m[0m instance_source_image_filter_details (known after apply)
[2026-01-19 02:21:50] [CMD] }
[2026-01-19 02:21:50] [CMD] }
[2026-01-19 02:21:50] [CMD] 
[2026-01-19 02:21:50] [CMD] [1mPlan:[0m [0m2 to add, 0 to change, 0 to destroy.
[2026-01-19 02:21:50] [CMD] 
[2026-01-19 02:21:50] [CMD] Changes to Outputs:
[2026-01-19 02:21:50] [CMD] [32m+[0m[0m oci_worker_ips       = [
[2026-01-19 02:21:50] [CMD] [32m+[0m[0m (known after apply),
[2026-01-19 02:21:50] [CMD] [32m+[0m[0m (known after apply),
[2026-01-19 02:21:50] [CMD] ]
[2026-01-19 02:21:51] [CMD] [0m[1mmodule.oci_workers.oci_core_instance.vm[1]: Creating...[0m[0m
[2026-01-19 02:21:51] [CMD] [0m[1mmodule.oci_workers.oci_core_instance.vm[0]: Creating...[0m[0m
[2026-01-19 02:21:54] [CMD] [33m╷[0m[0m
[2026-01-19 02:21:54] [CMD] [33m│[0m [0m[1m[33mWarning: [0m[0m[1mValue for undeclared variable[0m
[2026-01-19 02:21:54] [CMD] [33m│[0m [0m
[2026-01-19 02:21:54] [CMD] [33m│[0m [0m[0mThe root module does not declare a variable named "gcp_image" but a value
[2026-01-19 02:21:54] [CMD] [33m│[0m [0mwas found in file "terraform.tfvars". If you meant to use this value, add a
[2026-01-19 02:21:54] [CMD] [33m│[0m [0m"variable" block to the configuration.
[2026-01-19 02:21:54] [CMD] [33m│[0m [0m
[2026-01-19 02:21:54] [CMD] [33m│[0m [0mTo silence these warnings, use TF_VAR_... environment variables to provide
[2026-01-19 02:21:54] [CMD] [33m│[0m [0mcertain "global" settings to all configurations in your organization. To
[2026-01-19 02:21:54] [CMD] [33m│[0m [0mreduce the verbosity of these warnings, use the -compact-warnings option.
[2026-01-19 02:21:54] [CMD] [33m╵[0m[0m
[2026-01-19 02:21:54] [CMD] [31m╷[0m[0m
[2026-01-19 02:21:54] [CMD] [31m│[0m [0m[1m[31mError: [0m[0m[1m500-InternalError, Out of host capacity.
[2026-01-19 02:21:54] [CMD] [31m│[0m [0mSuggestion: The service for this resource encountered an error. Please contact support for help with service: Core Instance
[2026-01-19 02:21:54] [CMD] [31m│[0m [0mDocumentation: https://registry.terraform.io/providers/oracle/oci/latest/docs/resources/core_instance
[2026-01-19 02:21:54] [CMD] [31m│[0m [0mAPI Reference: https://docs.oracle.com/iaas/api/#/en/iaas/20160918/Instance/LaunchInstance
[2026-01-19 02:21:54] [CMD] [31m│[0m [0mRequest Target: POST https://iaas.eu-zurich-1.oraclecloud.com/20160918/instances
[2026-01-19 02:21:54] [CMD] [31m│[0m [0mProvider version: 7.29.0, released on 2025-12-16. This provider is 4 Update(s) behind to current.
[2026-01-19 02:21:54] [CMD] [31m│[0m [0mService: Core Instance
[2026-01-19 02:21:54] [CMD] [31m│[0m [0mOperation Name: LaunchInstance
[2026-01-19 02:21:54] [CMD] [31m│[0m [0mOPC request ID: 2660731f1f86b622b23d76817337afa5/A3A2CEB2D5C00A2040956D695A5248BC/05E924EF3F66D2AF28F9BC2A2084AF4A
[2026-01-19 02:21:54] [CMD] [31m│[0m [0m[0m
[2026-01-19 02:21:54] [CMD] [31m│[0m [0m
[2026-01-19 02:21:54] [CMD] [31m│[0m [0m[0m  with module.oci_workers.oci_core_instance.vm[1],
[2026-01-19 02:21:54] [CMD] [31m│[0m [0m  on ../modules/oci-instance/main.tf line 37, in resource "oci_core_instance" "vm":
[2026-01-19 02:21:54] [CMD] [31m│[0m [0m  37: resource "oci_core_instance" "vm" [4m{[0m[0m
[2026-01-19 02:21:54] [CMD] [31m│[0m [0m
[2026-01-19 02:21:54] [CMD] [31m╵[0m[0m
[2026-01-19 02:21:54] [CMD] [31m╷[0m[0m
[2026-01-19 02:21:54] [CMD] [31m│[0m [0m[1m[31mError: [0m[0m[1m500-InternalError, Out of host capacity.
[2026-01-19 02:21:54] [CMD] [31m│[0m [0mSuggestion: The service for this resource encountered an error. Please contact support for help with service: Core Instance
[2026-01-19 02:21:54] [CMD] [31m│[0m [0mDocumentation: https://registry.terraform.io/providers/oracle/oci/latest/docs/resources/core_instance
[2026-01-19 02:21:54] [CMD] [31m│[0m [0mAPI Reference: https://docs.oracle.com/iaas/api/#/en/iaas/20160918/Instance/LaunchInstance
[2026-01-19 02:21:54] [CMD] [31m│[0m [0mRequest Target: POST https://iaas.eu-zurich-1.oraclecloud.com/20160918/instances
[2026-01-19 02:21:54] [CMD] [31m│[0m [0mProvider version: 7.29.0, released on 2025-12-16. This provider is 4 Update(s) behind to current.
[2026-01-19 02:21:54] [CMD] [31m│[0m [0mService: Core Instance
[2026-01-19 02:21:54] [CMD] [31m│[0m [0mOperation Name: LaunchInstance
[2026-01-19 02:21:54] [CMD] [31m│[0m [0mOPC request ID: f57db96e35dabaa61576bf5678cfae6c/6199017EFA39E6FB40956D695A5248A8/7E5C5C5BC0F0680525913A7BB642EB97
[2026-01-19 02:21:54] [CMD] [31m│[0m [0m[0m
[2026-01-19 02:21:54] [CMD] [31m│[0m [0m
[2026-01-19 02:21:54] [CMD] [31m│[0m [0m[0m  with module.oci_workers.oci_core_instance.vm[0],
[2026-01-19 02:21:54] [CMD] [31m│[0m [0m  on ../modules/oci-instance/main.tf line 37, in resource "oci_core_instance" "vm":
[2026-01-19 02:21:54] [CMD] [31m│[0m [0m  37: resource "oci_core_instance" "vm" [4m{[0m[0m
[2026-01-19 02:21:54] [CMD] [31m│[0m [0m
[2026-01-19 02:21:54] [CMD] [31m╵[0m[0m
[2026-01-19 02:21:54] Command failed with exit code 1.
[2026-01-19 02:21:54] Task failed. Retrying in 300 seconds...
[2026-01-19 02:26:54] Attempting to run: terraform apply --auto-approve
[2026-01-19 02:26:54] Working Directory: /home/buffalo/Documents/Project/kubernetes-infra/terraform/kls-infra-02
[2026-01-19 02:27:01] [CMD] [0m[1mmodule.oci_workers.data.oci_identity_availability_domains.ads: Reading...[0m[0m
[2026-01-19 02:27:01] [CMD] [0m[1mmodule.oci_workers.data.oci_core_images.ubuntu_amd: Reading...[0m[0m
[2026-01-19 02:27:01] [CMD] [0m[1mmodule.oci_controlplane.data.oci_core_images.ubuntu_amd: Reading...[0m[0m
[2026-01-19 02:27:01] [CMD] [0m[1mmodule.oci_workers.data.oci_core_images.ubuntu_arm: Reading...[0m[0m
[2026-01-19 02:27:01] [CMD] [0m[1mmodule.oci_controlplane.data.oci_identity_availability_domains.ads: Reading...[0m[0m
[2026-01-19 02:27:01] [CMD] [0m[1mmodule.oci_controlplane.data.oci_core_images.ubuntu_arm: Reading...[0m[0m
[2026-01-19 02:27:02] [CMD] [0m[1mmodule.oci_workers.data.oci_identity_availability_domains.ads: Read complete after 2s [id=IdentityAvailabilityDomainsDataSource-2634143273][0m
[2026-01-19 02:27:03] [CMD] [0m[1mmodule.oci_workers.data.oci_core_images.ubuntu_amd: Read complete after 2s [id=CoreImagesDataSource-4182059877][0m
[2026-01-19 02:27:03] [CMD] [0m[1mmodule.oci_controlplane.data.oci_core_images.ubuntu_amd: Read complete after 2s [id=CoreImagesDataSource-4182059877][0m
[2026-01-19 02:27:03] [CMD] [0m[1mmodule.oci_workers.data.oci_core_images.ubuntu_arm: Read complete after 2s [id=CoreImagesDataSource-1596659991][0m
[2026-01-19 02:27:03] [CMD] [0m[1mmodule.oci_controlplane.data.oci_identity_availability_domains.ads: Read complete after 2s [id=IdentityAvailabilityDomainsDataSource-2634143273][0m
[2026-01-19 02:27:03] [CMD] [0m[1mmodule.oci_controlplane.data.oci_core_images.ubuntu_arm: Read complete after 2s [id=CoreImagesDataSource-1596659991][0m
[2026-01-19 02:27:03] [CMD] [0m[1mmodule.aws_worker.data.aws_ami.ubuntu: Reading...[0m[0m
[2026-01-19 02:27:03] [CMD] [0m[1mmodule.gcp_worker.data.google_compute_image.ubuntu: Reading...[0m[0m
[2026-01-19 02:27:04] [CMD] [0m[1mmodule.gcp_worker.data.google_compute_image.ubuntu: Read complete after 2s [id=projects/ubuntu-os-cloud/global/images/ubuntu-2404-noble-amd64-v20260117][0m
[2026-01-19 02:27:05] [CMD] [0m[1mmodule.aws_worker.data.aws_ami.ubuntu: Read complete after 2s [id=ami-01637463b2cbe7cb6][0m
[2026-01-19 02:27:05] [CMD] 
[2026-01-19 02:27:05] [CMD] Terraform used the selected providers to generate the following execution
[2026-01-19 02:27:05] [CMD] plan. Resource actions are indicated with the following symbols:
[2026-01-19 02:27:05] [CMD] [32m+[0m create[0m
[2026-01-19 02:27:05] [CMD] 
[2026-01-19 02:27:05] [CMD] Terraform will perform the following actions:
[2026-01-19 02:27:05] [CMD] 
[2026-01-19 02:27:05] [CMD] [1m  # module.oci_workers.oci_core_instance.vm[0][0m will be created
[2026-01-19 02:27:05] [CMD] [0m  [32m+[0m[0m resource "oci_core_instance" "vm" {
[2026-01-19 02:27:05] [CMD] [32m+[0m[0m availability_domain                 = "Okvh:EU-ZURICH-1-AD-1"
[2026-01-19 02:27:05] [CMD] [32m+[0m[0m boot_volume_id                      = (known after apply)
[2026-01-19 02:27:05] [CMD] [32m+[0m[0m capacity_reservation_id             = (known after apply)
[2026-01-19 02:27:05] [CMD] [32m+[0m[0m compartment_id                      = "ocid1.compartment.oc1..aaaaaaaaqosxqzxlkkoruo6yxntlv2u6653ox7uqc46fhpid6ezj6gi73zzq"
[2026-01-19 02:27:05] [CMD] [32m+[0m[0m compute_cluster_id                  = (known after apply)
[2026-01-19 02:27:05] [CMD] [32m+[0m[0m dedicated_vm_host_id                = (known after apply)
[2026-01-19 02:27:05] [CMD] [32m+[0m[0m defined_tags                        = (known after apply)
[2026-01-19 02:27:05] [CMD] [32m+[0m[0m display_name                        = "oci-kls-worker-201"
[2026-01-19 02:27:05] [CMD] [32m+[0m[0m extended_metadata                   = (known after apply)
[2026-01-19 02:27:05] [CMD] [32m+[0m[0m fault_domain                        = (known after apply)
[2026-01-19 02:27:05] [CMD] [32m+[0m[0m freeform_tags                       = {
[2026-01-19 02:27:05] [CMD] [32m+[0m[0m "Role" = "worker"
[2026-01-19 02:27:05] [CMD] }
[2026-01-19 02:27:05] [CMD] [32m+[0m[0m hostname_label                      = (known after apply)
[2026-01-19 02:27:05] [CMD] [32m+[0m[0m id                                  = (known after apply)
[2026-01-19 02:27:05] [CMD] [32m+[0m[0m image                               = (known after apply)
[2026-01-19 02:27:05] [CMD] [32m+[0m[0m instance_configuration_id           = (known after apply)
[2026-01-19 02:27:05] [CMD] [32m+[0m[0m ipxe_script                         = (known after apply)
[2026-01-19 02:27:05] [CMD] [32m+[0m[0m is_ai_enterprise_enabled            = (known after apply)
[2026-01-19 02:27:05] [CMD] [32m+[0m[0m is_cross_numa_node                  = (known after apply)
[2026-01-19 02:27:05] [CMD] [32m+[0m[0m is_pv_encryption_in_transit_enabled = (known after apply)
[2026-01-19 02:27:05] [CMD] [32m+[0m[0m launch_mode                         = (known after apply)
[2026-01-19 02:27:05] [CMD] [32m+[0m[0m metadata                            = {
[2026-01-19 02:27:05] [CMD] [32m+[0m[0m "ssh_authorized_keys" = <<-EOT
[2026-01-19 02:27:05] [CMD] ssh-rsa AAAAB3NzaC1yc2EAAAADAQABAAABAQDGgVhlH0TFnfQFaCNk5ZHRBYiQgXjS+GiWKUK4iChAdMxHAupZf6kMVTWJZi5tHfsUqYdopwPAmoqpmYc/5AXrkYXyepRHNf/gGSp3Q1BrWH6+jhPBF/2fx65NrUqFTm3muuD3aPvepWA4oobcrT9FJN7HPZQ6N+N32GpM3IY5pbDhlTOkAwR6HLEFXdem8hJ7/GlV5Aw8qiQxhOsqLScN5deJlLsncsQfdSxEFhgrWrNOvAZaItk2q/jzq6I+zQE6WS8pGYu0vRA5hHNXxVdh+PnMavmA2rTzh4g+ATfAqjeA2gYlfQH5Nz9HhzXQGciQDZpUlsjGWWX0OcQ7+1tB buffalo@buffalo-IdeaPad-1
[2026-01-19 02:27:05] [CMD] EOT
[2026-01-19 02:27:05] [CMD] }
[2026-01-19 02:27:05] [CMD] [32m+[0m[0m private_ip                          = (known after apply)
[2026-01-19 02:27:05] [CMD] [32m+[0m[0m public_ip                           = (known after apply)
[2026-01-19 02:27:05] [CMD] [32m+[0m[0m region                              = (known after apply)
[2026-01-19 02:27:05] [CMD] [32m+[0m[0m security_attributes                 = (known after apply)
[2026-01-19 02:27:05] [CMD] [32m+[0m[0m security_attributes_state           = (known after apply)
[2026-01-19 02:27:05] [CMD] [32m+[0m[0m shape                               = "VM.Standard.A1.Flex"
[2026-01-19 02:27:05] [CMD] [32m+[0m[0m state                               = (known after apply)
[2026-01-19 02:27:05] [CMD] [32m+[0m[0m subnet_id                           = (known after apply)
[2026-01-19 02:27:05] [CMD] [32m+[0m[0m system_tags                         = (known after apply)
[2026-01-19 02:27:05] [CMD] [32m+[0m[0m time_created                        = (known after apply)
[2026-01-19 02:27:05] [CMD] [32m+[0m[0m time_maintenance_reboot_due         = (known after apply)
[2026-01-19 02:27:05] [CMD] 
[2026-01-19 02:27:05] [CMD] [32m+[0m[0m agent_config (known after apply)
[2026-01-19 02:27:05] [CMD] 
[2026-01-19 02:27:05] [CMD] [32m+[0m[0m availability_config (known after apply)
[2026-01-19 02:27:05] [CMD] 
[2026-01-19 02:27:05] [CMD] [32m+[0m[0m create_vnic_details {
[2026-01-19 02:27:05] [CMD] [32m+[0m[0m assign_ipv6ip          = (known after apply)
[2026-01-19 02:27:05] [CMD] [32m+[0m[0m assign_public_ip       = "true"
[2026-01-19 02:27:05] [CMD] [32m+[0m[0m defined_tags           = (known after apply)
[2026-01-19 02:27:05] [CMD] [32m+[0m[0m display_name           = (known after apply)
[2026-01-19 02:27:05] [CMD] [32m+[0m[0m freeform_tags          = (known after apply)
[2026-01-19 02:27:05] [CMD] [32m+[0m[0m hostname_label         = (known after apply)
[2026-01-19 02:27:05] [CMD] [32m+[0m[0m nsg_ids                = (known after apply)
[2026-01-19 02:27:05] [CMD] [32m+[0m[0m private_ip             = (known after apply)
[2026-01-19 02:27:05] [CMD] [32m+[0m[0m security_attributes    = (known after apply)
[2026-01-19 02:27:05] [CMD] [32m+[0m[0m skip_source_dest_check = (known after apply)
[2026-01-19 02:27:05] [CMD] [32m+[0m[0m subnet_cidr            = (known after apply)
[2026-01-19 02:27:05] [CMD] [32m+[0m[0m subnet_id              = "ocid1.subnet.oc1.eu-zurich-1.aaaaaaaaptp3u3on7sblkoxaxhcdb25kke42i7u3j3gqgynzhl3672i3fqwa"
[2026-01-19 02:27:05] [CMD] [32m+[0m[0m vlan_id                = (known after apply)
[2026-01-19 02:27:05] [CMD] 
[2026-01-19 02:27:05] [CMD] [32m+[0m[0m ipv6address_ipv6subnet_cidr_pair_details (known after apply)
[2026-01-19 02:27:05] [CMD] }
[2026-01-19 02:27:05] [CMD] 
[2026-01-19 02:27:05] [CMD] [32m+[0m[0m instance_options (known after apply)
[2026-01-19 02:27:05] [CMD] 
[2026-01-19 02:27:05] [CMD] [32m+[0m[0m launch_options (known after apply)
[2026-01-19 02:27:05] [CMD] 
[2026-01-19 02:27:05] [CMD] [32m+[0m[0m launch_volume_attachments (known after apply)
[2026-01-19 02:27:05] [CMD] 
[2026-01-19 02:27:05] [CMD] [32m+[0m[0m licensing_configs (known after apply)
[2026-01-19 02:27:05] [CMD] 
[2026-01-19 02:27:05] [CMD] [32m+[0m[0m placement_constraint_details (known after apply)
[2026-01-19 02:27:05] [CMD] 
[2026-01-19 02:27:05] [CMD] [32m+[0m[0m platform_config (known after apply)
[2026-01-19 02:27:05] [CMD] 
[2026-01-19 02:27:05] [CMD] [32m+[0m[0m preemptible_instance_config (known after apply)
[2026-01-19 02:27:05] [CMD] 
[2026-01-19 02:27:05] [CMD] [32m+[0m[0m shape_config {
[2026-01-19 02:27:05] [CMD] [32m+[0m[0m baseline_ocpu_utilization     = (known after apply)
[2026-01-19 02:27:05] [CMD] [32m+[0m[0m gpu_description               = (known after apply)
[2026-01-19 02:27:05] [CMD] [32m+[0m[0m gpus                          = (known after apply)
[2026-01-19 02:27:05] [CMD] [32m+[0m[0m local_disk_description        = (known after apply)
[2026-01-19 02:27:05] [CMD] [32m+[0m[0m local_disks                   = (known after apply)
[2026-01-19 02:27:05] [CMD] [32m+[0m[0m local_disks_total_size_in_gbs = (known after apply)
[2026-01-19 02:27:05] [CMD] [32m+[0m[0m max_vnic_attachments          = (known after apply)
[2026-01-19 02:27:05] [CMD] [32m+[0m[0m memory_in_gbs                 = 12
[2026-01-19 02:27:05] [CMD] [32m+[0m[0m networking_bandwidth_in_gbps  = (known after apply)
[2026-01-19 02:27:05] [CMD] [32m+[0m[0m nvmes                         = (known after apply)
[2026-01-19 02:27:05] [CMD] [32m+[0m[0m ocpus                         = 2
[2026-01-19 02:27:05] [CMD] [32m+[0m[0m processor_description         = (known after apply)
[2026-01-19 02:27:05] [CMD] [32m+[0m[0m resource_management           = (known after apply)
[2026-01-19 02:27:05] [CMD] [32m+[0m[0m vcpus                         = (known after apply)
[2026-01-19 02:27:05] [CMD] }
[2026-01-19 02:27:05] [CMD] 
[2026-01-19 02:27:05] [CMD] [32m+[0m[0m source_details {
[2026-01-19 02:27:05] [CMD] [32m+[0m[0m boot_volume_size_in_gbs = "100"
[2026-01-19 02:27:05] [CMD] [32m+[0m[0m boot_volume_vpus_per_gb = (known after apply)
[2026-01-19 02:27:05] [CMD] [32m+[0m[0m source_id               = "ocid1.image.oc1.eu-zurich-1.aaaaaaaaeiej3u3vj6qwpezhuzfvttqizv5hs424weni5dffwryitayitiia"
[2026-01-19 02:27:05] [CMD] [32m+[0m[0m source_type             = "image"
[2026-01-19 02:27:05] [CMD] 
[2026-01-19 02:27:05] [CMD] [32m+[0m[0m instance_source_image_filter_details (known after apply)
[2026-01-19 02:27:05] [CMD] }
[2026-01-19 02:27:05] [CMD] }
[2026-01-19 02:27:05] [CMD] 
[2026-01-19 02:27:05] [CMD] [1m  # module.oci_workers.oci_core_instance.vm[1][0m will be created
[2026-01-19 02:27:05] [CMD] [0m  [32m+[0m[0m resource "oci_core_instance" "vm" {
[2026-01-19 02:27:05] [CMD] [32m+[0m[0m availability_domain                 = "Okvh:EU-ZURICH-1-AD-1"
[2026-01-19 02:27:05] [CMD] [32m+[0m[0m boot_volume_id                      = (known after apply)
[2026-01-19 02:27:05] [CMD] [32m+[0m[0m capacity_reservation_id             = (known after apply)
[2026-01-19 02:27:05] [CMD] [32m+[0m[0m compartment_id                      = "ocid1.compartment.oc1..aaaaaaaaqosxqzxlkkoruo6yxntlv2u6653ox7uqc46fhpid6ezj6gi73zzq"
[2026-01-19 02:27:05] [CMD] [32m+[0m[0m compute_cluster_id                  = (known after apply)
[2026-01-19 02:27:05] [CMD] [32m+[0m[0m dedicated_vm_host_id                = (known after apply)
[2026-01-19 02:27:05] [CMD] [32m+[0m[0m defined_tags                        = (known after apply)
[2026-01-19 02:27:05] [CMD] [32m+[0m[0m display_name                        = "oci-kls-worker-202"
[2026-01-19 02:27:05] [CMD] [32m+[0m[0m extended_metadata                   = (known after apply)
[2026-01-19 02:27:05] [CMD] [32m+[0m[0m fault_domain                        = (known after apply)
[2026-01-19 02:27:05] [CMD] [32m+[0m[0m freeform_tags                       = {
[2026-01-19 02:27:05] [CMD] [32m+[0m[0m "Role" = "worker"
[2026-01-19 02:27:05] [CMD] }
[2026-01-19 02:27:05] [CMD] [32m+[0m[0m hostname_label                      = (known after apply)
[2026-01-19 02:27:05] [CMD] [32m+[0m[0m id                                  = (known after apply)
[2026-01-19 02:27:05] [CMD] [32m+[0m[0m image                               = (known after apply)
[2026-01-19 02:27:05] [CMD] [32m+[0m[0m instance_configuration_id           = (known after apply)
[2026-01-19 02:27:05] [CMD] [32m+[0m[0m ipxe_script                         = (known after apply)
[2026-01-19 02:27:05] [CMD] [32m+[0m[0m is_ai_enterprise_enabled            = (known after apply)
[2026-01-19 02:27:05] [CMD] [32m+[0m[0m is_cross_numa_node                  = (known after apply)
[2026-01-19 02:27:05] [CMD] [32m+[0m[0m is_pv_encryption_in_transit_enabled = (known after apply)
[2026-01-19 02:27:05] [CMD] [32m+[0m[0m launch_mode                         = (known after apply)
[2026-01-19 02:27:05] [CMD] [32m+[0m[0m metadata                            = {
[2026-01-19 02:27:05] [CMD] [32m+[0m[0m "ssh_authorized_keys" = <<-EOT
[2026-01-19 02:27:05] [CMD] ssh-rsa AAAAB3NzaC1yc2EAAAADAQABAAABAQDGgVhlH0TFnfQFaCNk5ZHRBYiQgXjS+GiWKUK4iChAdMxHAupZf6kMVTWJZi5tHfsUqYdopwPAmoqpmYc/5AXrkYXyepRHNf/gGSp3Q1BrWH6+jhPBF/2fx65NrUqFTm3muuD3aPvepWA4oobcrT9FJN7HPZQ6N+N32GpM3IY5pbDhlTOkAwR6HLEFXdem8hJ7/GlV5Aw8qiQxhOsqLScN5deJlLsncsQfdSxEFhgrWrNOvAZaItk2q/jzq6I+zQE6WS8pGYu0vRA5hHNXxVdh+PnMavmA2rTzh4g+ATfAqjeA2gYlfQH5Nz9HhzXQGciQDZpUlsjGWWX0OcQ7+1tB buffalo@buffalo-IdeaPad-1
[2026-01-19 02:27:05] [CMD] EOT
[2026-01-19 02:27:05] [CMD] }
[2026-01-19 02:27:05] [CMD] [32m+[0m[0m private_ip                          = (known after apply)
[2026-01-19 02:27:05] [CMD] [32m+[0m[0m public_ip                           = (known after apply)
[2026-01-19 02:27:05] [CMD] [32m+[0m[0m region                              = (known after apply)
[2026-01-19 02:27:05] [CMD] [32m+[0m[0m security_attributes                 = (known after apply)
[2026-01-19 02:27:05] [CMD] [32m+[0m[0m security_attributes_state           = (known after apply)
[2026-01-19 02:27:05] [CMD] [32m+[0m[0m shape                               = "VM.Standard.A1.Flex"
[2026-01-19 02:27:05] [CMD] [32m+[0m[0m state                               = (known after apply)
[2026-01-19 02:27:05] [CMD] [32m+[0m[0m subnet_id                           = (known after apply)
[2026-01-19 02:27:05] [CMD] [32m+[0m[0m system_tags                         = (known after apply)
[2026-01-19 02:27:05] [CMD] [32m+[0m[0m time_created                        = (known after apply)
[2026-01-19 02:27:05] [CMD] [32m+[0m[0m time_maintenance_reboot_due         = (known after apply)
[2026-01-19 02:27:05] [CMD] 
[2026-01-19 02:27:05] [CMD] [32m+[0m[0m agent_config (known after apply)
[2026-01-19 02:27:05] [CMD] 
[2026-01-19 02:27:05] [CMD] [32m+[0m[0m availability_config (known after apply)
[2026-01-19 02:27:05] [CMD] 
[2026-01-19 02:27:05] [CMD] [32m+[0m[0m create_vnic_details {
[2026-01-19 02:27:05] [CMD] [32m+[0m[0m assign_ipv6ip          = (known after apply)
[2026-01-19 02:27:05] [CMD] [32m+[0m[0m assign_public_ip       = "true"
[2026-01-19 02:27:05] [CMD] [32m+[0m[0m defined_tags           = (known after apply)
[2026-01-19 02:27:05] [CMD] [32m+[0m[0m display_name           = (known after apply)
[2026-01-19 02:27:05] [CMD] [32m+[0m[0m freeform_tags          = (known after apply)
[2026-01-19 02:27:05] [CMD] [32m+[0m[0m hostname_label         = (known after apply)
[2026-01-19 02:27:05] [CMD] [32m+[0m[0m nsg_ids                = (known after apply)
[2026-01-19 02:27:05] [CMD] [32m+[0m[0m private_ip             = (known after apply)
[2026-01-19 02:27:05] [CMD] [32m+[0m[0m security_attributes    = (known after apply)
[2026-01-19 02:27:05] [CMD] [32m+[0m[0m skip_source_dest_check = (known after apply)
[2026-01-19 02:27:05] [CMD] [32m+[0m[0m subnet_cidr            = (known after apply)
[2026-01-19 02:27:05] [CMD] [32m+[0m[0m subnet_id              = "ocid1.subnet.oc1.eu-zurich-1.aaaaaaaaptp3u3on7sblkoxaxhcdb25kke42i7u3j3gqgynzhl3672i3fqwa"
[2026-01-19 02:27:05] [CMD] [32m+[0m[0m vlan_id                = (known after apply)
[2026-01-19 02:27:05] [CMD] 
[2026-01-19 02:27:05] [CMD] [32m+[0m[0m ipv6address_ipv6subnet_cidr_pair_details (known after apply)
[2026-01-19 02:27:05] [CMD] }
[2026-01-19 02:27:05] [CMD] 
[2026-01-19 02:27:05] [CMD] [32m+[0m[0m instance_options (known after apply)
[2026-01-19 02:27:05] [CMD] 
[2026-01-19 02:27:05] [CMD] [32m+[0m[0m launch_options (known after apply)
[2026-01-19 02:27:05] [CMD] 
[2026-01-19 02:27:05] [CMD] [32m+[0m[0m launch_volume_attachments (known after apply)
[2026-01-19 02:27:05] [CMD] 
[2026-01-19 02:27:05] [CMD] [32m+[0m[0m licensing_configs (known after apply)
[2026-01-19 02:27:05] [CMD] 
[2026-01-19 02:27:05] [CMD] [32m+[0m[0m placement_constraint_details (known after apply)
[2026-01-19 02:27:05] [CMD] 
[2026-01-19 02:27:05] [CMD] [32m+[0m[0m platform_config (known after apply)
[2026-01-19 02:27:05] [CMD] 
[2026-01-19 02:27:05] [CMD] [32m+[0m[0m preemptible_instance_config (known after apply)
[2026-01-19 02:27:05] [CMD] 
[2026-01-19 02:27:05] [CMD] [32m+[0m[0m shape_config {
[2026-01-19 02:27:05] [CMD] [32m+[0m[0m baseline_ocpu_utilization     = (known after apply)
[2026-01-19 02:27:05] [CMD] [32m+[0m[0m gpu_description               = (known after apply)
[2026-01-19 02:27:05] [CMD] [32m+[0m[0m gpus                          = (known after apply)
[2026-01-19 02:27:05] [CMD] [32m+[0m[0m local_disk_description        = (known after apply)
[2026-01-19 02:27:05] [CMD] [32m+[0m[0m local_disks                   = (known after apply)
[2026-01-19 02:27:05] [CMD] [32m+[0m[0m local_disks_total_size_in_gbs = (known after apply)
[2026-01-19 02:27:05] [CMD] [32m+[0m[0m max_vnic_attachments          = (known after apply)
[2026-01-19 02:27:05] [CMD] [32m+[0m[0m memory_in_gbs                 = 12
[2026-01-19 02:27:05] [CMD] [32m+[0m[0m networking_bandwidth_in_gbps  = (known after apply)
[2026-01-19 02:27:05] [CMD] [32m+[0m[0m nvmes                         = (known after apply)
[2026-01-19 02:27:05] [CMD] [32m+[0m[0m ocpus                         = 2
[2026-01-19 02:27:05] [CMD] [32m+[0m[0m processor_description         = (known after apply)
[2026-01-19 02:27:05] [CMD] [32m+[0m[0m resource_management           = (known after apply)
[2026-01-19 02:27:05] [CMD] [32m+[0m[0m vcpus                         = (known after apply)
[2026-01-19 02:27:05] [CMD] }
[2026-01-19 02:27:05] [CMD] 
[2026-01-19 02:27:05] [CMD] [32m+[0m[0m source_details {
[2026-01-19 02:27:05] [CMD] [32m+[0m[0m boot_volume_size_in_gbs = "100"
[2026-01-19 02:27:05] [CMD] [32m+[0m[0m boot_volume_vpus_per_gb = (known after apply)
[2026-01-19 02:27:05] [CMD] [32m+[0m[0m source_id               = "ocid1.image.oc1.eu-zurich-1.aaaaaaaaeiej3u3vj6qwpezhuzfvttqizv5hs424weni5dffwryitayitiia"
[2026-01-19 02:27:05] [CMD] [32m+[0m[0m source_type             = "image"
[2026-01-19 02:27:05] [CMD] 
[2026-01-19 02:27:05] [CMD] [32m+[0m[0m instance_source_image_filter_details (known after apply)
[2026-01-19 02:27:05] [CMD] }
[2026-01-19 02:27:05] [CMD] }
[2026-01-19 02:27:05] [CMD] 
[2026-01-19 02:27:05] [CMD] [1mPlan:[0m [0m2 to add, 0 to change, 0 to destroy.
[2026-01-19 02:27:05] [CMD] 
[2026-01-19 02:27:05] [CMD] Changes to Outputs:
[2026-01-19 02:27:05] [CMD] [32m+[0m[0m oci_worker_ips       = [
[2026-01-19 02:27:05] [CMD] [32m+[0m[0m (known after apply),
[2026-01-19 02:27:05] [CMD] [32m+[0m[0m (known after apply),
[2026-01-19 02:27:05] [CMD] ]
[2026-01-19 02:27:06] [CMD] [0m[1mmodule.oci_workers.oci_core_instance.vm[1]: Creating...[0m[0m
[2026-01-19 02:27:06] [CMD] [0m[1mmodule.oci_workers.oci_core_instance.vm[0]: Creating...[0m[0m
[2026-01-19 02:27:08] [CMD] [33m╷[0m[0m
[2026-01-19 02:27:08] [CMD] [33m│[0m [0m[1m[33mWarning: [0m[0m[1mValue for undeclared variable[0m
[2026-01-19 02:27:08] [CMD] [33m│[0m [0m
[2026-01-19 02:27:08] [CMD] [33m│[0m [0m[0mThe root module does not declare a variable named "gcp_image" but a value
[2026-01-19 02:27:08] [CMD] [33m│[0m [0mwas found in file "terraform.tfvars". If you meant to use this value, add a
[2026-01-19 02:27:08] [CMD] [33m│[0m [0m"variable" block to the configuration.
[2026-01-19 02:27:08] [CMD] [33m│[0m [0m
[2026-01-19 02:27:08] [CMD] [33m│[0m [0mTo silence these warnings, use TF_VAR_... environment variables to provide
[2026-01-19 02:27:08] [CMD] [33m│[0m [0mcertain "global" settings to all configurations in your organization. To
[2026-01-19 02:27:08] [CMD] [33m│[0m [0mreduce the verbosity of these warnings, use the -compact-warnings option.
[2026-01-19 02:27:08] [CMD] [33m╵[0m[0m
[2026-01-19 02:27:08] [CMD] [31m╷[0m[0m
[2026-01-19 02:27:08] [CMD] [31m│[0m [0m[1m[31mError: [0m[0m[1m500-InternalError, Out of host capacity.
[2026-01-19 02:27:08] [CMD] [31m│[0m [0mSuggestion: The service for this resource encountered an error. Please contact support for help with service: Core Instance
[2026-01-19 02:27:08] [CMD] [31m│[0m [0mDocumentation: https://registry.terraform.io/providers/oracle/oci/latest/docs/resources/core_instance
[2026-01-19 02:27:08] [CMD] [31m│[0m [0mAPI Reference: https://docs.oracle.com/iaas/api/#/en/iaas/20160918/Instance/LaunchInstance
[2026-01-19 02:27:08] [CMD] [31m│[0m [0mRequest Target: POST https://iaas.eu-zurich-1.oraclecloud.com/20160918/instances
[2026-01-19 02:27:08] [CMD] [31m│[0m [0mProvider version: 7.29.0, released on 2025-12-16. This provider is 4 Update(s) behind to current.
[2026-01-19 02:27:08] [CMD] [31m│[0m [0mService: Core Instance
[2026-01-19 02:27:08] [CMD] [31m│[0m [0mOperation Name: LaunchInstance
[2026-01-19 02:27:08] [CMD] [31m│[0m [0mOPC request ID: 94629d7345931243954d8f532df1e11f/B587C7CCD9A8B19E7B966D695A52486B/96FE179662CF095408C9D9AC16C51378
[2026-01-19 02:27:08] [CMD] [31m│[0m [0m[0m
[2026-01-19 02:27:08] [CMD] [31m│[0m [0m
[2026-01-19 02:27:08] [CMD] [31m│[0m [0m[0m  with module.oci_workers.oci_core_instance.vm[1],
[2026-01-19 02:27:08] [CMD] [31m│[0m [0m  on ../modules/oci-instance/main.tf line 37, in resource "oci_core_instance" "vm":
[2026-01-19 02:27:08] [CMD] [31m│[0m [0m  37: resource "oci_core_instance" "vm" [4m{[0m[0m
[2026-01-19 02:27:08] [CMD] [31m│[0m [0m
[2026-01-19 02:27:08] [CMD] [31m╵[0m[0m
[2026-01-19 02:27:08] [CMD] [31m╷[0m[0m
[2026-01-19 02:27:08] [CMD] [31m│[0m [0m[1m[31mError: [0m[0m[1m500-InternalError, Out of host capacity.
[2026-01-19 02:27:08] [CMD] [31m│[0m [0mSuggestion: The service for this resource encountered an error. Please contact support for help with service: Core Instance
[2026-01-19 02:27:08] [CMD] [31m│[0m [0mDocumentation: https://registry.terraform.io/providers/oracle/oci/latest/docs/resources/core_instance
[2026-01-19 02:27:08] [CMD] [31m│[0m [0mAPI Reference: https://docs.oracle.com/iaas/api/#/en/iaas/20160918/Instance/LaunchInstance
[2026-01-19 02:27:08] [CMD] [31m│[0m [0mRequest Target: POST https://iaas.eu-zurich-1.oraclecloud.com/20160918/instances
[2026-01-19 02:27:08] [CMD] [31m│[0m [0mProvider version: 7.29.0, released on 2025-12-16. This provider is 4 Update(s) behind to current.
[2026-01-19 02:27:08] [CMD] [31m│[0m [0mService: Core Instance
[2026-01-19 02:27:08] [CMD] [31m│[0m [0mOperation Name: LaunchInstance
[2026-01-19 02:27:08] [CMD] [31m│[0m [0mOPC request ID: c5cd14e309807b37dcff0b12155a8388/4FB1F6B986DE16047B966D695A5248B9/571CE8A1812EC1733B249F06D086A7F2
[2026-01-19 02:27:08] [CMD] [31m│[0m [0m[0m
[2026-01-19 02:27:08] [CMD] [31m│[0m [0m
[2026-01-19 02:27:08] [CMD] [31m│[0m [0m[0m  with module.oci_workers.oci_core_instance.vm[0],
[2026-01-19 02:27:08] [CMD] [31m│[0m [0m  on ../modules/oci-instance/main.tf line 37, in resource "oci_core_instance" "vm":
[2026-01-19 02:27:08] [CMD] [31m│[0m [0m  37: resource "oci_core_instance" "vm" [4m{[0m[0m
[2026-01-19 02:27:08] [CMD] [31m│[0m [0m
[2026-01-19 02:27:08] [CMD] [31m╵[0m[0m
[2026-01-19 02:27:08] Command failed with exit code 1.
[2026-01-19 02:27:08] Task failed. Retrying in 300 seconds...
[2026-01-19 02:32:08] Attempting to run: terraform apply --auto-approve
[2026-01-19 02:32:08] Working Directory: /home/buffalo/Documents/Project/kubernetes-infra/terraform/kls-infra-02
[2026-01-19 02:32:14] [CMD] [0m[1mmodule.oci_controlplane.data.oci_core_images.ubuntu_amd: Reading...[0m[0m
[2026-01-19 02:32:14] [CMD] [0m[1mmodule.oci_workers.data.oci_identity_availability_domains.ads: Reading...[0m[0m
[2026-01-19 02:32:14] [CMD] [0m[1mmodule.oci_controlplane.data.oci_identity_availability_domains.ads: Reading...[0m[0m
[2026-01-19 02:32:14] [CMD] [0m[1mmodule.oci_workers.data.oci_core_images.ubuntu_arm: Reading...[0m[0m
[2026-01-19 02:32:14] [CMD] [0m[1mmodule.oci_workers.data.oci_core_images.ubuntu_amd: Reading...[0m[0m
[2026-01-19 02:32:14] [CMD] [0m[1mmodule.oci_controlplane.data.oci_core_images.ubuntu_arm: Reading...[0m[0m
[2026-01-19 02:32:16] [CMD] [0m[1mmodule.oci_controlplane.data.oci_identity_availability_domains.ads: Read complete after 1s [id=IdentityAvailabilityDomainsDataSource-2634143273][0m
[2026-01-19 02:32:16] [CMD] [0m[1mmodule.oci_workers.data.oci_identity_availability_domains.ads: Read complete after 1s [id=IdentityAvailabilityDomainsDataSource-2634143273][0m
[2026-01-19 02:32:16] [CMD] [0m[1mmodule.oci_workers.data.oci_core_images.ubuntu_arm: Read complete after 1s [id=CoreImagesDataSource-1596659991][0m
[2026-01-19 02:32:16] [CMD] [0m[1mmodule.oci_controlplane.data.oci_core_images.ubuntu_amd: Read complete after 1s [id=CoreImagesDataSource-4182059877][0m
[2026-01-19 02:32:16] [CMD] [0m[1mmodule.oci_controlplane.data.oci_core_images.ubuntu_arm: Read complete after 1s [id=CoreImagesDataSource-1596659991][0m
[2026-01-19 02:32:16] [CMD] [0m[1mmodule.oci_workers.data.oci_core_images.ubuntu_amd: Read complete after 1s [id=CoreImagesDataSource-4182059877][0m
[2026-01-19 02:32:16] [CMD] [0m[1mmodule.aws_worker.data.aws_ami.ubuntu: Reading...[0m[0m
[2026-01-19 02:32:17] [CMD] [0m[1mmodule.gcp_worker.data.google_compute_image.ubuntu: Reading...[0m[0m
[2026-01-19 02:32:18] [CMD] [0m[1mmodule.aws_worker.data.aws_ami.ubuntu: Read complete after 2s [id=ami-01637463b2cbe7cb6][0m
[2026-01-19 02:32:18] [CMD] [0m[1mmodule.gcp_worker.data.google_compute_image.ubuntu: Read complete after 2s [id=projects/ubuntu-os-cloud/global/images/ubuntu-2404-noble-amd64-v20260117][0m
[2026-01-19 02:32:18] [CMD] 
[2026-01-19 02:32:18] [CMD] Terraform used the selected providers to generate the following execution
[2026-01-19 02:32:18] [CMD] plan. Resource actions are indicated with the following symbols:
[2026-01-19 02:32:18] [CMD] [32m+[0m create[0m
[2026-01-19 02:32:18] [CMD] 
[2026-01-19 02:32:18] [CMD] Terraform will perform the following actions:
[2026-01-19 02:32:18] [CMD] 
[2026-01-19 02:32:18] [CMD] [1m  # module.oci_workers.oci_core_instance.vm[0][0m will be created
[2026-01-19 02:32:18] [CMD] [0m  [32m+[0m[0m resource "oci_core_instance" "vm" {
[2026-01-19 02:32:18] [CMD] [32m+[0m[0m availability_domain                 = "Okvh:EU-ZURICH-1-AD-1"
[2026-01-19 02:32:18] [CMD] [32m+[0m[0m boot_volume_id                      = (known after apply)
[2026-01-19 02:32:18] [CMD] [32m+[0m[0m capacity_reservation_id             = (known after apply)
[2026-01-19 02:32:18] [CMD] [32m+[0m[0m compartment_id                      = "ocid1.compartment.oc1..aaaaaaaaqosxqzxlkkoruo6yxntlv2u6653ox7uqc46fhpid6ezj6gi73zzq"
[2026-01-19 02:32:18] [CMD] [32m+[0m[0m compute_cluster_id                  = (known after apply)
[2026-01-19 02:32:18] [CMD] [32m+[0m[0m dedicated_vm_host_id                = (known after apply)
[2026-01-19 02:32:18] [CMD] [32m+[0m[0m defined_tags                        = (known after apply)
[2026-01-19 02:32:18] [CMD] [32m+[0m[0m display_name                        = "oci-kls-worker-201"
[2026-01-19 02:32:18] [CMD] [32m+[0m[0m extended_metadata                   = (known after apply)
[2026-01-19 02:32:18] [CMD] [32m+[0m[0m fault_domain                        = (known after apply)
[2026-01-19 02:32:18] [CMD] [32m+[0m[0m freeform_tags                       = {
[2026-01-19 02:32:18] [CMD] [32m+[0m[0m "Role" = "worker"
[2026-01-19 02:32:18] [CMD] }
[2026-01-19 02:32:18] [CMD] [32m+[0m[0m hostname_label                      = (known after apply)
[2026-01-19 02:32:18] [CMD] [32m+[0m[0m id                                  = (known after apply)
[2026-01-19 02:32:18] [CMD] [32m+[0m[0m image                               = (known after apply)
[2026-01-19 02:32:18] [CMD] [32m+[0m[0m instance_configuration_id           = (known after apply)
[2026-01-19 02:32:18] [CMD] [32m+[0m[0m ipxe_script                         = (known after apply)
[2026-01-19 02:32:18] [CMD] [32m+[0m[0m is_ai_enterprise_enabled            = (known after apply)
[2026-01-19 02:32:18] [CMD] [32m+[0m[0m is_cross_numa_node                  = (known after apply)
[2026-01-19 02:32:18] [CMD] [32m+[0m[0m is_pv_encryption_in_transit_enabled = (known after apply)
[2026-01-19 02:32:18] [CMD] [32m+[0m[0m launch_mode                         = (known after apply)
[2026-01-19 02:32:18] [CMD] [32m+[0m[0m metadata                            = {
[2026-01-19 02:32:18] [CMD] [32m+[0m[0m "ssh_authorized_keys" = <<-EOT
[2026-01-19 02:32:18] [CMD] ssh-rsa AAAAB3NzaC1yc2EAAAADAQABAAABAQDGgVhlH0TFnfQFaCNk5ZHRBYiQgXjS+GiWKUK4iChAdMxHAupZf6kMVTWJZi5tHfsUqYdopwPAmoqpmYc/5AXrkYXyepRHNf/gGSp3Q1BrWH6+jhPBF/2fx65NrUqFTm3muuD3aPvepWA4oobcrT9FJN7HPZQ6N+N32GpM3IY5pbDhlTOkAwR6HLEFXdem8hJ7/GlV5Aw8qiQxhOsqLScN5deJlLsncsQfdSxEFhgrWrNOvAZaItk2q/jzq6I+zQE6WS8pGYu0vRA5hHNXxVdh+PnMavmA2rTzh4g+ATfAqjeA2gYlfQH5Nz9HhzXQGciQDZpUlsjGWWX0OcQ7+1tB buffalo@buffalo-IdeaPad-1
[2026-01-19 02:32:18] [CMD] EOT
[2026-01-19 02:32:18] [CMD] }
[2026-01-19 02:32:18] [CMD] [32m+[0m[0m private_ip                          = (known after apply)
[2026-01-19 02:32:18] [CMD] [32m+[0m[0m public_ip                           = (known after apply)
[2026-01-19 02:32:18] [CMD] [32m+[0m[0m region                              = (known after apply)
[2026-01-19 02:32:18] [CMD] [32m+[0m[0m security_attributes                 = (known after apply)
[2026-01-19 02:32:18] [CMD] [32m+[0m[0m security_attributes_state           = (known after apply)
[2026-01-19 02:32:18] [CMD] [32m+[0m[0m shape                               = "VM.Standard.A1.Flex"
[2026-01-19 02:32:18] [CMD] [32m+[0m[0m state                               = (known after apply)
[2026-01-19 02:32:18] [CMD] [32m+[0m[0m subnet_id                           = (known after apply)
[2026-01-19 02:32:18] [CMD] [32m+[0m[0m system_tags                         = (known after apply)
[2026-01-19 02:32:18] [CMD] [32m+[0m[0m time_created                        = (known after apply)
[2026-01-19 02:32:18] [CMD] [32m+[0m[0m time_maintenance_reboot_due         = (known after apply)
[2026-01-19 02:32:18] [CMD] 
[2026-01-19 02:32:18] [CMD] [32m+[0m[0m agent_config (known after apply)
[2026-01-19 02:32:18] [CMD] 
[2026-01-19 02:32:18] [CMD] [32m+[0m[0m availability_config (known after apply)
[2026-01-19 02:32:18] [CMD] 
[2026-01-19 02:32:18] [CMD] [32m+[0m[0m create_vnic_details {
[2026-01-19 02:32:18] [CMD] [32m+[0m[0m assign_ipv6ip          = (known after apply)
[2026-01-19 02:32:18] [CMD] [32m+[0m[0m assign_public_ip       = "true"
[2026-01-19 02:32:18] [CMD] [32m+[0m[0m defined_tags           = (known after apply)
[2026-01-19 02:32:18] [CMD] [32m+[0m[0m display_name           = (known after apply)
[2026-01-19 02:32:18] [CMD] [32m+[0m[0m freeform_tags          = (known after apply)
[2026-01-19 02:32:18] [CMD] [32m+[0m[0m hostname_label         = (known after apply)
[2026-01-19 02:32:18] [CMD] [32m+[0m[0m nsg_ids                = (known after apply)
[2026-01-19 02:32:18] [CMD] [32m+[0m[0m private_ip             = (known after apply)
[2026-01-19 02:32:18] [CMD] [32m+[0m[0m security_attributes    = (known after apply)
[2026-01-19 02:32:18] [CMD] [32m+[0m[0m skip_source_dest_check = (known after apply)
[2026-01-19 02:32:18] [CMD] [32m+[0m[0m subnet_cidr            = (known after apply)
[2026-01-19 02:32:18] [CMD] [32m+[0m[0m subnet_id              = "ocid1.subnet.oc1.eu-zurich-1.aaaaaaaaptp3u3on7sblkoxaxhcdb25kke42i7u3j3gqgynzhl3672i3fqwa"
[2026-01-19 02:32:18] [CMD] [32m+[0m[0m vlan_id                = (known after apply)
[2026-01-19 02:32:18] [CMD] 
[2026-01-19 02:32:18] [CMD] [32m+[0m[0m ipv6address_ipv6subnet_cidr_pair_details (known after apply)
[2026-01-19 02:32:18] [CMD] }
[2026-01-19 02:32:18] [CMD] 
[2026-01-19 02:32:18] [CMD] [32m+[0m[0m instance_options (known after apply)
[2026-01-19 02:32:18] [CMD] 
[2026-01-19 02:32:18] [CMD] [32m+[0m[0m launch_options (known after apply)
[2026-01-19 02:32:18] [CMD] 
[2026-01-19 02:32:18] [CMD] [32m+[0m[0m launch_volume_attachments (known after apply)
[2026-01-19 02:32:18] [CMD] 
[2026-01-19 02:32:18] [CMD] [32m+[0m[0m licensing_configs (known after apply)
[2026-01-19 02:32:18] [CMD] 
[2026-01-19 02:32:18] [CMD] [32m+[0m[0m placement_constraint_details (known after apply)
[2026-01-19 02:32:18] [CMD] 
[2026-01-19 02:32:18] [CMD] [32m+[0m[0m platform_config (known after apply)
[2026-01-19 02:32:18] [CMD] 
[2026-01-19 02:32:18] [CMD] [32m+[0m[0m preemptible_instance_config (known after apply)
[2026-01-19 02:32:18] [CMD] 
[2026-01-19 02:32:18] [CMD] [32m+[0m[0m shape_config {
[2026-01-19 02:32:18] [CMD] [32m+[0m[0m baseline_ocpu_utilization     = (known after apply)
[2026-01-19 02:32:18] [CMD] [32m+[0m[0m gpu_description               = (known after apply)
[2026-01-19 02:32:18] [CMD] [32m+[0m[0m gpus                          = (known after apply)
[2026-01-19 02:32:18] [CMD] [32m+[0m[0m local_disk_description        = (known after apply)
[2026-01-19 02:32:18] [CMD] [32m+[0m[0m local_disks                   = (known after apply)
[2026-01-19 02:32:18] [CMD] [32m+[0m[0m local_disks_total_size_in_gbs = (known after apply)
[2026-01-19 02:32:18] [CMD] [32m+[0m[0m max_vnic_attachments          = (known after apply)
[2026-01-19 02:32:18] [CMD] [32m+[0m[0m memory_in_gbs                 = 12
[2026-01-19 02:32:18] [CMD] [32m+[0m[0m networking_bandwidth_in_gbps  = (known after apply)
[2026-01-19 02:32:18] [CMD] [32m+[0m[0m nvmes                         = (known after apply)
[2026-01-19 02:32:18] [CMD] [32m+[0m[0m ocpus                         = 2
[2026-01-19 02:32:18] [CMD] [32m+[0m[0m processor_description         = (known after apply)
[2026-01-19 02:32:18] [CMD] [32m+[0m[0m resource_management           = (known after apply)
[2026-01-19 02:32:18] [CMD] [32m+[0m[0m vcpus                         = (known after apply)
[2026-01-19 02:32:18] [CMD] }
[2026-01-19 02:32:18] [CMD] 
[2026-01-19 02:32:18] [CMD] [32m+[0m[0m source_details {
[2026-01-19 02:32:18] [CMD] [32m+[0m[0m boot_volume_size_in_gbs = "100"
[2026-01-19 02:32:18] [CMD] [32m+[0m[0m boot_volume_vpus_per_gb = (known after apply)
[2026-01-19 02:32:18] [CMD] [32m+[0m[0m source_id               = "ocid1.image.oc1.eu-zurich-1.aaaaaaaaeiej3u3vj6qwpezhuzfvttqizv5hs424weni5dffwryitayitiia"
[2026-01-19 02:32:18] [CMD] [32m+[0m[0m source_type             = "image"
[2026-01-19 02:32:18] [CMD] 
[2026-01-19 02:32:18] [CMD] [32m+[0m[0m instance_source_image_filter_details (known after apply)
[2026-01-19 02:32:18] [CMD] }
[2026-01-19 02:32:18] [CMD] }
[2026-01-19 02:32:18] [CMD] 
[2026-01-19 02:32:18] [CMD] [1m  # module.oci_workers.oci_core_instance.vm[1][0m will be created
[2026-01-19 02:32:18] [CMD] [0m  [32m+[0m[0m resource "oci_core_instance" "vm" {
[2026-01-19 02:32:18] [CMD] [32m+[0m[0m availability_domain                 = "Okvh:EU-ZURICH-1-AD-1"
[2026-01-19 02:32:18] [CMD] [32m+[0m[0m boot_volume_id                      = (known after apply)
[2026-01-19 02:32:18] [CMD] [32m+[0m[0m capacity_reservation_id             = (known after apply)
[2026-01-19 02:32:18] [CMD] [32m+[0m[0m compartment_id                      = "ocid1.compartment.oc1..aaaaaaaaqosxqzxlkkoruo6yxntlv2u6653ox7uqc46fhpid6ezj6gi73zzq"
[2026-01-19 02:32:18] [CMD] [32m+[0m[0m compute_cluster_id                  = (known after apply)
[2026-01-19 02:32:18] [CMD] [32m+[0m[0m dedicated_vm_host_id                = (known after apply)
[2026-01-19 02:32:18] [CMD] [32m+[0m[0m defined_tags                        = (known after apply)
[2026-01-19 02:32:18] [CMD] [32m+[0m[0m display_name                        = "oci-kls-worker-202"
[2026-01-19 02:32:18] [CMD] [32m+[0m[0m extended_metadata                   = (known after apply)
[2026-01-19 02:32:18] [CMD] [32m+[0m[0m fault_domain                        = (known after apply)
[2026-01-19 02:32:18] [CMD] [32m+[0m[0m freeform_tags                       = {
[2026-01-19 02:32:18] [CMD] [32m+[0m[0m "Role" = "worker"
[2026-01-19 02:32:18] [CMD] }
[2026-01-19 02:32:18] [CMD] [32m+[0m[0m hostname_label                      = (known after apply)
[2026-01-19 02:32:18] [CMD] [32m+[0m[0m id                                  = (known after apply)
[2026-01-19 02:32:18] [CMD] [32m+[0m[0m image                               = (known after apply)
[2026-01-19 02:32:18] [CMD] [32m+[0m[0m instance_configuration_id           = (known after apply)
[2026-01-19 02:32:18] [CMD] [32m+[0m[0m ipxe_script                         = (known after apply)
[2026-01-19 02:32:18] [CMD] [32m+[0m[0m is_ai_enterprise_enabled            = (known after apply)
[2026-01-19 02:32:18] [CMD] [32m+[0m[0m is_cross_numa_node                  = (known after apply)
[2026-01-19 02:32:18] [CMD] [32m+[0m[0m is_pv_encryption_in_transit_enabled = (known after apply)
[2026-01-19 02:32:18] [CMD] [32m+[0m[0m launch_mode                         = (known after apply)
[2026-01-19 02:32:18] [CMD] [32m+[0m[0m metadata                            = {
[2026-01-19 02:32:18] [CMD] [32m+[0m[0m "ssh_authorized_keys" = <<-EOT
[2026-01-19 02:32:18] [CMD] ssh-rsa AAAAB3NzaC1yc2EAAAADAQABAAABAQDGgVhlH0TFnfQFaCNk5ZHRBYiQgXjS+GiWKUK4iChAdMxHAupZf6kMVTWJZi5tHfsUqYdopwPAmoqpmYc/5AXrkYXyepRHNf/gGSp3Q1BrWH6+jhPBF/2fx65NrUqFTm3muuD3aPvepWA4oobcrT9FJN7HPZQ6N+N32GpM3IY5pbDhlTOkAwR6HLEFXdem8hJ7/GlV5Aw8qiQxhOsqLScN5deJlLsncsQfdSxEFhgrWrNOvAZaItk2q/jzq6I+zQE6WS8pGYu0vRA5hHNXxVdh+PnMavmA2rTzh4g+ATfAqjeA2gYlfQH5Nz9HhzXQGciQDZpUlsjGWWX0OcQ7+1tB buffalo@buffalo-IdeaPad-1
[2026-01-19 02:32:18] [CMD] EOT
[2026-01-19 02:32:18] [CMD] }
[2026-01-19 02:32:18] [CMD] [32m+[0m[0m private_ip                          = (known after apply)
[2026-01-19 02:32:18] [CMD] [32m+[0m[0m public_ip                           = (known after apply)
[2026-01-19 02:32:18] [CMD] [32m+[0m[0m region                              = (known after apply)
[2026-01-19 02:32:18] [CMD] [32m+[0m[0m security_attributes                 = (known after apply)
[2026-01-19 02:32:18] [CMD] [32m+[0m[0m security_attributes_state           = (known after apply)
[2026-01-19 02:32:18] [CMD] [32m+[0m[0m shape                               = "VM.Standard.A1.Flex"
[2026-01-19 02:32:18] [CMD] [32m+[0m[0m state                               = (known after apply)
[2026-01-19 02:32:18] [CMD] [32m+[0m[0m subnet_id                           = (known after apply)
[2026-01-19 02:32:18] [CMD] [32m+[0m[0m system_tags                         = (known after apply)
[2026-01-19 02:32:18] [CMD] [32m+[0m[0m time_created                        = (known after apply)
[2026-01-19 02:32:18] [CMD] [32m+[0m[0m time_maintenance_reboot_due         = (known after apply)
[2026-01-19 02:32:18] [CMD] 
[2026-01-19 02:32:18] [CMD] [32m+[0m[0m agent_config (known after apply)
[2026-01-19 02:32:18] [CMD] 
[2026-01-19 02:32:18] [CMD] [32m+[0m[0m availability_config (known after apply)
[2026-01-19 02:32:18] [CMD] 
[2026-01-19 02:32:18] [CMD] [32m+[0m[0m create_vnic_details {
[2026-01-19 02:32:18] [CMD] [32m+[0m[0m assign_ipv6ip          = (known after apply)
[2026-01-19 02:32:18] [CMD] [32m+[0m[0m assign_public_ip       = "true"
[2026-01-19 02:32:18] [CMD] [32m+[0m[0m defined_tags           = (known after apply)
[2026-01-19 02:32:18] [CMD] [32m+[0m[0m display_name           = (known after apply)
[2026-01-19 02:32:18] [CMD] [32m+[0m[0m freeform_tags          = (known after apply)
[2026-01-19 02:32:18] [CMD] [32m+[0m[0m hostname_label         = (known after apply)
[2026-01-19 02:32:18] [CMD] [32m+[0m[0m nsg_ids                = (known after apply)
[2026-01-19 02:32:18] [CMD] [32m+[0m[0m private_ip             = (known after apply)
[2026-01-19 02:32:18] [CMD] [32m+[0m[0m security_attributes    = (known after apply)
[2026-01-19 02:32:18] [CMD] [32m+[0m[0m skip_source_dest_check = (known after apply)
[2026-01-19 02:32:18] [CMD] [32m+[0m[0m subnet_cidr            = (known after apply)
[2026-01-19 02:32:18] [CMD] [32m+[0m[0m subnet_id              = "ocid1.subnet.oc1.eu-zurich-1.aaaaaaaaptp3u3on7sblkoxaxhcdb25kke42i7u3j3gqgynzhl3672i3fqwa"
[2026-01-19 02:32:18] [CMD] [32m+[0m[0m vlan_id                = (known after apply)
[2026-01-19 02:32:18] [CMD] 
[2026-01-19 02:32:18] [CMD] [32m+[0m[0m ipv6address_ipv6subnet_cidr_pair_details (known after apply)
[2026-01-19 02:32:18] [CMD] }
[2026-01-19 02:32:18] [CMD] 
[2026-01-19 02:32:18] [CMD] [32m+[0m[0m instance_options (known after apply)
[2026-01-19 02:32:18] [CMD] 
[2026-01-19 02:32:18] [CMD] [32m+[0m[0m launch_options (known after apply)
[2026-01-19 02:32:18] [CMD] 
[2026-01-19 02:32:18] [CMD] [32m+[0m[0m launch_volume_attachments (known after apply)
[2026-01-19 02:32:18] [CMD] 
[2026-01-19 02:32:18] [CMD] [32m+[0m[0m licensing_configs (known after apply)
[2026-01-19 02:32:18] [CMD] 
[2026-01-19 02:32:18] [CMD] [32m+[0m[0m placement_constraint_details (known after apply)
[2026-01-19 02:32:18] [CMD] 
[2026-01-19 02:32:18] [CMD] [32m+[0m[0m platform_config (known after apply)
[2026-01-19 02:32:18] [CMD] 
[2026-01-19 02:32:18] [CMD] [32m+[0m[0m preemptible_instance_config (known after apply)
[2026-01-19 02:32:18] [CMD] 
[2026-01-19 02:32:18] [CMD] [32m+[0m[0m shape_config {
[2026-01-19 02:32:18] [CMD] [32m+[0m[0m baseline_ocpu_utilization     = (known after apply)
[2026-01-19 02:32:18] [CMD] [32m+[0m[0m gpu_description               = (known after apply)
[2026-01-19 02:32:18] [CMD] [32m+[0m[0m gpus                          = (known after apply)
[2026-01-19 02:32:18] [CMD] [32m+[0m[0m local_disk_description        = (known after apply)
[2026-01-19 02:32:18] [CMD] [32m+[0m[0m local_disks                   = (known after apply)
[2026-01-19 02:32:18] [CMD] [32m+[0m[0m local_disks_total_size_in_gbs = (known after apply)
[2026-01-19 02:32:18] [CMD] [32m+[0m[0m max_vnic_attachments          = (known after apply)
[2026-01-19 02:32:18] [CMD] [32m+[0m[0m memory_in_gbs                 = 12
[2026-01-19 02:32:18] [CMD] [32m+[0m[0m networking_bandwidth_in_gbps  = (known after apply)
[2026-01-19 02:32:18] [CMD] [32m+[0m[0m nvmes                         = (known after apply)
[2026-01-19 02:32:18] [CMD] [32m+[0m[0m ocpus                         = 2
[2026-01-19 02:32:18] [CMD] [32m+[0m[0m processor_description         = (known after apply)
[2026-01-19 02:32:18] [CMD] [32m+[0m[0m resource_management           = (known after apply)
[2026-01-19 02:32:18] [CMD] [32m+[0m[0m vcpus                         = (known after apply)
[2026-01-19 02:32:18] [CMD] }
[2026-01-19 02:32:18] [CMD] 
[2026-01-19 02:32:18] [CMD] [32m+[0m[0m source_details {
[2026-01-19 02:32:18] [CMD] [32m+[0m[0m boot_volume_size_in_gbs = "100"
[2026-01-19 02:32:18] [CMD] [32m+[0m[0m boot_volume_vpus_per_gb = (known after apply)
[2026-01-19 02:32:18] [CMD] [32m+[0m[0m source_id               = "ocid1.image.oc1.eu-zurich-1.aaaaaaaaeiej3u3vj6qwpezhuzfvttqizv5hs424weni5dffwryitayitiia"
[2026-01-19 02:32:18] [CMD] [32m+[0m[0m source_type             = "image"
[2026-01-19 02:32:18] [CMD] 
[2026-01-19 02:32:18] [CMD] [32m+[0m[0m instance_source_image_filter_details (known after apply)
[2026-01-19 02:32:18] [CMD] }
[2026-01-19 02:32:18] [CMD] }
[2026-01-19 02:32:18] [CMD] 
[2026-01-19 02:32:18] [CMD] [1mPlan:[0m [0m2 to add, 0 to change, 0 to destroy.
[2026-01-19 02:32:18] [CMD] 
[2026-01-19 02:32:18] [CMD] Changes to Outputs:
[2026-01-19 02:32:18] [CMD] [32m+[0m[0m oci_worker_ips       = [
[2026-01-19 02:32:18] [CMD] [32m+[0m[0m (known after apply),
[2026-01-19 02:32:18] [CMD] [32m+[0m[0m (known after apply),
[2026-01-19 02:32:18] [CMD] ]
[2026-01-19 02:32:19] [CMD] [0m[1mmodule.oci_workers.oci_core_instance.vm[1]: Creating...[0m[0m
[2026-01-19 02:32:19] [CMD] [0m[1mmodule.oci_workers.oci_core_instance.vm[0]: Creating...[0m[0m
[2026-01-19 02:32:21] [CMD] [33m╷[0m[0m
[2026-01-19 02:32:21] [CMD] [33m│[0m [0m[1m[33mWarning: [0m[0m[1mValue for undeclared variable[0m
[2026-01-19 02:32:21] [CMD] [33m│[0m [0m
[2026-01-19 02:32:21] [CMD] [33m│[0m [0m[0mThe root module does not declare a variable named "gcp_image" but a value
[2026-01-19 02:32:21] [CMD] [33m│[0m [0mwas found in file "terraform.tfvars". If you meant to use this value, add a
[2026-01-19 02:32:21] [CMD] [33m│[0m [0m"variable" block to the configuration.
[2026-01-19 02:32:21] [CMD] [33m│[0m [0m
[2026-01-19 02:32:21] [CMD] [33m│[0m [0mTo silence these warnings, use TF_VAR_... environment variables to provide
[2026-01-19 02:32:21] [CMD] [33m│[0m [0mcertain "global" settings to all configurations in your organization. To
[2026-01-19 02:32:21] [CMD] [33m│[0m [0mreduce the verbosity of these warnings, use the -compact-warnings option.
[2026-01-19 02:32:21] [CMD] [33m╵[0m[0m
[2026-01-19 02:32:21] [CMD] [31m╷[0m[0m
[2026-01-19 02:32:21] [CMD] [31m│[0m [0m[1m[31mError: [0m[0m[1m500-InternalError, Out of host capacity.
[2026-01-19 02:32:21] [CMD] [31m│[0m [0mSuggestion: The service for this resource encountered an error. Please contact support for help with service: Core Instance
[2026-01-19 02:32:21] [CMD] [31m│[0m [0mDocumentation: https://registry.terraform.io/providers/oracle/oci/latest/docs/resources/core_instance
[2026-01-19 02:32:21] [CMD] [31m│[0m [0mAPI Reference: https://docs.oracle.com/iaas/api/#/en/iaas/20160918/Instance/LaunchInstance
[2026-01-19 02:32:21] [CMD] [31m│[0m [0mRequest Target: POST https://iaas.eu-zurich-1.oraclecloud.com/20160918/instances
[2026-01-19 02:32:21] [CMD] [31m│[0m [0mProvider version: 7.29.0, released on 2025-12-16. This provider is 4 Update(s) behind to current.
[2026-01-19 02:32:21] [CMD] [31m│[0m [0mService: Core Instance
[2026-01-19 02:32:21] [CMD] [31m│[0m [0mOperation Name: LaunchInstance
[2026-01-19 02:32:21] [CMD] [31m│[0m [0mOPC request ID: f88eb42e5c8afc2e22b4595cf8f516d5/399D566053F163F9B4976D695A524826/D0EE186FB1D0D3DBC51F8FBF18468732
[2026-01-19 02:32:21] [CMD] [31m│[0m [0m[0m
[2026-01-19 02:32:21] [CMD] [31m│[0m [0m
[2026-01-19 02:32:21] [CMD] [31m│[0m [0m[0m  with module.oci_workers.oci_core_instance.vm[0],
[2026-01-19 02:32:21] [CMD] [31m│[0m [0m  on ../modules/oci-instance/main.tf line 37, in resource "oci_core_instance" "vm":
[2026-01-19 02:32:21] [CMD] [31m│[0m [0m  37: resource "oci_core_instance" "vm" [4m{[0m[0m
[2026-01-19 02:32:21] [CMD] [31m│[0m [0m
[2026-01-19 02:32:21] [CMD] [31m╵[0m[0m
[2026-01-19 02:32:21] [CMD] [31m╷[0m[0m
[2026-01-19 02:32:21] [CMD] [31m│[0m [0m[1m[31mError: [0m[0m[1m500-InternalError, Out of host capacity.
[2026-01-19 02:32:21] [CMD] [31m│[0m [0mSuggestion: The service for this resource encountered an error. Please contact support for help with service: Core Instance
[2026-01-19 02:32:21] [CMD] [31m│[0m [0mDocumentation: https://registry.terraform.io/providers/oracle/oci/latest/docs/resources/core_instance
[2026-01-19 02:32:21] [CMD] [31m│[0m [0mAPI Reference: https://docs.oracle.com/iaas/api/#/en/iaas/20160918/Instance/LaunchInstance
[2026-01-19 02:32:21] [CMD] [31m│[0m [0mRequest Target: POST https://iaas.eu-zurich-1.oraclecloud.com/20160918/instances
[2026-01-19 02:32:21] [CMD] [31m│[0m [0mProvider version: 7.29.0, released on 2025-12-16. This provider is 4 Update(s) behind to current.
[2026-01-19 02:32:21] [CMD] [31m│[0m [0mService: Core Instance
[2026-01-19 02:32:21] [CMD] [31m│[0m [0mOperation Name: LaunchInstance
[2026-01-19 02:32:21] [CMD] [31m│[0m [0mOPC request ID: 2f07a22215eb18fd18cef5a9f5631397/5714F1784EC1C913B4976D695A524813/FCB44D606B956785C3ED1D24D1DBE627
[2026-01-19 02:32:21] [CMD] [31m│[0m [0m[0m
[2026-01-19 02:32:21] [CMD] [31m│[0m [0m
[2026-01-19 02:32:21] [CMD] [31m│[0m [0m[0m  with module.oci_workers.oci_core_instance.vm[1],
[2026-01-19 02:32:21] [CMD] [31m│[0m [0m  on ../modules/oci-instance/main.tf line 37, in resource "oci_core_instance" "vm":
[2026-01-19 02:32:21] [CMD] [31m│[0m [0m  37: resource "oci_core_instance" "vm" [4m{[0m[0m
[2026-01-19 02:32:21] [CMD] [31m│[0m [0m
[2026-01-19 02:32:21] [CMD] [31m╵[0m[0m
[2026-01-19 02:32:21] Command failed with exit code 1.
[2026-01-19 02:32:21] Task failed. Retrying in 300 seconds...
[2026-01-19 02:37:21] Attempting to run: terraform apply --auto-approve
[2026-01-19 02:37:21] Working Directory: /home/buffalo/Documents/Project/kubernetes-infra/terraform/kls-infra-02
[2026-01-19 02:37:27] [CMD] [0m[1mmodule.oci_controlplane.data.oci_core_images.ubuntu_amd: Reading...[0m[0m
[2026-01-19 02:37:27] [CMD] [0m[1mmodule.oci_workers.data.oci_core_images.ubuntu_arm: Reading...[0m[0m
[2026-01-19 02:37:27] [CMD] [0m[1mmodule.oci_controlplane.data.oci_core_images.ubuntu_arm: Reading...[0m[0m
[2026-01-19 02:37:27] [CMD] [0m[1mmodule.oci_workers.data.oci_identity_availability_domains.ads: Reading...[0m[0m
[2026-01-19 02:37:27] [CMD] [0m[1mmodule.oci_controlplane.data.oci_identity_availability_domains.ads: Reading...[0m[0m
[2026-01-19 02:37:27] [CMD] [0m[1mmodule.oci_workers.data.oci_core_images.ubuntu_amd: Reading...[0m[0m
[2026-01-19 02:37:28] [CMD] [0m[1mmodule.aws_worker.data.aws_ami.ubuntu: Reading...[0m[0m
[2026-01-19 02:37:29] [CMD] [0m[1mmodule.oci_workers.data.oci_identity_availability_domains.ads: Read complete after 2s [id=IdentityAvailabilityDomainsDataSource-2634143273][0m
[2026-01-19 02:37:29] [CMD] [0m[1mmodule.oci_controlplane.data.oci_identity_availability_domains.ads: Read complete after 2s [id=IdentityAvailabilityDomainsDataSource-2634143273][0m
[2026-01-19 02:37:29] [CMD] [0m[1mmodule.oci_workers.data.oci_core_images.ubuntu_amd: Read complete after 2s [id=CoreImagesDataSource-4182059877][0m
[2026-01-19 02:37:29] [CMD] [0m[1mmodule.oci_controlplane.data.oci_core_images.ubuntu_amd: Read complete after 3s [id=CoreImagesDataSource-4182059877][0m
[2026-01-19 02:37:29] [CMD] [0m[1mmodule.oci_workers.data.oci_core_images.ubuntu_arm: Read complete after 3s [id=CoreImagesDataSource-1596659991][0m
[2026-01-19 02:37:29] [CMD] [0m[1mmodule.oci_controlplane.data.oci_core_images.ubuntu_arm: Read complete after 3s [id=CoreImagesDataSource-1596659991][0m
[2026-01-19 02:37:33] [CMD] [0m[1mmodule.gcp_worker.data.google_compute_image.ubuntu: Reading...[0m[0m
[2026-01-19 02:37:34] [CMD] [0m[1mmodule.aws_worker.data.aws_ami.ubuntu: Read complete after 7s [id=ami-01637463b2cbe7cb6][0m
[2026-01-19 02:37:35] [CMD] [0m[1mmodule.gcp_worker.data.google_compute_image.ubuntu: Read complete after 2s [id=projects/ubuntu-os-cloud/global/images/ubuntu-2404-noble-amd64-v20260117][0m
[2026-01-19 02:37:35] [CMD] 
[2026-01-19 02:37:35] [CMD] Terraform used the selected providers to generate the following execution
[2026-01-19 02:37:35] [CMD] plan. Resource actions are indicated with the following symbols:
[2026-01-19 02:37:35] [CMD] [32m+[0m create[0m
[2026-01-19 02:37:35] [CMD] 
[2026-01-19 02:37:35] [CMD] Terraform will perform the following actions:
[2026-01-19 02:37:35] [CMD] 
[2026-01-19 02:37:35] [CMD] [1m  # module.oci_workers.oci_core_instance.vm[0][0m will be created
[2026-01-19 02:37:35] [CMD] [0m  [32m+[0m[0m resource "oci_core_instance" "vm" {
[2026-01-19 02:37:35] [CMD] [32m+[0m[0m availability_domain                 = "Okvh:EU-ZURICH-1-AD-1"
[2026-01-19 02:37:35] [CMD] [32m+[0m[0m boot_volume_id                      = (known after apply)
[2026-01-19 02:37:35] [CMD] [32m+[0m[0m capacity_reservation_id             = (known after apply)
[2026-01-19 02:37:35] [CMD] [32m+[0m[0m compartment_id                      = "ocid1.compartment.oc1..aaaaaaaaqosxqzxlkkoruo6yxntlv2u6653ox7uqc46fhpid6ezj6gi73zzq"
[2026-01-19 02:37:35] [CMD] [32m+[0m[0m compute_cluster_id                  = (known after apply)
[2026-01-19 02:37:35] [CMD] [32m+[0m[0m dedicated_vm_host_id                = (known after apply)
[2026-01-19 02:37:35] [CMD] [32m+[0m[0m defined_tags                        = (known after apply)
[2026-01-19 02:37:35] [CMD] [32m+[0m[0m display_name                        = "oci-kls-worker-201"
[2026-01-19 02:37:35] [CMD] [32m+[0m[0m extended_metadata                   = (known after apply)
[2026-01-19 02:37:35] [CMD] [32m+[0m[0m fault_domain                        = (known after apply)
[2026-01-19 02:37:35] [CMD] [32m+[0m[0m freeform_tags                       = {
[2026-01-19 02:37:35] [CMD] [32m+[0m[0m "Role" = "worker"
[2026-01-19 02:37:35] [CMD] }
[2026-01-19 02:37:35] [CMD] [32m+[0m[0m hostname_label                      = (known after apply)
[2026-01-19 02:37:35] [CMD] [32m+[0m[0m id                                  = (known after apply)
[2026-01-19 02:37:35] [CMD] [32m+[0m[0m image                               = (known after apply)
[2026-01-19 02:37:35] [CMD] [32m+[0m[0m instance_configuration_id           = (known after apply)
[2026-01-19 02:37:35] [CMD] [32m+[0m[0m ipxe_script                         = (known after apply)
[2026-01-19 02:37:35] [CMD] [32m+[0m[0m is_ai_enterprise_enabled            = (known after apply)
[2026-01-19 02:37:35] [CMD] [32m+[0m[0m is_cross_numa_node                  = (known after apply)
[2026-01-19 02:37:35] [CMD] [32m+[0m[0m is_pv_encryption_in_transit_enabled = (known after apply)
[2026-01-19 02:37:35] [CMD] [32m+[0m[0m launch_mode                         = (known after apply)
[2026-01-19 02:37:35] [CMD] [32m+[0m[0m metadata                            = {
[2026-01-19 02:37:35] [CMD] [32m+[0m[0m "ssh_authorized_keys" = <<-EOT
[2026-01-19 02:37:35] [CMD] ssh-rsa AAAAB3NzaC1yc2EAAAADAQABAAABAQDGgVhlH0TFnfQFaCNk5ZHRBYiQgXjS+GiWKUK4iChAdMxHAupZf6kMVTWJZi5tHfsUqYdopwPAmoqpmYc/5AXrkYXyepRHNf/gGSp3Q1BrWH6+jhPBF/2fx65NrUqFTm3muuD3aPvepWA4oobcrT9FJN7HPZQ6N+N32GpM3IY5pbDhlTOkAwR6HLEFXdem8hJ7/GlV5Aw8qiQxhOsqLScN5deJlLsncsQfdSxEFhgrWrNOvAZaItk2q/jzq6I+zQE6WS8pGYu0vRA5hHNXxVdh+PnMavmA2rTzh4g+ATfAqjeA2gYlfQH5Nz9HhzXQGciQDZpUlsjGWWX0OcQ7+1tB buffalo@buffalo-IdeaPad-1
[2026-01-19 02:37:35] [CMD] EOT
[2026-01-19 02:37:35] [CMD] }
[2026-01-19 02:37:35] [CMD] [32m+[0m[0m private_ip                          = (known after apply)
[2026-01-19 02:37:35] [CMD] [32m+[0m[0m public_ip                           = (known after apply)
[2026-01-19 02:37:35] [CMD] [32m+[0m[0m region                              = (known after apply)
[2026-01-19 02:37:35] [CMD] [32m+[0m[0m security_attributes                 = (known after apply)
[2026-01-19 02:37:35] [CMD] [32m+[0m[0m security_attributes_state           = (known after apply)
[2026-01-19 02:37:35] [CMD] [32m+[0m[0m shape                               = "VM.Standard.A1.Flex"
[2026-01-19 02:37:35] [CMD] [32m+[0m[0m state                               = (known after apply)
[2026-01-19 02:37:35] [CMD] [32m+[0m[0m subnet_id                           = (known after apply)
[2026-01-19 02:37:35] [CMD] [32m+[0m[0m system_tags                         = (known after apply)
[2026-01-19 02:37:35] [CMD] [32m+[0m[0m time_created                        = (known after apply)
[2026-01-19 02:37:35] [CMD] [32m+[0m[0m time_maintenance_reboot_due         = (known after apply)
[2026-01-19 02:37:35] [CMD] 
[2026-01-19 02:37:35] [CMD] [32m+[0m[0m agent_config (known after apply)
[2026-01-19 02:37:35] [CMD] 
[2026-01-19 02:37:35] [CMD] [32m+[0m[0m availability_config (known after apply)
[2026-01-19 02:37:35] [CMD] 
[2026-01-19 02:37:35] [CMD] [32m+[0m[0m create_vnic_details {
[2026-01-19 02:37:35] [CMD] [32m+[0m[0m assign_ipv6ip          = (known after apply)
[2026-01-19 02:37:35] [CMD] [32m+[0m[0m assign_public_ip       = "true"
[2026-01-19 02:37:35] [CMD] [32m+[0m[0m defined_tags           = (known after apply)
[2026-01-19 02:37:35] [CMD] [32m+[0m[0m display_name           = (known after apply)
[2026-01-19 02:37:35] [CMD] [32m+[0m[0m freeform_tags          = (known after apply)
[2026-01-19 02:37:35] [CMD] [32m+[0m[0m hostname_label         = (known after apply)
[2026-01-19 02:37:35] [CMD] [32m+[0m[0m nsg_ids                = (known after apply)
[2026-01-19 02:37:35] [CMD] [32m+[0m[0m private_ip             = (known after apply)
[2026-01-19 02:37:35] [CMD] [32m+[0m[0m security_attributes    = (known after apply)
[2026-01-19 02:37:35] [CMD] [32m+[0m[0m skip_source_dest_check = (known after apply)
[2026-01-19 02:37:35] [CMD] [32m+[0m[0m subnet_cidr            = (known after apply)
[2026-01-19 02:37:35] [CMD] [32m+[0m[0m subnet_id              = "ocid1.subnet.oc1.eu-zurich-1.aaaaaaaaptp3u3on7sblkoxaxhcdb25kke42i7u3j3gqgynzhl3672i3fqwa"
[2026-01-19 02:37:35] [CMD] [32m+[0m[0m vlan_id                = (known after apply)
[2026-01-19 02:37:35] [CMD] 
[2026-01-19 02:37:35] [CMD] [32m+[0m[0m ipv6address_ipv6subnet_cidr_pair_details (known after apply)
[2026-01-19 02:37:35] [CMD] }
[2026-01-19 02:37:35] [CMD] 
[2026-01-19 02:37:35] [CMD] [32m+[0m[0m instance_options (known after apply)
[2026-01-19 02:37:35] [CMD] 
[2026-01-19 02:37:35] [CMD] [32m+[0m[0m launch_options (known after apply)
[2026-01-19 02:37:35] [CMD] 
[2026-01-19 02:37:35] [CMD] [32m+[0m[0m launch_volume_attachments (known after apply)
[2026-01-19 02:37:35] [CMD] 
[2026-01-19 02:37:35] [CMD] [32m+[0m[0m licensing_configs (known after apply)
[2026-01-19 02:37:35] [CMD] 
[2026-01-19 02:37:35] [CMD] [32m+[0m[0m placement_constraint_details (known after apply)
[2026-01-19 02:37:35] [CMD] 
[2026-01-19 02:37:35] [CMD] [32m+[0m[0m platform_config (known after apply)
[2026-01-19 02:37:35] [CMD] 
[2026-01-19 02:37:35] [CMD] [32m+[0m[0m preemptible_instance_config (known after apply)
[2026-01-19 02:37:35] [CMD] 
[2026-01-19 02:37:35] [CMD] [32m+[0m[0m shape_config {
[2026-01-19 02:37:35] [CMD] [32m+[0m[0m baseline_ocpu_utilization     = (known after apply)
[2026-01-19 02:37:35] [CMD] [32m+[0m[0m gpu_description               = (known after apply)
[2026-01-19 02:37:35] [CMD] [32m+[0m[0m gpus                          = (known after apply)
[2026-01-19 02:37:35] [CMD] [32m+[0m[0m local_disk_description        = (known after apply)
[2026-01-19 02:37:35] [CMD] [32m+[0m[0m local_disks                   = (known after apply)
[2026-01-19 02:37:35] [CMD] [32m+[0m[0m local_disks_total_size_in_gbs = (known after apply)
[2026-01-19 02:37:35] [CMD] [32m+[0m[0m max_vnic_attachments          = (known after apply)
[2026-01-19 02:37:35] [CMD] [32m+[0m[0m memory_in_gbs                 = 12
[2026-01-19 02:37:35] [CMD] [32m+[0m[0m networking_bandwidth_in_gbps  = (known after apply)
[2026-01-19 02:37:35] [CMD] [32m+[0m[0m nvmes                         = (known after apply)
[2026-01-19 02:37:35] [CMD] [32m+[0m[0m ocpus                         = 2
[2026-01-19 02:37:35] [CMD] [32m+[0m[0m processor_description         = (known after apply)
[2026-01-19 02:37:35] [CMD] [32m+[0m[0m resource_management           = (known after apply)
[2026-01-19 02:37:35] [CMD] [32m+[0m[0m vcpus                         = (known after apply)
[2026-01-19 02:37:35] [CMD] }
[2026-01-19 02:37:35] [CMD] 
[2026-01-19 02:37:35] [CMD] [32m+[0m[0m source_details {
[2026-01-19 02:37:35] [CMD] [32m+[0m[0m boot_volume_size_in_gbs = "100"
[2026-01-19 02:37:35] [CMD] [32m+[0m[0m boot_volume_vpus_per_gb = (known after apply)
[2026-01-19 02:37:35] [CMD] [32m+[0m[0m source_id               = "ocid1.image.oc1.eu-zurich-1.aaaaaaaaeiej3u3vj6qwpezhuzfvttqizv5hs424weni5dffwryitayitiia"
[2026-01-19 02:37:35] [CMD] [32m+[0m[0m source_type             = "image"
[2026-01-19 02:37:35] [CMD] 
[2026-01-19 02:37:35] [CMD] [32m+[0m[0m instance_source_image_filter_details (known after apply)
[2026-01-19 02:37:35] [CMD] }
[2026-01-19 02:37:35] [CMD] }
[2026-01-19 02:37:35] [CMD] 
[2026-01-19 02:37:35] [CMD] [1m  # module.oci_workers.oci_core_instance.vm[1][0m will be created
[2026-01-19 02:37:35] [CMD] [0m  [32m+[0m[0m resource "oci_core_instance" "vm" {
[2026-01-19 02:37:35] [CMD] [32m+[0m[0m availability_domain                 = "Okvh:EU-ZURICH-1-AD-1"
[2026-01-19 02:37:35] [CMD] [32m+[0m[0m boot_volume_id                      = (known after apply)
[2026-01-19 02:37:35] [CMD] [32m+[0m[0m capacity_reservation_id             = (known after apply)
[2026-01-19 02:37:35] [CMD] [32m+[0m[0m compartment_id                      = "ocid1.compartment.oc1..aaaaaaaaqosxqzxlkkoruo6yxntlv2u6653ox7uqc46fhpid6ezj6gi73zzq"
[2026-01-19 02:37:35] [CMD] [32m+[0m[0m compute_cluster_id                  = (known after apply)
[2026-01-19 02:37:35] [CMD] [32m+[0m[0m dedicated_vm_host_id                = (known after apply)
[2026-01-19 02:37:35] [CMD] [32m+[0m[0m defined_tags                        = (known after apply)
[2026-01-19 02:37:35] [CMD] [32m+[0m[0m display_name                        = "oci-kls-worker-202"
[2026-01-19 02:37:35] [CMD] [32m+[0m[0m extended_metadata                   = (known after apply)
[2026-01-19 02:37:35] [CMD] [32m+[0m[0m fault_domain                        = (known after apply)
[2026-01-19 02:37:35] [CMD] [32m+[0m[0m freeform_tags                       = {
[2026-01-19 02:37:35] [CMD] [32m+[0m[0m "Role" = "worker"
[2026-01-19 02:37:35] [CMD] }
[2026-01-19 02:37:35] [CMD] [32m+[0m[0m hostname_label                      = (known after apply)
[2026-01-19 02:37:35] [CMD] [32m+[0m[0m id                                  = (known after apply)
[2026-01-19 02:37:35] [CMD] [32m+[0m[0m image                               = (known after apply)
[2026-01-19 02:37:35] [CMD] [32m+[0m[0m instance_configuration_id           = (known after apply)
[2026-01-19 02:37:35] [CMD] [32m+[0m[0m ipxe_script                         = (known after apply)
[2026-01-19 02:37:35] [CMD] [32m+[0m[0m is_ai_enterprise_enabled            = (known after apply)
[2026-01-19 02:37:35] [CMD] [32m+[0m[0m is_cross_numa_node                  = (known after apply)
[2026-01-19 02:37:35] [CMD] [32m+[0m[0m is_pv_encryption_in_transit_enabled = (known after apply)
[2026-01-19 02:37:35] [CMD] [32m+[0m[0m launch_mode                         = (known after apply)
[2026-01-19 02:37:35] [CMD] [32m+[0m[0m metadata                            = {
[2026-01-19 02:37:35] [CMD] [32m+[0m[0m "ssh_authorized_keys" = <<-EOT
[2026-01-19 02:37:35] [CMD] ssh-rsa AAAAB3NzaC1yc2EAAAADAQABAAABAQDGgVhlH0TFnfQFaCNk5ZHRBYiQgXjS+GiWKUK4iChAdMxHAupZf6kMVTWJZi5tHfsUqYdopwPAmoqpmYc/5AXrkYXyepRHNf/gGSp3Q1BrWH6+jhPBF/2fx65NrUqFTm3muuD3aPvepWA4oobcrT9FJN7HPZQ6N+N32GpM3IY5pbDhlTOkAwR6HLEFXdem8hJ7/GlV5Aw8qiQxhOsqLScN5deJlLsncsQfdSxEFhgrWrNOvAZaItk2q/jzq6I+zQE6WS8pGYu0vRA5hHNXxVdh+PnMavmA2rTzh4g+ATfAqjeA2gYlfQH5Nz9HhzXQGciQDZpUlsjGWWX0OcQ7+1tB buffalo@buffalo-IdeaPad-1
[2026-01-19 02:37:35] [CMD] EOT
[2026-01-19 02:37:35] [CMD] }
[2026-01-19 02:37:35] [CMD] [32m+[0m[0m private_ip                          = (known after apply)
[2026-01-19 02:37:35] [CMD] [32m+[0m[0m public_ip                           = (known after apply)
[2026-01-19 02:37:35] [CMD] [32m+[0m[0m region                              = (known after apply)
[2026-01-19 02:37:35] [CMD] [32m+[0m[0m security_attributes                 = (known after apply)
[2026-01-19 02:37:35] [CMD] [32m+[0m[0m security_attributes_state           = (known after apply)
[2026-01-19 02:37:35] [CMD] [32m+[0m[0m shape                               = "VM.Standard.A1.Flex"
[2026-01-19 02:37:35] [CMD] [32m+[0m[0m state                               = (known after apply)
[2026-01-19 02:37:35] [CMD] [32m+[0m[0m subnet_id                           = (known after apply)
[2026-01-19 02:37:35] [CMD] [32m+[0m[0m system_tags                         = (known after apply)
[2026-01-19 02:37:35] [CMD] [32m+[0m[0m time_created                        = (known after apply)
[2026-01-19 02:37:35] [CMD] [32m+[0m[0m time_maintenance_reboot_due         = (known after apply)
[2026-01-19 02:37:35] [CMD] 
[2026-01-19 02:37:35] [CMD] [32m+[0m[0m agent_config (known after apply)
[2026-01-19 02:37:35] [CMD] 
[2026-01-19 02:37:35] [CMD] [32m+[0m[0m availability_config (known after apply)
[2026-01-19 02:37:35] [CMD] 
[2026-01-19 02:37:35] [CMD] [32m+[0m[0m create_vnic_details {
[2026-01-19 02:37:35] [CMD] [32m+[0m[0m assign_ipv6ip          = (known after apply)
[2026-01-19 02:37:35] [CMD] [32m+[0m[0m assign_public_ip       = "true"
[2026-01-19 02:37:35] [CMD] [32m+[0m[0m defined_tags           = (known after apply)
[2026-01-19 02:37:35] [CMD] [32m+[0m[0m display_name           = (known after apply)
[2026-01-19 02:37:35] [CMD] [32m+[0m[0m freeform_tags          = (known after apply)
[2026-01-19 02:37:35] [CMD] [32m+[0m[0m hostname_label         = (known after apply)
[2026-01-19 02:37:35] [CMD] [32m+[0m[0m nsg_ids                = (known after apply)
[2026-01-19 02:37:35] [CMD] [32m+[0m[0m private_ip             = (known after apply)
[2026-01-19 02:37:35] [CMD] [32m+[0m[0m security_attributes    = (known after apply)
[2026-01-19 02:37:35] [CMD] [32m+[0m[0m skip_source_dest_check = (known after apply)
[2026-01-19 02:37:35] [CMD] [32m+[0m[0m subnet_cidr            = (known after apply)
[2026-01-19 02:37:35] [CMD] [32m+[0m[0m subnet_id              = "ocid1.subnet.oc1.eu-zurich-1.aaaaaaaaptp3u3on7sblkoxaxhcdb25kke42i7u3j3gqgynzhl3672i3fqwa"
[2026-01-19 02:37:35] [CMD] [32m+[0m[0m vlan_id                = (known after apply)
[2026-01-19 02:37:35] [CMD] 
[2026-01-19 02:37:35] [CMD] [32m+[0m[0m ipv6address_ipv6subnet_cidr_pair_details (known after apply)
[2026-01-19 02:37:35] [CMD] }
[2026-01-19 02:37:35] [CMD] 
[2026-01-19 02:37:35] [CMD] [32m+[0m[0m instance_options (known after apply)
[2026-01-19 02:37:35] [CMD] 
[2026-01-19 02:37:35] [CMD] [32m+[0m[0m launch_options (known after apply)
[2026-01-19 02:37:35] [CMD] 
[2026-01-19 02:37:35] [CMD] [32m+[0m[0m launch_volume_attachments (known after apply)
[2026-01-19 02:37:35] [CMD] 
[2026-01-19 02:37:35] [CMD] [32m+[0m[0m licensing_configs (known after apply)
[2026-01-19 02:37:35] [CMD] 
[2026-01-19 02:37:35] [CMD] [32m+[0m[0m placement_constraint_details (known after apply)
[2026-01-19 02:37:35] [CMD] 
[2026-01-19 02:37:35] [CMD] [32m+[0m[0m platform_config (known after apply)
[2026-01-19 02:37:35] [CMD] 
[2026-01-19 02:37:35] [CMD] [32m+[0m[0m preemptible_instance_config (known after apply)
[2026-01-19 02:37:35] [CMD] 
[2026-01-19 02:37:35] [CMD] [32m+[0m[0m shape_config {
[2026-01-19 02:37:35] [CMD] [32m+[0m[0m baseline_ocpu_utilization     = (known after apply)
[2026-01-19 02:37:35] [CMD] [32m+[0m[0m gpu_description               = (known after apply)
[2026-01-19 02:37:35] [CMD] [32m+[0m[0m gpus                          = (known after apply)
[2026-01-19 02:37:35] [CMD] [32m+[0m[0m local_disk_description        = (known after apply)
[2026-01-19 02:37:35] [CMD] [32m+[0m[0m local_disks                   = (known after apply)
[2026-01-19 02:37:35] [CMD] [32m+[0m[0m local_disks_total_size_in_gbs = (known after apply)
[2026-01-19 02:37:35] [CMD] [32m+[0m[0m max_vnic_attachments          = (known after apply)
[2026-01-19 02:37:35] [CMD] [32m+[0m[0m memory_in_gbs                 = 12
[2026-01-19 02:37:35] [CMD] [32m+[0m[0m networking_bandwidth_in_gbps  = (known after apply)
[2026-01-19 02:37:35] [CMD] [32m+[0m[0m nvmes                         = (known after apply)
[2026-01-19 02:37:35] [CMD] [32m+[0m[0m ocpus                         = 2
[2026-01-19 02:37:35] [CMD] [32m+[0m[0m processor_description         = (known after apply)
[2026-01-19 02:37:35] [CMD] [32m+[0m[0m resource_management           = (known after apply)
[2026-01-19 02:37:35] [CMD] [32m+[0m[0m vcpus                         = (known after apply)
[2026-01-19 02:37:35] [CMD] }
[2026-01-19 02:37:35] [CMD] 
[2026-01-19 02:37:35] [CMD] [32m+[0m[0m source_details {
[2026-01-19 02:37:35] [CMD] [32m+[0m[0m boot_volume_size_in_gbs = "100"
[2026-01-19 02:37:35] [CMD] [32m+[0m[0m boot_volume_vpus_per_gb = (known after apply)
[2026-01-19 02:37:35] [CMD] [32m+[0m[0m source_id               = "ocid1.image.oc1.eu-zurich-1.aaaaaaaaeiej3u3vj6qwpezhuzfvttqizv5hs424weni5dffwryitayitiia"
[2026-01-19 02:37:35] [CMD] [32m+[0m[0m source_type             = "image"
[2026-01-19 02:37:35] [CMD] 
[2026-01-19 02:37:35] [CMD] [32m+[0m[0m instance_source_image_filter_details (known after apply)
[2026-01-19 02:37:35] [CMD] }
[2026-01-19 02:37:35] [CMD] }
[2026-01-19 02:37:35] [CMD] 
[2026-01-19 02:37:35] [CMD] [1mPlan:[0m [0m2 to add, 0 to change, 0 to destroy.
[2026-01-19 02:37:35] [CMD] 
[2026-01-19 02:37:35] [CMD] Changes to Outputs:
[2026-01-19 02:37:35] [CMD] [32m+[0m[0m oci_worker_ips       = [
[2026-01-19 02:37:35] [CMD] [32m+[0m[0m (known after apply),
[2026-01-19 02:37:35] [CMD] [32m+[0m[0m (known after apply),
[2026-01-19 02:37:35] [CMD] ]
[2026-01-19 02:37:36] [CMD] [0m[1mmodule.oci_workers.oci_core_instance.vm[1]: Creating...[0m[0m
[2026-01-19 02:37:36] [CMD] [0m[1mmodule.oci_workers.oci_core_instance.vm[0]: Creating...[0m[0m
[2026-01-19 02:37:38] [CMD] [33m╷[0m[0m
[2026-01-19 02:37:38] [CMD] [33m│[0m [0m[1m[33mWarning: [0m[0m[1mValue for undeclared variable[0m
[2026-01-19 02:37:38] [CMD] [33m│[0m [0m
[2026-01-19 02:37:38] [CMD] [33m│[0m [0m[0mThe root module does not declare a variable named "gcp_image" but a value
[2026-01-19 02:37:38] [CMD] [33m│[0m [0mwas found in file "terraform.tfvars". If you meant to use this value, add a
[2026-01-19 02:37:38] [CMD] [33m│[0m [0m"variable" block to the configuration.
[2026-01-19 02:37:38] [CMD] [33m│[0m [0m
[2026-01-19 02:37:38] [CMD] [33m│[0m [0mTo silence these warnings, use TF_VAR_... environment variables to provide
[2026-01-19 02:37:38] [CMD] [33m│[0m [0mcertain "global" settings to all configurations in your organization. To
[2026-01-19 02:37:38] [CMD] [33m│[0m [0mreduce the verbosity of these warnings, use the -compact-warnings option.
[2026-01-19 02:37:38] [CMD] [33m╵[0m[0m
[2026-01-19 02:37:38] [CMD] [31m╷[0m[0m
[2026-01-19 02:37:38] [CMD] [31m│[0m [0m[1m[31mError: [0m[0m[1m500-InternalError, Out of host capacity.
[2026-01-19 02:37:38] [CMD] [31m│[0m [0mSuggestion: The service for this resource encountered an error. Please contact support for help with service: Core Instance
[2026-01-19 02:37:38] [CMD] [31m│[0m [0mDocumentation: https://registry.terraform.io/providers/oracle/oci/latest/docs/resources/core_instance
[2026-01-19 02:37:38] [CMD] [31m│[0m [0mAPI Reference: https://docs.oracle.com/iaas/api/#/en/iaas/20160918/Instance/LaunchInstance
[2026-01-19 02:37:38] [CMD] [31m│[0m [0mRequest Target: POST https://iaas.eu-zurich-1.oraclecloud.com/20160918/instances
[2026-01-19 02:37:38] [CMD] [31m│[0m [0mProvider version: 7.29.0, released on 2025-12-16. This provider is 4 Update(s) behind to current.
[2026-01-19 02:37:38] [CMD] [31m│[0m [0mService: Core Instance
[2026-01-19 02:37:38] [CMD] [31m│[0m [0mOperation Name: LaunchInstance
[2026-01-19 02:37:38] [CMD] [31m│[0m [0mOPC request ID: 7035cbe34b172f467f7ddc3060fa610f/867C503FA91CBF36F1986D695A524824/FC9D5F35D741FBBFF2DD4806CC51826E
[2026-01-19 02:37:38] [CMD] [31m│[0m [0m[0m
[2026-01-19 02:37:38] [CMD] [31m│[0m [0m
[2026-01-19 02:37:38] [CMD] [31m│[0m [0m[0m  with module.oci_workers.oci_core_instance.vm[0],
[2026-01-19 02:37:38] [CMD] [31m│[0m [0m  on ../modules/oci-instance/main.tf line 37, in resource "oci_core_instance" "vm":
[2026-01-19 02:37:38] [CMD] [31m│[0m [0m  37: resource "oci_core_instance" "vm" [4m{[0m[0m
[2026-01-19 02:37:38] [CMD] [31m│[0m [0m
[2026-01-19 02:37:38] [CMD] [31m╵[0m[0m
[2026-01-19 02:37:38] [CMD] [31m╷[0m[0m
[2026-01-19 02:37:38] [CMD] [31m│[0m [0m[1m[31mError: [0m[0m[1m500-InternalError, Out of host capacity.
[2026-01-19 02:37:38] [CMD] [31m│[0m [0mSuggestion: The service for this resource encountered an error. Please contact support for help with service: Core Instance
[2026-01-19 02:37:38] [CMD] [31m│[0m [0mDocumentation: https://registry.terraform.io/providers/oracle/oci/latest/docs/resources/core_instance
[2026-01-19 02:37:38] [CMD] [31m│[0m [0mAPI Reference: https://docs.oracle.com/iaas/api/#/en/iaas/20160918/Instance/LaunchInstance
[2026-01-19 02:37:38] [CMD] [31m│[0m [0mRequest Target: POST https://iaas.eu-zurich-1.oraclecloud.com/20160918/instances
[2026-01-19 02:37:38] [CMD] [31m│[0m [0mProvider version: 7.29.0, released on 2025-12-16. This provider is 4 Update(s) behind to current.
[2026-01-19 02:37:38] [CMD] [31m│[0m [0mService: Core Instance
[2026-01-19 02:37:38] [CMD] [31m│[0m [0mOperation Name: LaunchInstance
[2026-01-19 02:37:38] [CMD] [31m│[0m [0mOPC request ID: bfbdd682954362b3c0354cb16df02567/DB8A9C13C85FDEB3F1986D695A52481B/EB5D31F887AF53758ACA8A0EA5D34DDD
[2026-01-19 02:37:38] [CMD] [31m│[0m [0m[0m
[2026-01-19 02:37:38] [CMD] [31m│[0m [0m
[2026-01-19 02:37:38] [CMD] [31m│[0m [0m[0m  with module.oci_workers.oci_core_instance.vm[1],
[2026-01-19 02:37:38] [CMD] [31m│[0m [0m  on ../modules/oci-instance/main.tf line 37, in resource "oci_core_instance" "vm":
[2026-01-19 02:37:38] [CMD] [31m│[0m [0m  37: resource "oci_core_instance" "vm" [4m{[0m[0m
[2026-01-19 02:37:38] [CMD] [31m│[0m [0m
[2026-01-19 02:37:38] [CMD] [31m╵[0m[0m
[2026-01-19 02:37:38] Command failed with exit code 1.
[2026-01-19 02:37:38] Task failed. Retrying in 300 seconds...
[2026-01-19 02:42:38] Attempting to run: terraform apply --auto-approve
[2026-01-19 02:42:38] Working Directory: /home/buffalo/Documents/Project/kubernetes-infra/terraform/kls-infra-02
[2026-01-19 02:42:43] [CMD] [0m[1mmodule.oci_controlplane.data.oci_core_images.ubuntu_arm: Reading...[0m[0m
[2026-01-19 02:42:43] [CMD] [0m[1mmodule.oci_workers.data.oci_core_images.ubuntu_arm: Reading...[0m[0m
[2026-01-19 02:42:43] [CMD] [0m[1mmodule.oci_workers.data.oci_identity_availability_domains.ads: Reading...[0m[0m
[2026-01-19 02:42:43] [CMD] [0m[1mmodule.oci_workers.data.oci_core_images.ubuntu_amd: Reading...[0m[0m
[2026-01-19 02:42:43] [CMD] [0m[1mmodule.oci_controlplane.data.oci_core_images.ubuntu_amd: Reading...[0m[0m
[2026-01-19 02:42:43] [CMD] [0m[1mmodule.oci_controlplane.data.oci_identity_availability_domains.ads: Reading...[0m[0m
[2026-01-19 02:42:46] [CMD] [0m[1mmodule.oci_workers.data.oci_core_images.ubuntu_arm: Read complete after 2s [id=CoreImagesDataSource-1596659991][0m
[2026-01-19 02:42:46] [CMD] [0m[1mmodule.aws_worker.data.aws_ami.ubuntu: Reading...[0m[0m
[2026-01-19 02:42:47] [CMD] [0m[1mmodule.oci_workers.data.oci_identity_availability_domains.ads: Read complete after 4s [id=IdentityAvailabilityDomainsDataSource-2634143273][0m
[2026-01-19 02:42:47] [CMD] [0m[1mmodule.oci_controlplane.data.oci_core_images.ubuntu_arm: Read complete after 4s [id=CoreImagesDataSource-1596659991][0m
[2026-01-19 02:42:47] [CMD] [0m[1mmodule.oci_controlplane.data.oci_core_images.ubuntu_amd: Read complete after 4s [id=CoreImagesDataSource-4182059877][0m
[2026-01-19 02:42:47] [CMD] [0m[1mmodule.oci_workers.data.oci_core_images.ubuntu_amd: Read complete after 4s [id=CoreImagesDataSource-4182059877][0m
[2026-01-19 02:42:47] [CMD] [0m[1mmodule.oci_controlplane.data.oci_identity_availability_domains.ads: Read complete after 4s [id=IdentityAvailabilityDomainsDataSource-2634143273][0m
[2026-01-19 02:42:50] [CMD] [0m[1mmodule.gcp_worker.data.google_compute_image.ubuntu: Reading...[0m[0m
[2026-01-19 02:42:51] [CMD] [0m[1mmodule.gcp_worker.data.google_compute_image.ubuntu: Read complete after 1s [id=projects/ubuntu-os-cloud/global/images/ubuntu-2404-noble-amd64-v20260117][0m
[2026-01-19 02:42:52] [CMD] [0m[1mmodule.aws_worker.data.aws_ami.ubuntu: Read complete after 7s [id=ami-01637463b2cbe7cb6][0m
[2026-01-19 02:42:52] [CMD] 
[2026-01-19 02:42:52] [CMD] Terraform used the selected providers to generate the following execution
[2026-01-19 02:42:52] [CMD] plan. Resource actions are indicated with the following symbols:
[2026-01-19 02:42:52] [CMD] [32m+[0m create[0m
[2026-01-19 02:42:52] [CMD] 
[2026-01-19 02:42:52] [CMD] Terraform will perform the following actions:
[2026-01-19 02:42:52] [CMD] 
[2026-01-19 02:42:52] [CMD] [1m  # module.oci_workers.oci_core_instance.vm[0][0m will be created
[2026-01-19 02:42:52] [CMD] [0m  [32m+[0m[0m resource "oci_core_instance" "vm" {
[2026-01-19 02:42:52] [CMD] [32m+[0m[0m availability_domain                 = "Okvh:EU-ZURICH-1-AD-1"
[2026-01-19 02:42:52] [CMD] [32m+[0m[0m boot_volume_id                      = (known after apply)
[2026-01-19 02:42:52] [CMD] [32m+[0m[0m capacity_reservation_id             = (known after apply)
[2026-01-19 02:42:52] [CMD] [32m+[0m[0m compartment_id                      = "ocid1.compartment.oc1..aaaaaaaaqosxqzxlkkoruo6yxntlv2u6653ox7uqc46fhpid6ezj6gi73zzq"
[2026-01-19 02:42:52] [CMD] [32m+[0m[0m compute_cluster_id                  = (known after apply)
[2026-01-19 02:42:52] [CMD] [32m+[0m[0m dedicated_vm_host_id                = (known after apply)
[2026-01-19 02:42:52] [CMD] [32m+[0m[0m defined_tags                        = (known after apply)
[2026-01-19 02:42:52] [CMD] [32m+[0m[0m display_name                        = "oci-kls-worker-201"
[2026-01-19 02:42:52] [CMD] [32m+[0m[0m extended_metadata                   = (known after apply)
[2026-01-19 02:42:52] [CMD] [32m+[0m[0m fault_domain                        = (known after apply)
[2026-01-19 02:42:52] [CMD] [32m+[0m[0m freeform_tags                       = {
[2026-01-19 02:42:52] [CMD] [32m+[0m[0m "Role" = "worker"
[2026-01-19 02:42:52] [CMD] }
[2026-01-19 02:42:52] [CMD] [32m+[0m[0m hostname_label                      = (known after apply)
[2026-01-19 02:42:52] [CMD] [32m+[0m[0m id                                  = (known after apply)
[2026-01-19 02:42:52] [CMD] [32m+[0m[0m image                               = (known after apply)
[2026-01-19 02:42:52] [CMD] [32m+[0m[0m instance_configuration_id           = (known after apply)
[2026-01-19 02:42:52] [CMD] [32m+[0m[0m ipxe_script                         = (known after apply)
[2026-01-19 02:42:52] [CMD] [32m+[0m[0m is_ai_enterprise_enabled            = (known after apply)
[2026-01-19 02:42:52] [CMD] [32m+[0m[0m is_cross_numa_node                  = (known after apply)
[2026-01-19 02:42:52] [CMD] [32m+[0m[0m is_pv_encryption_in_transit_enabled = (known after apply)
[2026-01-19 02:42:52] [CMD] [32m+[0m[0m launch_mode                         = (known after apply)
[2026-01-19 02:42:52] [CMD] [32m+[0m[0m metadata                            = {
[2026-01-19 02:42:52] [CMD] [32m+[0m[0m "ssh_authorized_keys" = <<-EOT
[2026-01-19 02:42:52] [CMD] ssh-rsa AAAAB3NzaC1yc2EAAAADAQABAAABAQDGgVhlH0TFnfQFaCNk5ZHRBYiQgXjS+GiWKUK4iChAdMxHAupZf6kMVTWJZi5tHfsUqYdopwPAmoqpmYc/5AXrkYXyepRHNf/gGSp3Q1BrWH6+jhPBF/2fx65NrUqFTm3muuD3aPvepWA4oobcrT9FJN7HPZQ6N+N32GpM3IY5pbDhlTOkAwR6HLEFXdem8hJ7/GlV5Aw8qiQxhOsqLScN5deJlLsncsQfdSxEFhgrWrNOvAZaItk2q/jzq6I+zQE6WS8pGYu0vRA5hHNXxVdh+PnMavmA2rTzh4g+ATfAqjeA2gYlfQH5Nz9HhzXQGciQDZpUlsjGWWX0OcQ7+1tB buffalo@buffalo-IdeaPad-1
[2026-01-19 02:42:52] [CMD] EOT
[2026-01-19 02:42:52] [CMD] }
[2026-01-19 02:42:52] [CMD] [32m+[0m[0m private_ip                          = (known after apply)
[2026-01-19 02:42:52] [CMD] [32m+[0m[0m public_ip                           = (known after apply)
[2026-01-19 02:42:52] [CMD] [32m+[0m[0m region                              = (known after apply)
[2026-01-19 02:42:52] [CMD] [32m+[0m[0m security_attributes                 = (known after apply)
[2026-01-19 02:42:52] [CMD] [32m+[0m[0m security_attributes_state           = (known after apply)
[2026-01-19 02:42:52] [CMD] [32m+[0m[0m shape                               = "VM.Standard.A1.Flex"
[2026-01-19 02:42:52] [CMD] [32m+[0m[0m state                               = (known after apply)
[2026-01-19 02:42:52] [CMD] [32m+[0m[0m subnet_id                           = (known after apply)
[2026-01-19 02:42:52] [CMD] [32m+[0m[0m system_tags                         = (known after apply)
[2026-01-19 02:42:52] [CMD] [32m+[0m[0m time_created                        = (known after apply)
[2026-01-19 02:42:52] [CMD] [32m+[0m[0m time_maintenance_reboot_due         = (known after apply)
[2026-01-19 02:42:52] [CMD] 
[2026-01-19 02:42:52] [CMD] [32m+[0m[0m agent_config (known after apply)
[2026-01-19 02:42:52] [CMD] 
[2026-01-19 02:42:52] [CMD] [32m+[0m[0m availability_config (known after apply)
[2026-01-19 02:42:52] [CMD] 
[2026-01-19 02:42:52] [CMD] [32m+[0m[0m create_vnic_details {
[2026-01-19 02:42:52] [CMD] [32m+[0m[0m assign_ipv6ip          = (known after apply)
[2026-01-19 02:42:52] [CMD] [32m+[0m[0m assign_public_ip       = "true"
[2026-01-19 02:42:52] [CMD] [32m+[0m[0m defined_tags           = (known after apply)
[2026-01-19 02:42:52] [CMD] [32m+[0m[0m display_name           = (known after apply)
[2026-01-19 02:42:52] [CMD] [32m+[0m[0m freeform_tags          = (known after apply)
[2026-01-19 02:42:52] [CMD] [32m+[0m[0m hostname_label         = (known after apply)
[2026-01-19 02:42:52] [CMD] [32m+[0m[0m nsg_ids                = (known after apply)
[2026-01-19 02:42:52] [CMD] [32m+[0m[0m private_ip             = (known after apply)
[2026-01-19 02:42:52] [CMD] [32m+[0m[0m security_attributes    = (known after apply)
[2026-01-19 02:42:52] [CMD] [32m+[0m[0m skip_source_dest_check = (known after apply)
[2026-01-19 02:42:52] [CMD] [32m+[0m[0m subnet_cidr            = (known after apply)
[2026-01-19 02:42:52] [CMD] [32m+[0m[0m subnet_id              = "ocid1.subnet.oc1.eu-zurich-1.aaaaaaaaptp3u3on7sblkoxaxhcdb25kke42i7u3j3gqgynzhl3672i3fqwa"
[2026-01-19 02:42:52] [CMD] [32m+[0m[0m vlan_id                = (known after apply)
[2026-01-19 02:42:52] [CMD] 
[2026-01-19 02:42:52] [CMD] [32m+[0m[0m ipv6address_ipv6subnet_cidr_pair_details (known after apply)
[2026-01-19 02:42:52] [CMD] }
[2026-01-19 02:42:52] [CMD] 
[2026-01-19 02:42:52] [CMD] [32m+[0m[0m instance_options (known after apply)
[2026-01-19 02:42:52] [CMD] 
[2026-01-19 02:42:52] [CMD] [32m+[0m[0m launch_options (known after apply)
[2026-01-19 02:42:52] [CMD] 
[2026-01-19 02:42:52] [CMD] [32m+[0m[0m launch_volume_attachments (known after apply)
[2026-01-19 02:42:52] [CMD] 
[2026-01-19 02:42:52] [CMD] [32m+[0m[0m licensing_configs (known after apply)
[2026-01-19 02:42:52] [CMD] 
[2026-01-19 02:42:52] [CMD] [32m+[0m[0m placement_constraint_details (known after apply)
[2026-01-19 02:42:52] [CMD] 
[2026-01-19 02:42:52] [CMD] [32m+[0m[0m platform_config (known after apply)
[2026-01-19 02:42:52] [CMD] 
[2026-01-19 02:42:52] [CMD] [32m+[0m[0m preemptible_instance_config (known after apply)
[2026-01-19 02:42:52] [CMD] 
[2026-01-19 02:42:52] [CMD] [32m+[0m[0m shape_config {
[2026-01-19 02:42:52] [CMD] [32m+[0m[0m baseline_ocpu_utilization     = (known after apply)
[2026-01-19 02:42:52] [CMD] [32m+[0m[0m gpu_description               = (known after apply)
[2026-01-19 02:42:52] [CMD] [32m+[0m[0m gpus                          = (known after apply)
[2026-01-19 02:42:52] [CMD] [32m+[0m[0m local_disk_description        = (known after apply)
[2026-01-19 02:42:52] [CMD] [32m+[0m[0m local_disks                   = (known after apply)
[2026-01-19 02:42:52] [CMD] [32m+[0m[0m local_disks_total_size_in_gbs = (known after apply)
[2026-01-19 02:42:52] [CMD] [32m+[0m[0m max_vnic_attachments          = (known after apply)
[2026-01-19 02:42:52] [CMD] [32m+[0m[0m memory_in_gbs                 = 12
[2026-01-19 02:42:52] [CMD] [32m+[0m[0m networking_bandwidth_in_gbps  = (known after apply)
[2026-01-19 02:42:52] [CMD] [32m+[0m[0m nvmes                         = (known after apply)
[2026-01-19 02:42:52] [CMD] [32m+[0m[0m ocpus                         = 2
[2026-01-19 02:42:52] [CMD] [32m+[0m[0m processor_description         = (known after apply)
[2026-01-19 02:42:52] [CMD] [32m+[0m[0m resource_management           = (known after apply)
[2026-01-19 02:42:52] [CMD] [32m+[0m[0m vcpus                         = (known after apply)
[2026-01-19 02:42:52] [CMD] }
[2026-01-19 02:42:52] [CMD] 
[2026-01-19 02:42:52] [CMD] [32m+[0m[0m source_details {
[2026-01-19 02:42:52] [CMD] [32m+[0m[0m boot_volume_size_in_gbs = "100"
[2026-01-19 02:42:52] [CMD] [32m+[0m[0m boot_volume_vpus_per_gb = (known after apply)
[2026-01-19 02:42:52] [CMD] [32m+[0m[0m source_id               = "ocid1.image.oc1.eu-zurich-1.aaaaaaaaeiej3u3vj6qwpezhuzfvttqizv5hs424weni5dffwryitayitiia"
[2026-01-19 02:42:52] [CMD] [32m+[0m[0m source_type             = "image"
[2026-01-19 02:42:52] [CMD] 
[2026-01-19 02:42:52] [CMD] [32m+[0m[0m instance_source_image_filter_details (known after apply)
[2026-01-19 02:42:52] [CMD] }
[2026-01-19 02:42:52] [CMD] }
[2026-01-19 02:42:52] [CMD] 
[2026-01-19 02:42:52] [CMD] [1m  # module.oci_workers.oci_core_instance.vm[1][0m will be created
[2026-01-19 02:42:52] [CMD] [0m  [32m+[0m[0m resource "oci_core_instance" "vm" {
[2026-01-19 02:42:52] [CMD] [32m+[0m[0m availability_domain                 = "Okvh:EU-ZURICH-1-AD-1"
[2026-01-19 02:42:52] [CMD] [32m+[0m[0m boot_volume_id                      = (known after apply)
[2026-01-19 02:42:52] [CMD] [32m+[0m[0m capacity_reservation_id             = (known after apply)
[2026-01-19 02:42:52] [CMD] [32m+[0m[0m compartment_id                      = "ocid1.compartment.oc1..aaaaaaaaqosxqzxlkkoruo6yxntlv2u6653ox7uqc46fhpid6ezj6gi73zzq"
[2026-01-19 02:42:52] [CMD] [32m+[0m[0m compute_cluster_id                  = (known after apply)
[2026-01-19 02:42:52] [CMD] [32m+[0m[0m dedicated_vm_host_id                = (known after apply)
[2026-01-19 02:42:52] [CMD] [32m+[0m[0m defined_tags                        = (known after apply)
[2026-01-19 02:42:52] [CMD] [32m+[0m[0m display_name                        = "oci-kls-worker-202"
[2026-01-19 02:42:52] [CMD] [32m+[0m[0m extended_metadata                   = (known after apply)
[2026-01-19 02:42:52] [CMD] [32m+[0m[0m fault_domain                        = (known after apply)
[2026-01-19 02:42:52] [CMD] [32m+[0m[0m freeform_tags                       = {
[2026-01-19 02:42:52] [CMD] [32m+[0m[0m "Role" = "worker"
[2026-01-19 02:42:52] [CMD] }
[2026-01-19 02:42:52] [CMD] [32m+[0m[0m hostname_label                      = (known after apply)
[2026-01-19 02:42:52] [CMD] [32m+[0m[0m id                                  = (known after apply)
[2026-01-19 02:42:52] [CMD] [32m+[0m[0m image                               = (known after apply)
[2026-01-19 02:42:52] [CMD] [32m+[0m[0m instance_configuration_id           = (known after apply)
[2026-01-19 02:42:52] [CMD] [32m+[0m[0m ipxe_script                         = (known after apply)
[2026-01-19 02:42:52] [CMD] [32m+[0m[0m is_ai_enterprise_enabled            = (known after apply)
[2026-01-19 02:42:52] [CMD] [32m+[0m[0m is_cross_numa_node                  = (known after apply)
[2026-01-19 02:42:52] [CMD] [32m+[0m[0m is_pv_encryption_in_transit_enabled = (known after apply)
[2026-01-19 02:42:52] [CMD] [32m+[0m[0m launch_mode                         = (known after apply)
[2026-01-19 02:42:52] [CMD] [32m+[0m[0m metadata                            = {
[2026-01-19 02:42:52] [CMD] [32m+[0m[0m "ssh_authorized_keys" = <<-EOT
[2026-01-19 02:42:52] [CMD] ssh-rsa AAAAB3NzaC1yc2EAAAADAQABAAABAQDGgVhlH0TFnfQFaCNk5ZHRBYiQgXjS+GiWKUK4iChAdMxHAupZf6kMVTWJZi5tHfsUqYdopwPAmoqpmYc/5AXrkYXyepRHNf/gGSp3Q1BrWH6+jhPBF/2fx65NrUqFTm3muuD3aPvepWA4oobcrT9FJN7HPZQ6N+N32GpM3IY5pbDhlTOkAwR6HLEFXdem8hJ7/GlV5Aw8qiQxhOsqLScN5deJlLsncsQfdSxEFhgrWrNOvAZaItk2q/jzq6I+zQE6WS8pGYu0vRA5hHNXxVdh+PnMavmA2rTzh4g+ATfAqjeA2gYlfQH5Nz9HhzXQGciQDZpUlsjGWWX0OcQ7+1tB buffalo@buffalo-IdeaPad-1
[2026-01-19 02:42:52] [CMD] EOT
[2026-01-19 02:42:52] [CMD] }
[2026-01-19 02:42:52] [CMD] [32m+[0m[0m private_ip                          = (known after apply)
[2026-01-19 02:42:52] [CMD] [32m+[0m[0m public_ip                           = (known after apply)
[2026-01-19 02:42:52] [CMD] [32m+[0m[0m region                              = (known after apply)
[2026-01-19 02:42:52] [CMD] [32m+[0m[0m security_attributes                 = (known after apply)
[2026-01-19 02:42:52] [CMD] [32m+[0m[0m security_attributes_state           = (known after apply)
[2026-01-19 02:42:52] [CMD] [32m+[0m[0m shape                               = "VM.Standard.A1.Flex"
[2026-01-19 02:42:52] [CMD] [32m+[0m[0m state                               = (known after apply)
[2026-01-19 02:42:52] [CMD] [32m+[0m[0m subnet_id                           = (known after apply)
[2026-01-19 02:42:52] [CMD] [32m+[0m[0m system_tags                         = (known after apply)
[2026-01-19 02:42:52] [CMD] [32m+[0m[0m time_created                        = (known after apply)
[2026-01-19 02:42:52] [CMD] [32m+[0m[0m time_maintenance_reboot_due         = (known after apply)
[2026-01-19 02:42:52] [CMD] 
[2026-01-19 02:42:52] [CMD] [32m+[0m[0m agent_config (known after apply)
[2026-01-19 02:42:52] [CMD] 
[2026-01-19 02:42:52] [CMD] [32m+[0m[0m availability_config (known after apply)
[2026-01-19 02:42:52] [CMD] 
[2026-01-19 02:42:52] [CMD] [32m+[0m[0m create_vnic_details {
[2026-01-19 02:42:52] [CMD] [32m+[0m[0m assign_ipv6ip          = (known after apply)
[2026-01-19 02:42:52] [CMD] [32m+[0m[0m assign_public_ip       = "true"
[2026-01-19 02:42:52] [CMD] [32m+[0m[0m defined_tags           = (known after apply)
[2026-01-19 02:42:52] [CMD] [32m+[0m[0m display_name           = (known after apply)
[2026-01-19 02:42:52] [CMD] [32m+[0m[0m freeform_tags          = (known after apply)
[2026-01-19 02:42:52] [CMD] [32m+[0m[0m hostname_label         = (known after apply)
[2026-01-19 02:42:52] [CMD] [32m+[0m[0m nsg_ids                = (known after apply)
[2026-01-19 02:42:52] [CMD] [32m+[0m[0m private_ip             = (known after apply)
[2026-01-19 02:42:52] [CMD] [32m+[0m[0m security_attributes    = (known after apply)
[2026-01-19 02:42:52] [CMD] [32m+[0m[0m skip_source_dest_check = (known after apply)
[2026-01-19 02:42:52] [CMD] [32m+[0m[0m subnet_cidr            = (known after apply)
[2026-01-19 02:42:52] [CMD] [32m+[0m[0m subnet_id              = "ocid1.subnet.oc1.eu-zurich-1.aaaaaaaaptp3u3on7sblkoxaxhcdb25kke42i7u3j3gqgynzhl3672i3fqwa"
[2026-01-19 02:42:52] [CMD] [32m+[0m[0m vlan_id                = (known after apply)
[2026-01-19 02:42:52] [CMD] 
[2026-01-19 02:42:52] [CMD] [32m+[0m[0m ipv6address_ipv6subnet_cidr_pair_details (known after apply)
[2026-01-19 02:42:52] [CMD] }
[2026-01-19 02:42:52] [CMD] 
[2026-01-19 02:42:52] [CMD] [32m+[0m[0m instance_options (known after apply)
[2026-01-19 02:42:52] [CMD] 
[2026-01-19 02:42:52] [CMD] [32m+[0m[0m launch_options (known after apply)
[2026-01-19 02:42:52] [CMD] 
[2026-01-19 02:42:52] [CMD] [32m+[0m[0m launch_volume_attachments (known after apply)
[2026-01-19 02:42:52] [CMD] 
[2026-01-19 02:42:52] [CMD] [32m+[0m[0m licensing_configs (known after apply)
[2026-01-19 02:42:52] [CMD] 
[2026-01-19 02:42:52] [CMD] [32m+[0m[0m placement_constraint_details (known after apply)
[2026-01-19 02:42:52] [CMD] 
[2026-01-19 02:42:52] [CMD] [32m+[0m[0m platform_config (known after apply)
[2026-01-19 02:42:52] [CMD] 
[2026-01-19 02:42:52] [CMD] [32m+[0m[0m preemptible_instance_config (known after apply)
[2026-01-19 02:42:52] [CMD] 
[2026-01-19 02:42:52] [CMD] [32m+[0m[0m shape_config {
[2026-01-19 02:42:52] [CMD] [32m+[0m[0m baseline_ocpu_utilization     = (known after apply)
[2026-01-19 02:42:52] [CMD] [32m+[0m[0m gpu_description               = (known after apply)
[2026-01-19 02:42:52] [CMD] [32m+[0m[0m gpus                          = (known after apply)
[2026-01-19 02:42:52] [CMD] [32m+[0m[0m local_disk_description        = (known after apply)
[2026-01-19 02:42:52] [CMD] [32m+[0m[0m local_disks                   = (known after apply)
[2026-01-19 02:42:52] [CMD] [32m+[0m[0m local_disks_total_size_in_gbs = (known after apply)
[2026-01-19 02:42:52] [CMD] [32m+[0m[0m max_vnic_attachments          = (known after apply)
[2026-01-19 02:42:52] [CMD] [32m+[0m[0m memory_in_gbs                 = 12
[2026-01-19 02:42:52] [CMD] [32m+[0m[0m networking_bandwidth_in_gbps  = (known after apply)
[2026-01-19 02:42:52] [CMD] [32m+[0m[0m nvmes                         = (known after apply)
[2026-01-19 02:42:52] [CMD] [32m+[0m[0m ocpus                         = 2
[2026-01-19 02:42:52] [CMD] [32m+[0m[0m processor_description         = (known after apply)
[2026-01-19 02:42:52] [CMD] [32m+[0m[0m resource_management           = (known after apply)
[2026-01-19 02:42:52] [CMD] [32m+[0m[0m vcpus                         = (known after apply)
[2026-01-19 02:42:52] [CMD] }
[2026-01-19 02:42:52] [CMD] 
[2026-01-19 02:42:52] [CMD] [32m+[0m[0m source_details {
[2026-01-19 02:42:52] [CMD] [32m+[0m[0m boot_volume_size_in_gbs = "100"
[2026-01-19 02:42:52] [CMD] [32m+[0m[0m boot_volume_vpus_per_gb = (known after apply)
[2026-01-19 02:42:52] [CMD] [32m+[0m[0m source_id               = "ocid1.image.oc1.eu-zurich-1.aaaaaaaaeiej3u3vj6qwpezhuzfvttqizv5hs424weni5dffwryitayitiia"
[2026-01-19 02:42:52] [CMD] [32m+[0m[0m source_type             = "image"
[2026-01-19 02:42:52] [CMD] 
[2026-01-19 02:42:52] [CMD] [32m+[0m[0m instance_source_image_filter_details (known after apply)
[2026-01-19 02:42:52] [CMD] }
[2026-01-19 02:42:52] [CMD] }
[2026-01-19 02:42:52] [CMD] 
[2026-01-19 02:42:52] [CMD] [1mPlan:[0m [0m2 to add, 0 to change, 0 to destroy.
[2026-01-19 02:42:52] [CMD] 
[2026-01-19 02:42:52] [CMD] Changes to Outputs:
[2026-01-19 02:42:52] [CMD] [32m+[0m[0m oci_worker_ips       = [
[2026-01-19 02:42:52] [CMD] [32m+[0m[0m (known after apply),
[2026-01-19 02:42:52] [CMD] [32m+[0m[0m (known after apply),
[2026-01-19 02:42:52] [CMD] ]
[2026-01-19 02:42:53] [CMD] [0m[1mmodule.oci_workers.oci_core_instance.vm[0]: Creating...[0m[0m
[2026-01-19 02:42:53] [CMD] [0m[1mmodule.oci_workers.oci_core_instance.vm[1]: Creating...[0m[0m
[2026-01-19 02:42:57] [CMD] [33m╷[0m[0m
[2026-01-19 02:42:57] [CMD] [33m│[0m [0m[1m[33mWarning: [0m[0m[1mValue for undeclared variable[0m
[2026-01-19 02:42:57] [CMD] [33m│[0m [0m
[2026-01-19 02:42:57] [CMD] [33m│[0m [0m[0mThe root module does not declare a variable named "gcp_image" but a value
[2026-01-19 02:42:57] [CMD] [33m│[0m [0mwas found in file "terraform.tfvars". If you meant to use this value, add a
[2026-01-19 02:42:57] [CMD] [33m│[0m [0m"variable" block to the configuration.
[2026-01-19 02:42:57] [CMD] [33m│[0m [0m
[2026-01-19 02:42:57] [CMD] [33m│[0m [0mTo silence these warnings, use TF_VAR_... environment variables to provide
[2026-01-19 02:42:57] [CMD] [33m│[0m [0mcertain "global" settings to all configurations in your organization. To
[2026-01-19 02:42:57] [CMD] [33m│[0m [0mreduce the verbosity of these warnings, use the -compact-warnings option.
[2026-01-19 02:42:57] [CMD] [33m╵[0m[0m
[2026-01-19 02:42:57] [CMD] [31m╷[0m[0m
[2026-01-19 02:42:57] [CMD] [31m│[0m [0m[1m[31mError: [0m[0m[1m500-InternalError, Out of host capacity.
[2026-01-19 02:42:57] [CMD] [31m│[0m [0mSuggestion: The service for this resource encountered an error. Please contact support for help with service: Core Instance
[2026-01-19 02:42:57] [CMD] [31m│[0m [0mDocumentation: https://registry.terraform.io/providers/oracle/oci/latest/docs/resources/core_instance
[2026-01-19 02:42:57] [CMD] [31m│[0m [0mAPI Reference: https://docs.oracle.com/iaas/api/#/en/iaas/20160918/Instance/LaunchInstance
[2026-01-19 02:42:57] [CMD] [31m│[0m [0mRequest Target: POST https://iaas.eu-zurich-1.oraclecloud.com/20160918/instances
[2026-01-19 02:42:57] [CMD] [31m│[0m [0mProvider version: 7.29.0, released on 2025-12-16. This provider is 4 Update(s) behind to current.
[2026-01-19 02:42:57] [CMD] [31m│[0m [0mService: Core Instance
[2026-01-19 02:42:57] [CMD] [31m│[0m [0mOperation Name: LaunchInstance
[2026-01-19 02:42:57] [CMD] [31m│[0m [0mOPC request ID: 1ce6bc4de767e135e68c89b5754c5871/ED7837A18E458C2E309A6D695A524818/D072AC8DE478C3835161B2265C01E7D7
[2026-01-19 02:42:57] [CMD] [31m│[0m [0m[0m
[2026-01-19 02:42:57] [CMD] [31m│[0m [0m
[2026-01-19 02:42:57] [CMD] [31m│[0m [0m[0m  with module.oci_workers.oci_core_instance.vm[0],
[2026-01-19 02:42:57] [CMD] [31m│[0m [0m  on ../modules/oci-instance/main.tf line 37, in resource "oci_core_instance" "vm":
[2026-01-19 02:42:57] [CMD] [31m│[0m [0m  37: resource "oci_core_instance" "vm" [4m{[0m[0m
[2026-01-19 02:42:57] [CMD] [31m│[0m [0m
[2026-01-19 02:42:57] [CMD] [31m╵[0m[0m
[2026-01-19 02:42:57] [CMD] [31m╷[0m[0m
[2026-01-19 02:42:57] [CMD] [31m│[0m [0m[1m[31mError: [0m[0m[1m500-InternalError, Out of host capacity.
[2026-01-19 02:42:57] [CMD] [31m│[0m [0mSuggestion: The service for this resource encountered an error. Please contact support for help with service: Core Instance
[2026-01-19 02:42:57] [CMD] [31m│[0m [0mDocumentation: https://registry.terraform.io/providers/oracle/oci/latest/docs/resources/core_instance
[2026-01-19 02:42:57] [CMD] [31m│[0m [0mAPI Reference: https://docs.oracle.com/iaas/api/#/en/iaas/20160918/Instance/LaunchInstance
[2026-01-19 02:42:57] [CMD] [31m│[0m [0mRequest Target: POST https://iaas.eu-zurich-1.oraclecloud.com/20160918/instances
[2026-01-19 02:42:57] [CMD] [31m│[0m [0mProvider version: 7.29.0, released on 2025-12-16. This provider is 4 Update(s) behind to current.
[2026-01-19 02:42:57] [CMD] [31m│[0m [0mService: Core Instance
[2026-01-19 02:42:57] [CMD] [31m│[0m [0mOperation Name: LaunchInstance
[2026-01-19 02:42:57] [CMD] [31m│[0m [0mOPC request ID: 78823ab53c3e216ca4124d28f6e9f25e/43921DE88CA310AC2E9A6D695A524884/B748F612816A455DF844517B1030CA23
[2026-01-19 02:42:57] [CMD] [31m│[0m [0m[0m
[2026-01-19 02:42:57] [CMD] [31m│[0m [0m
[2026-01-19 02:42:57] [CMD] [31m│[0m [0m[0m  with module.oci_workers.oci_core_instance.vm[1],
[2026-01-19 02:42:57] [CMD] [31m│[0m [0m  on ../modules/oci-instance/main.tf line 37, in resource "oci_core_instance" "vm":
[2026-01-19 02:42:57] [CMD] [31m│[0m [0m  37: resource "oci_core_instance" "vm" [4m{[0m[0m
[2026-01-19 02:42:57] [CMD] [31m│[0m [0m
[2026-01-19 02:42:57] [CMD] [31m╵[0m[0m
[2026-01-19 02:42:57] Command failed with exit code 1.
[2026-01-19 02:42:57] Task failed. Retrying in 300 seconds...
[2026-01-19 02:47:57] Attempting to run: terraform apply --auto-approve
[2026-01-19 02:47:57] Working Directory: /home/buffalo/Documents/Project/kubernetes-infra/terraform/kls-infra-02
[2026-01-19 02:48:04] [CMD] [0m[1mmodule.oci_workers.data.oci_identity_availability_domains.ads: Reading...[0m[0m
[2026-01-19 02:48:04] [CMD] [0m[1mmodule.oci_workers.data.oci_core_images.ubuntu_amd: Reading...[0m[0m
[2026-01-19 02:48:04] [CMD] [0m[1mmodule.oci_controlplane.data.oci_core_images.ubuntu_arm: Reading...[0m[0m
[2026-01-19 02:48:04] [CMD] [0m[1mmodule.oci_controlplane.data.oci_core_images.ubuntu_amd: Reading...[0m[0m
[2026-01-19 02:48:04] [CMD] [0m[1mmodule.oci_controlplane.data.oci_identity_availability_domains.ads: Reading...[0m[0m
[2026-01-19 02:48:04] [CMD] [0m[1mmodule.oci_workers.data.oci_core_images.ubuntu_arm: Reading...[0m[0m
[2026-01-19 02:48:05] [CMD] [0m[1mmodule.aws_worker.data.aws_ami.ubuntu: Reading...[0m[0m
[2026-01-19 02:48:05] [CMD] [0m[1mmodule.oci_workers.data.oci_identity_availability_domains.ads: Read complete after 1s [id=IdentityAvailabilityDomainsDataSource-2634143273][0m
[2026-01-19 02:48:05] [CMD] [0m[1mmodule.oci_controlplane.data.oci_identity_availability_domains.ads: Read complete after 1s [id=IdentityAvailabilityDomainsDataSource-2634143273][0m
[2026-01-19 02:48:05] [CMD] [0m[1mmodule.oci_controlplane.data.oci_core_images.ubuntu_arm: Read complete after 1s [id=CoreImagesDataSource-1596659991][0m
[2026-01-19 02:48:05] [CMD] [0m[1mmodule.oci_workers.data.oci_core_images.ubuntu_arm: Read complete after 1s [id=CoreImagesDataSource-1596659991][0m
[2026-01-19 02:48:05] [CMD] [0m[1mmodule.oci_workers.data.oci_core_images.ubuntu_amd: Read complete after 2s [id=CoreImagesDataSource-4182059877][0m
[2026-01-19 02:48:05] [CMD] [0m[1mmodule.oci_controlplane.data.oci_core_images.ubuntu_amd: Read complete after 2s [id=CoreImagesDataSource-4182059877][0m
[2026-01-19 02:48:05] [CMD] [0m[1mmodule.gcp_worker.data.google_compute_image.ubuntu: Reading...[0m[0m
[2026-01-19 02:48:06] [CMD] [0m[1mmodule.gcp_worker.data.google_compute_image.ubuntu: Read complete after 1s [id=projects/ubuntu-os-cloud/global/images/ubuntu-2404-noble-amd64-v20260117][0m
[2026-01-19 02:48:06] [CMD] [0m[1mmodule.aws_worker.data.aws_ami.ubuntu: Read complete after 2s [id=ami-01637463b2cbe7cb6][0m
[2026-01-19 02:48:07] [CMD] 
[2026-01-19 02:48:07] [CMD] Terraform used the selected providers to generate the following execution
[2026-01-19 02:48:07] [CMD] plan. Resource actions are indicated with the following symbols:
[2026-01-19 02:48:07] [CMD] [32m+[0m create[0m
[2026-01-19 02:48:07] [CMD] 
[2026-01-19 02:48:07] [CMD] Terraform will perform the following actions:
[2026-01-19 02:48:07] [CMD] 
[2026-01-19 02:48:07] [CMD] [1m  # module.oci_workers.oci_core_instance.vm[0][0m will be created
[2026-01-19 02:48:07] [CMD] [0m  [32m+[0m[0m resource "oci_core_instance" "vm" {
[2026-01-19 02:48:07] [CMD] [32m+[0m[0m availability_domain                 = "Okvh:EU-ZURICH-1-AD-1"
[2026-01-19 02:48:07] [CMD] [32m+[0m[0m boot_volume_id                      = (known after apply)
[2026-01-19 02:48:07] [CMD] [32m+[0m[0m capacity_reservation_id             = (known after apply)
[2026-01-19 02:48:07] [CMD] [32m+[0m[0m compartment_id                      = "ocid1.compartment.oc1..aaaaaaaaqosxqzxlkkoruo6yxntlv2u6653ox7uqc46fhpid6ezj6gi73zzq"
[2026-01-19 02:48:07] [CMD] [32m+[0m[0m compute_cluster_id                  = (known after apply)
[2026-01-19 02:48:07] [CMD] [32m+[0m[0m dedicated_vm_host_id                = (known after apply)
[2026-01-19 02:48:07] [CMD] [32m+[0m[0m defined_tags                        = (known after apply)
[2026-01-19 02:48:07] [CMD] [32m+[0m[0m display_name                        = "oci-kls-worker-201"
[2026-01-19 02:48:07] [CMD] [32m+[0m[0m extended_metadata                   = (known after apply)
[2026-01-19 02:48:07] [CMD] [32m+[0m[0m fault_domain                        = (known after apply)
[2026-01-19 02:48:07] [CMD] [32m+[0m[0m freeform_tags                       = {
[2026-01-19 02:48:07] [CMD] [32m+[0m[0m "Role" = "worker"
[2026-01-19 02:48:07] [CMD] }
[2026-01-19 02:48:07] [CMD] [32m+[0m[0m hostname_label                      = (known after apply)
[2026-01-19 02:48:07] [CMD] [32m+[0m[0m id                                  = (known after apply)
[2026-01-19 02:48:07] [CMD] [32m+[0m[0m image                               = (known after apply)
[2026-01-19 02:48:07] [CMD] [32m+[0m[0m instance_configuration_id           = (known after apply)
[2026-01-19 02:48:07] [CMD] [32m+[0m[0m ipxe_script                         = (known after apply)
[2026-01-19 02:48:07] [CMD] [32m+[0m[0m is_ai_enterprise_enabled            = (known after apply)
[2026-01-19 02:48:07] [CMD] [32m+[0m[0m is_cross_numa_node                  = (known after apply)
[2026-01-19 02:48:07] [CMD] [32m+[0m[0m is_pv_encryption_in_transit_enabled = (known after apply)
[2026-01-19 02:48:07] [CMD] [32m+[0m[0m launch_mode                         = (known after apply)
[2026-01-19 02:48:07] [CMD] [32m+[0m[0m metadata                            = {
[2026-01-19 02:48:07] [CMD] [32m+[0m[0m "ssh_authorized_keys" = <<-EOT
[2026-01-19 02:48:07] [CMD] ssh-rsa AAAAB3NzaC1yc2EAAAADAQABAAABAQDGgVhlH0TFnfQFaCNk5ZHRBYiQgXjS+GiWKUK4iChAdMxHAupZf6kMVTWJZi5tHfsUqYdopwPAmoqpmYc/5AXrkYXyepRHNf/gGSp3Q1BrWH6+jhPBF/2fx65NrUqFTm3muuD3aPvepWA4oobcrT9FJN7HPZQ6N+N32GpM3IY5pbDhlTOkAwR6HLEFXdem8hJ7/GlV5Aw8qiQxhOsqLScN5deJlLsncsQfdSxEFhgrWrNOvAZaItk2q/jzq6I+zQE6WS8pGYu0vRA5hHNXxVdh+PnMavmA2rTzh4g+ATfAqjeA2gYlfQH5Nz9HhzXQGciQDZpUlsjGWWX0OcQ7+1tB buffalo@buffalo-IdeaPad-1
[2026-01-19 02:48:07] [CMD] EOT
[2026-01-19 02:48:07] [CMD] }
[2026-01-19 02:48:07] [CMD] [32m+[0m[0m private_ip                          = (known after apply)
[2026-01-19 02:48:07] [CMD] [32m+[0m[0m public_ip                           = (known after apply)
[2026-01-19 02:48:07] [CMD] [32m+[0m[0m region                              = (known after apply)
[2026-01-19 02:48:07] [CMD] [32m+[0m[0m security_attributes                 = (known after apply)
[2026-01-19 02:48:07] [CMD] [32m+[0m[0m security_attributes_state           = (known after apply)
[2026-01-19 02:48:07] [CMD] [32m+[0m[0m shape                               = "VM.Standard.A1.Flex"
[2026-01-19 02:48:07] [CMD] [32m+[0m[0m state                               = (known after apply)
[2026-01-19 02:48:07] [CMD] [32m+[0m[0m subnet_id                           = (known after apply)
[2026-01-19 02:48:07] [CMD] [32m+[0m[0m system_tags                         = (known after apply)
[2026-01-19 02:48:07] [CMD] [32m+[0m[0m time_created                        = (known after apply)
[2026-01-19 02:48:07] [CMD] [32m+[0m[0m time_maintenance_reboot_due         = (known after apply)
[2026-01-19 02:48:07] [CMD] 
[2026-01-19 02:48:07] [CMD] [32m+[0m[0m agent_config (known after apply)
[2026-01-19 02:48:07] [CMD] 
[2026-01-19 02:48:07] [CMD] [32m+[0m[0m availability_config (known after apply)
[2026-01-19 02:48:07] [CMD] 
[2026-01-19 02:48:07] [CMD] [32m+[0m[0m create_vnic_details {
[2026-01-19 02:48:07] [CMD] [32m+[0m[0m assign_ipv6ip          = (known after apply)
[2026-01-19 02:48:07] [CMD] [32m+[0m[0m assign_public_ip       = "true"
[2026-01-19 02:48:07] [CMD] [32m+[0m[0m defined_tags           = (known after apply)
[2026-01-19 02:48:07] [CMD] [32m+[0m[0m display_name           = (known after apply)
[2026-01-19 02:48:07] [CMD] [32m+[0m[0m freeform_tags          = (known after apply)
[2026-01-19 02:48:07] [CMD] [32m+[0m[0m hostname_label         = (known after apply)
[2026-01-19 02:48:07] [CMD] [32m+[0m[0m nsg_ids                = (known after apply)
[2026-01-19 02:48:07] [CMD] [32m+[0m[0m private_ip             = (known after apply)
[2026-01-19 02:48:07] [CMD] [32m+[0m[0m security_attributes    = (known after apply)
[2026-01-19 02:48:07] [CMD] [32m+[0m[0m skip_source_dest_check = (known after apply)
[2026-01-19 02:48:07] [CMD] [32m+[0m[0m subnet_cidr            = (known after apply)
[2026-01-19 02:48:07] [CMD] [32m+[0m[0m subnet_id              = "ocid1.subnet.oc1.eu-zurich-1.aaaaaaaaptp3u3on7sblkoxaxhcdb25kke42i7u3j3gqgynzhl3672i3fqwa"
[2026-01-19 02:48:07] [CMD] [32m+[0m[0m vlan_id                = (known after apply)
[2026-01-19 02:48:07] [CMD] 
[2026-01-19 02:48:07] [CMD] [32m+[0m[0m ipv6address_ipv6subnet_cidr_pair_details (known after apply)
[2026-01-19 02:48:07] [CMD] }
[2026-01-19 02:48:07] [CMD] 
[2026-01-19 02:48:07] [CMD] [32m+[0m[0m instance_options (known after apply)
[2026-01-19 02:48:07] [CMD] 
[2026-01-19 02:48:07] [CMD] [32m+[0m[0m launch_options (known after apply)
[2026-01-19 02:48:07] [CMD] 
[2026-01-19 02:48:07] [CMD] [32m+[0m[0m launch_volume_attachments (known after apply)
[2026-01-19 02:48:07] [CMD] 
[2026-01-19 02:48:07] [CMD] [32m+[0m[0m licensing_configs (known after apply)
[2026-01-19 02:48:07] [CMD] 
[2026-01-19 02:48:07] [CMD] [32m+[0m[0m placement_constraint_details (known after apply)
[2026-01-19 02:48:07] [CMD] 
[2026-01-19 02:48:07] [CMD] [32m+[0m[0m platform_config (known after apply)
[2026-01-19 02:48:07] [CMD] 
[2026-01-19 02:48:07] [CMD] [32m+[0m[0m preemptible_instance_config (known after apply)
[2026-01-19 02:48:07] [CMD] 
[2026-01-19 02:48:07] [CMD] [32m+[0m[0m shape_config {
[2026-01-19 02:48:07] [CMD] [32m+[0m[0m baseline_ocpu_utilization     = (known after apply)
[2026-01-19 02:48:07] [CMD] [32m+[0m[0m gpu_description               = (known after apply)
[2026-01-19 02:48:07] [CMD] [32m+[0m[0m gpus                          = (known after apply)
[2026-01-19 02:48:07] [CMD] [32m+[0m[0m local_disk_description        = (known after apply)
[2026-01-19 02:48:07] [CMD] [32m+[0m[0m local_disks                   = (known after apply)
[2026-01-19 02:48:07] [CMD] [32m+[0m[0m local_disks_total_size_in_gbs = (known after apply)
[2026-01-19 02:48:07] [CMD] [32m+[0m[0m max_vnic_attachments          = (known after apply)
[2026-01-19 02:48:07] [CMD] [32m+[0m[0m memory_in_gbs                 = 12
[2026-01-19 02:48:07] [CMD] [32m+[0m[0m networking_bandwidth_in_gbps  = (known after apply)
[2026-01-19 02:48:07] [CMD] [32m+[0m[0m nvmes                         = (known after apply)
[2026-01-19 02:48:07] [CMD] [32m+[0m[0m ocpus                         = 2
[2026-01-19 02:48:07] [CMD] [32m+[0m[0m processor_description         = (known after apply)
[2026-01-19 02:48:07] [CMD] [32m+[0m[0m resource_management           = (known after apply)
[2026-01-19 02:48:07] [CMD] [32m+[0m[0m vcpus                         = (known after apply)
[2026-01-19 02:48:07] [CMD] }
[2026-01-19 02:48:07] [CMD] 
[2026-01-19 02:48:07] [CMD] [32m+[0m[0m source_details {
[2026-01-19 02:48:07] [CMD] [32m+[0m[0m boot_volume_size_in_gbs = "100"
[2026-01-19 02:48:07] [CMD] [32m+[0m[0m boot_volume_vpus_per_gb = (known after apply)
[2026-01-19 02:48:07] [CMD] [32m+[0m[0m source_id               = "ocid1.image.oc1.eu-zurich-1.aaaaaaaaeiej3u3vj6qwpezhuzfvttqizv5hs424weni5dffwryitayitiia"
[2026-01-19 02:48:07] [CMD] [32m+[0m[0m source_type             = "image"
[2026-01-19 02:48:07] [CMD] 
[2026-01-19 02:48:07] [CMD] [32m+[0m[0m instance_source_image_filter_details (known after apply)
[2026-01-19 02:48:07] [CMD] }
[2026-01-19 02:48:07] [CMD] }
[2026-01-19 02:48:07] [CMD] 
[2026-01-19 02:48:07] [CMD] [1m  # module.oci_workers.oci_core_instance.vm[1][0m will be created
[2026-01-19 02:48:07] [CMD] [0m  [32m+[0m[0m resource "oci_core_instance" "vm" {
[2026-01-19 02:48:07] [CMD] [32m+[0m[0m availability_domain                 = "Okvh:EU-ZURICH-1-AD-1"
[2026-01-19 02:48:07] [CMD] [32m+[0m[0m boot_volume_id                      = (known after apply)
[2026-01-19 02:48:07] [CMD] [32m+[0m[0m capacity_reservation_id             = (known after apply)
[2026-01-19 02:48:07] [CMD] [32m+[0m[0m compartment_id                      = "ocid1.compartment.oc1..aaaaaaaaqosxqzxlkkoruo6yxntlv2u6653ox7uqc46fhpid6ezj6gi73zzq"
[2026-01-19 02:48:07] [CMD] [32m+[0m[0m compute_cluster_id                  = (known after apply)
[2026-01-19 02:48:07] [CMD] [32m+[0m[0m dedicated_vm_host_id                = (known after apply)
[2026-01-19 02:48:07] [CMD] [32m+[0m[0m defined_tags                        = (known after apply)
[2026-01-19 02:48:07] [CMD] [32m+[0m[0m display_name                        = "oci-kls-worker-202"
[2026-01-19 02:48:07] [CMD] [32m+[0m[0m extended_metadata                   = (known after apply)
[2026-01-19 02:48:07] [CMD] [32m+[0m[0m fault_domain                        = (known after apply)
[2026-01-19 02:48:07] [CMD] [32m+[0m[0m freeform_tags                       = {
[2026-01-19 02:48:07] [CMD] [32m+[0m[0m "Role" = "worker"
[2026-01-19 02:48:07] [CMD] }
[2026-01-19 02:48:07] [CMD] [32m+[0m[0m hostname_label                      = (known after apply)
[2026-01-19 02:48:07] [CMD] [32m+[0m[0m id                                  = (known after apply)
[2026-01-19 02:48:07] [CMD] [32m+[0m[0m image                               = (known after apply)
[2026-01-19 02:48:07] [CMD] [32m+[0m[0m instance_configuration_id           = (known after apply)
[2026-01-19 02:48:07] [CMD] [32m+[0m[0m ipxe_script                         = (known after apply)
[2026-01-19 02:48:07] [CMD] [32m+[0m[0m is_ai_enterprise_enabled            = (known after apply)
[2026-01-19 02:48:07] [CMD] [32m+[0m[0m is_cross_numa_node                  = (known after apply)
[2026-01-19 02:48:07] [CMD] [32m+[0m[0m is_pv_encryption_in_transit_enabled = (known after apply)
[2026-01-19 02:48:07] [CMD] [32m+[0m[0m launch_mode                         = (known after apply)
[2026-01-19 02:48:07] [CMD] [32m+[0m[0m metadata                            = {
[2026-01-19 02:48:07] [CMD] [32m+[0m[0m "ssh_authorized_keys" = <<-EOT
[2026-01-19 02:48:07] [CMD] ssh-rsa AAAAB3NzaC1yc2EAAAADAQABAAABAQDGgVhlH0TFnfQFaCNk5ZHRBYiQgXjS+GiWKUK4iChAdMxHAupZf6kMVTWJZi5tHfsUqYdopwPAmoqpmYc/5AXrkYXyepRHNf/gGSp3Q1BrWH6+jhPBF/2fx65NrUqFTm3muuD3aPvepWA4oobcrT9FJN7HPZQ6N+N32GpM3IY5pbDhlTOkAwR6HLEFXdem8hJ7/GlV5Aw8qiQxhOsqLScN5deJlLsncsQfdSxEFhgrWrNOvAZaItk2q/jzq6I+zQE6WS8pGYu0vRA5hHNXxVdh+PnMavmA2rTzh4g+ATfAqjeA2gYlfQH5Nz9HhzXQGciQDZpUlsjGWWX0OcQ7+1tB buffalo@buffalo-IdeaPad-1
[2026-01-19 02:48:07] [CMD] EOT
[2026-01-19 02:48:07] [CMD] }
[2026-01-19 02:48:07] [CMD] [32m+[0m[0m private_ip                          = (known after apply)
[2026-01-19 02:48:07] [CMD] [32m+[0m[0m public_ip                           = (known after apply)
[2026-01-19 02:48:07] [CMD] [32m+[0m[0m region                              = (known after apply)
[2026-01-19 02:48:07] [CMD] [32m+[0m[0m security_attributes                 = (known after apply)
[2026-01-19 02:48:07] [CMD] [32m+[0m[0m security_attributes_state           = (known after apply)
[2026-01-19 02:48:07] [CMD] [32m+[0m[0m shape                               = "VM.Standard.A1.Flex"
[2026-01-19 02:48:07] [CMD] [32m+[0m[0m state                               = (known after apply)
[2026-01-19 02:48:07] [CMD] [32m+[0m[0m subnet_id                           = (known after apply)
[2026-01-19 02:48:07] [CMD] [32m+[0m[0m system_tags                         = (known after apply)
[2026-01-19 02:48:07] [CMD] [32m+[0m[0m time_created                        = (known after apply)
[2026-01-19 02:48:07] [CMD] [32m+[0m[0m time_maintenance_reboot_due         = (known after apply)
[2026-01-19 02:48:07] [CMD] 
[2026-01-19 02:48:07] [CMD] [32m+[0m[0m agent_config (known after apply)
[2026-01-19 02:48:07] [CMD] 
[2026-01-19 02:48:07] [CMD] [32m+[0m[0m availability_config (known after apply)
[2026-01-19 02:48:07] [CMD] 
[2026-01-19 02:48:07] [CMD] [32m+[0m[0m create_vnic_details {
[2026-01-19 02:48:07] [CMD] [32m+[0m[0m assign_ipv6ip          = (known after apply)
[2026-01-19 02:48:07] [CMD] [32m+[0m[0m assign_public_ip       = "true"
[2026-01-19 02:48:07] [CMD] [32m+[0m[0m defined_tags           = (known after apply)
[2026-01-19 02:48:07] [CMD] [32m+[0m[0m display_name           = (known after apply)
[2026-01-19 02:48:07] [CMD] [32m+[0m[0m freeform_tags          = (known after apply)
[2026-01-19 02:48:07] [CMD] [32m+[0m[0m hostname_label         = (known after apply)
[2026-01-19 02:48:07] [CMD] [32m+[0m[0m nsg_ids                = (known after apply)
[2026-01-19 02:48:07] [CMD] [32m+[0m[0m private_ip             = (known after apply)
[2026-01-19 02:48:07] [CMD] [32m+[0m[0m security_attributes    = (known after apply)
[2026-01-19 02:48:07] [CMD] [32m+[0m[0m skip_source_dest_check = (known after apply)
[2026-01-19 02:48:07] [CMD] [32m+[0m[0m subnet_cidr            = (known after apply)
[2026-01-19 02:48:07] [CMD] [32m+[0m[0m subnet_id              = "ocid1.subnet.oc1.eu-zurich-1.aaaaaaaaptp3u3on7sblkoxaxhcdb25kke42i7u3j3gqgynzhl3672i3fqwa"
[2026-01-19 02:48:07] [CMD] [32m+[0m[0m vlan_id                = (known after apply)
[2026-01-19 02:48:07] [CMD] 
[2026-01-19 02:48:07] [CMD] [32m+[0m[0m ipv6address_ipv6subnet_cidr_pair_details (known after apply)
[2026-01-19 02:48:07] [CMD] }
[2026-01-19 02:48:07] [CMD] 
[2026-01-19 02:48:07] [CMD] [32m+[0m[0m instance_options (known after apply)
[2026-01-19 02:48:07] [CMD] 
[2026-01-19 02:48:07] [CMD] [32m+[0m[0m launch_options (known after apply)
[2026-01-19 02:48:07] [CMD] 
[2026-01-19 02:48:07] [CMD] [32m+[0m[0m launch_volume_attachments (known after apply)
[2026-01-19 02:48:07] [CMD] 
[2026-01-19 02:48:07] [CMD] [32m+[0m[0m licensing_configs (known after apply)
[2026-01-19 02:48:07] [CMD] 
[2026-01-19 02:48:07] [CMD] [32m+[0m[0m placement_constraint_details (known after apply)
[2026-01-19 02:48:07] [CMD] 
[2026-01-19 02:48:07] [CMD] [32m+[0m[0m platform_config (known after apply)
[2026-01-19 02:48:07] [CMD] 
[2026-01-19 02:48:07] [CMD] [32m+[0m[0m preemptible_instance_config (known after apply)
[2026-01-19 02:48:07] [CMD] 
[2026-01-19 02:48:07] [CMD] [32m+[0m[0m shape_config {
[2026-01-19 02:48:07] [CMD] [32m+[0m[0m baseline_ocpu_utilization     = (known after apply)
[2026-01-19 02:48:07] [CMD] [32m+[0m[0m gpu_description               = (known after apply)
[2026-01-19 02:48:07] [CMD] [32m+[0m[0m gpus                          = (known after apply)
[2026-01-19 02:48:07] [CMD] [32m+[0m[0m local_disk_description        = (known after apply)
[2026-01-19 02:48:07] [CMD] [32m+[0m[0m local_disks                   = (known after apply)
[2026-01-19 02:48:07] [CMD] [32m+[0m[0m local_disks_total_size_in_gbs = (known after apply)
[2026-01-19 02:48:07] [CMD] [32m+[0m[0m max_vnic_attachments          = (known after apply)
[2026-01-19 02:48:07] [CMD] [32m+[0m[0m memory_in_gbs                 = 12
[2026-01-19 02:48:07] [CMD] [32m+[0m[0m networking_bandwidth_in_gbps  = (known after apply)
[2026-01-19 02:48:07] [CMD] [32m+[0m[0m nvmes                         = (known after apply)
[2026-01-19 02:48:07] [CMD] [32m+[0m[0m ocpus                         = 2
[2026-01-19 02:48:07] [CMD] [32m+[0m[0m processor_description         = (known after apply)
[2026-01-19 02:48:07] [CMD] [32m+[0m[0m resource_management           = (known after apply)
[2026-01-19 02:48:07] [CMD] [32m+[0m[0m vcpus                         = (known after apply)
[2026-01-19 02:48:07] [CMD] }
[2026-01-19 02:48:07] [CMD] 
[2026-01-19 02:48:07] [CMD] [32m+[0m[0m source_details {
[2026-01-19 02:48:07] [CMD] [32m+[0m[0m boot_volume_size_in_gbs = "100"
[2026-01-19 02:48:07] [CMD] [32m+[0m[0m boot_volume_vpus_per_gb = (known after apply)
[2026-01-19 02:48:07] [CMD] [32m+[0m[0m source_id               = "ocid1.image.oc1.eu-zurich-1.aaaaaaaaeiej3u3vj6qwpezhuzfvttqizv5hs424weni5dffwryitayitiia"
[2026-01-19 02:48:07] [CMD] [32m+[0m[0m source_type             = "image"
[2026-01-19 02:48:07] [CMD] 
[2026-01-19 02:48:07] [CMD] [32m+[0m[0m instance_source_image_filter_details (known after apply)
[2026-01-19 02:48:07] [CMD] }
[2026-01-19 02:48:07] [CMD] }
[2026-01-19 02:48:07] [CMD] 
[2026-01-19 02:48:07] [CMD] [1mPlan:[0m [0m2 to add, 0 to change, 0 to destroy.
[2026-01-19 02:48:07] [CMD] 
[2026-01-19 02:48:07] [CMD] Changes to Outputs:
[2026-01-19 02:48:07] [CMD] [32m+[0m[0m oci_worker_ips       = [
[2026-01-19 02:48:07] [CMD] [32m+[0m[0m (known after apply),
[2026-01-19 02:48:07] [CMD] [32m+[0m[0m (known after apply),
[2026-01-19 02:48:07] [CMD] ]
[2026-01-19 02:48:08] [CMD] [0m[1mmodule.oci_workers.oci_core_instance.vm[1]: Creating...[0m[0m
[2026-01-19 02:48:08] [CMD] [0m[1mmodule.oci_workers.oci_core_instance.vm[0]: Creating...[0m[0m
[2026-01-19 02:48:10] [CMD] [33m╷[0m[0m
[2026-01-19 02:48:10] [CMD] [33m│[0m [0m[1m[33mWarning: [0m[0m[1mValue for undeclared variable[0m
[2026-01-19 02:48:10] [CMD] [33m│[0m [0m
[2026-01-19 02:48:10] [CMD] [33m│[0m [0m[0mThe root module does not declare a variable named "gcp_image" but a value
[2026-01-19 02:48:10] [CMD] [33m│[0m [0mwas found in file "terraform.tfvars". If you meant to use this value, add a
[2026-01-19 02:48:10] [CMD] [33m│[0m [0m"variable" block to the configuration.
[2026-01-19 02:48:10] [CMD] [33m│[0m [0m
[2026-01-19 02:48:10] [CMD] [33m│[0m [0mTo silence these warnings, use TF_VAR_... environment variables to provide
[2026-01-19 02:48:10] [CMD] [33m│[0m [0mcertain "global" settings to all configurations in your organization. To
[2026-01-19 02:48:10] [CMD] [33m│[0m [0mreduce the verbosity of these warnings, use the -compact-warnings option.
[2026-01-19 02:48:10] [CMD] [33m╵[0m[0m
[2026-01-19 02:48:10] [CMD] [31m╷[0m[0m
[2026-01-19 02:48:10] [CMD] [31m│[0m [0m[1m[31mError: [0m[0m[1m500-InternalError, Out of host capacity.
[2026-01-19 02:48:10] [CMD] [31m│[0m [0mSuggestion: The service for this resource encountered an error. Please contact support for help with service: Core Instance
[2026-01-19 02:48:10] [CMD] [31m│[0m [0mDocumentation: https://registry.terraform.io/providers/oracle/oci/latest/docs/resources/core_instance
[2026-01-19 02:48:10] [CMD] [31m│[0m [0mAPI Reference: https://docs.oracle.com/iaas/api/#/en/iaas/20160918/Instance/LaunchInstance
[2026-01-19 02:48:10] [CMD] [31m│[0m [0mRequest Target: POST https://iaas.eu-zurich-1.oraclecloud.com/20160918/instances
[2026-01-19 02:48:10] [CMD] [31m│[0m [0mProvider version: 7.29.0, released on 2025-12-16. This provider is 4 Update(s) behind to current.
[2026-01-19 02:48:10] [CMD] [31m│[0m [0mService: Core Instance
[2026-01-19 02:48:10] [CMD] [31m│[0m [0mOperation Name: LaunchInstance
[2026-01-19 02:48:10] [CMD] [31m│[0m [0mOPC request ID: 1554d517809450e5dbbfea1738298701/87B2EDC69D06D13F689B6D695A5248E3/275E83810F0491D62D2F397265953AA4
[2026-01-19 02:48:10] [CMD] [31m│[0m [0m[0m
[2026-01-19 02:48:10] [CMD] [31m│[0m [0m
[2026-01-19 02:48:10] [CMD] [31m│[0m [0m[0m  with module.oci_workers.oci_core_instance.vm[1],
[2026-01-19 02:48:10] [CMD] [31m│[0m [0m  on ../modules/oci-instance/main.tf line 37, in resource "oci_core_instance" "vm":
[2026-01-19 02:48:10] [CMD] [31m│[0m [0m  37: resource "oci_core_instance" "vm" [4m{[0m[0m
[2026-01-19 02:48:10] [CMD] [31m│[0m [0m
[2026-01-19 02:48:10] [CMD] [31m╵[0m[0m
[2026-01-19 02:48:10] [CMD] [31m╷[0m[0m
[2026-01-19 02:48:10] [CMD] [31m│[0m [0m[1m[31mError: [0m[0m[1m500-InternalError, Out of host capacity.
[2026-01-19 02:48:10] [CMD] [31m│[0m [0mSuggestion: The service for this resource encountered an error. Please contact support for help with service: Core Instance
[2026-01-19 02:48:10] [CMD] [31m│[0m [0mDocumentation: https://registry.terraform.io/providers/oracle/oci/latest/docs/resources/core_instance
[2026-01-19 02:48:10] [CMD] [31m│[0m [0mAPI Reference: https://docs.oracle.com/iaas/api/#/en/iaas/20160918/Instance/LaunchInstance
[2026-01-19 02:48:10] [CMD] [31m│[0m [0mRequest Target: POST https://iaas.eu-zurich-1.oraclecloud.com/20160918/instances
[2026-01-19 02:48:10] [CMD] [31m│[0m [0mProvider version: 7.29.0, released on 2025-12-16. This provider is 4 Update(s) behind to current.
[2026-01-19 02:48:10] [CMD] [31m│[0m [0mService: Core Instance
[2026-01-19 02:48:10] [CMD] [31m│[0m [0mOperation Name: LaunchInstance
[2026-01-19 02:48:10] [CMD] [31m│[0m [0mOPC request ID: a63a4a80a51b8241f32234c7a8488ec3/C5CE24F7EA7B6965689B6D695A5248F4/5E82D6CDED69D24FCB099378787201BC
[2026-01-19 02:48:10] [CMD] [31m│[0m [0m[0m
[2026-01-19 02:48:10] [CMD] [31m│[0m [0m
[2026-01-19 02:48:10] [CMD] [31m│[0m [0m[0m  with module.oci_workers.oci_core_instance.vm[0],
[2026-01-19 02:48:10] [CMD] [31m│[0m [0m  on ../modules/oci-instance/main.tf line 37, in resource "oci_core_instance" "vm":
[2026-01-19 02:48:10] [CMD] [31m│[0m [0m  37: resource "oci_core_instance" "vm" [4m{[0m[0m
[2026-01-19 02:48:10] [CMD] [31m│[0m [0m
[2026-01-19 02:48:10] [CMD] [31m╵[0m[0m
[2026-01-19 02:48:10] Command failed with exit code 1.
[2026-01-19 02:48:10] Task failed. Retrying in 300 seconds...
[2026-01-19 02:53:10] Attempting to run: terraform apply --auto-approve
[2026-01-19 02:53:10] Working Directory: /home/buffalo/Documents/Project/kubernetes-infra/terraform/kls-infra-02
[2026-01-19 02:53:14] [CMD] [0m[1mmodule.oci_workers.data.oci_core_images.ubuntu_amd: Reading...[0m[0m
[2026-01-19 02:53:14] [CMD] [0m[1mmodule.oci_controlplane.data.oci_identity_availability_domains.ads: Reading...[0m[0m
[2026-01-19 02:53:14] [CMD] [0m[1mmodule.oci_workers.data.oci_identity_availability_domains.ads: Reading...[0m[0m
[2026-01-19 02:53:14] [CMD] [0m[1mmodule.oci_workers.data.oci_core_images.ubuntu_arm: Reading...[0m[0m
[2026-01-19 02:53:14] [CMD] [0m[1mmodule.oci_controlplane.data.oci_core_images.ubuntu_arm: Reading...[0m[0m
[2026-01-19 02:53:14] [CMD] [0m[1mmodule.oci_controlplane.data.oci_core_images.ubuntu_amd: Reading...[0m[0m
[2026-01-19 02:53:16] [CMD] [0m[1mmodule.oci_workers.data.oci_identity_availability_domains.ads: Read complete after 1s [id=IdentityAvailabilityDomainsDataSource-2634143273][0m
[2026-01-19 02:53:16] [CMD] [0m[1mmodule.oci_controlplane.data.oci_identity_availability_domains.ads: Read complete after 1s [id=IdentityAvailabilityDomainsDataSource-2634143273][0m
[2026-01-19 02:53:16] [CMD] [0m[1mmodule.oci_workers.data.oci_core_images.ubuntu_arm: Read complete after 1s [id=CoreImagesDataSource-1596659991][0m
[2026-01-19 02:53:16] [CMD] [0m[1mmodule.oci_controlplane.data.oci_core_images.ubuntu_arm: Read complete after 1s [id=CoreImagesDataSource-1596659991][0m
[2026-01-19 02:53:16] [CMD] [0m[1mmodule.oci_workers.data.oci_core_images.ubuntu_amd: Read complete after 1s [id=CoreImagesDataSource-4182059877][0m
[2026-01-19 02:53:16] [CMD] [0m[1mmodule.oci_controlplane.data.oci_core_images.ubuntu_amd: Read complete after 1s [id=CoreImagesDataSource-4182059877][0m
[2026-01-19 02:53:16] [CMD] [0m[1mmodule.aws_worker.data.aws_ami.ubuntu: Reading...[0m[0m
[2026-01-19 02:53:17] [CMD] [0m[1mmodule.gcp_worker.data.google_compute_image.ubuntu: Reading...[0m[0m
[2026-01-19 02:53:18] [CMD] [0m[1mmodule.gcp_worker.data.google_compute_image.ubuntu: Read complete after 2s [id=projects/ubuntu-os-cloud/global/images/ubuntu-2404-noble-amd64-v20260117][0m
[2026-01-19 02:53:18] [CMD] [0m[1mmodule.aws_worker.data.aws_ami.ubuntu: Read complete after 3s [id=ami-01637463b2cbe7cb6][0m
[2026-01-19 02:53:19] [CMD] 
[2026-01-19 02:53:19] [CMD] Terraform used the selected providers to generate the following execution
[2026-01-19 02:53:19] [CMD] plan. Resource actions are indicated with the following symbols:
[2026-01-19 02:53:19] [CMD] [32m+[0m create[0m
[2026-01-19 02:53:19] [CMD] 
[2026-01-19 02:53:19] [CMD] Terraform will perform the following actions:
[2026-01-19 02:53:19] [CMD] 
[2026-01-19 02:53:19] [CMD] [1m  # module.oci_workers.oci_core_instance.vm[0][0m will be created
[2026-01-19 02:53:19] [CMD] [0m  [32m+[0m[0m resource "oci_core_instance" "vm" {
[2026-01-19 02:53:19] [CMD] [32m+[0m[0m availability_domain                 = "Okvh:EU-ZURICH-1-AD-1"
[2026-01-19 02:53:19] [CMD] [32m+[0m[0m boot_volume_id                      = (known after apply)
[2026-01-19 02:53:19] [CMD] [32m+[0m[0m capacity_reservation_id             = (known after apply)
[2026-01-19 02:53:19] [CMD] [32m+[0m[0m compartment_id                      = "ocid1.compartment.oc1..aaaaaaaaqosxqzxlkkoruo6yxntlv2u6653ox7uqc46fhpid6ezj6gi73zzq"
[2026-01-19 02:53:19] [CMD] [32m+[0m[0m compute_cluster_id                  = (known after apply)
[2026-01-19 02:53:19] [CMD] [32m+[0m[0m dedicated_vm_host_id                = (known after apply)
[2026-01-19 02:53:19] [CMD] [32m+[0m[0m defined_tags                        = (known after apply)
[2026-01-19 02:53:19] [CMD] [32m+[0m[0m display_name                        = "oci-kls-worker-201"
[2026-01-19 02:53:19] [CMD] [32m+[0m[0m extended_metadata                   = (known after apply)
[2026-01-19 02:53:19] [CMD] [32m+[0m[0m fault_domain                        = (known after apply)
[2026-01-19 02:53:19] [CMD] [32m+[0m[0m freeform_tags                       = {
[2026-01-19 02:53:19] [CMD] [32m+[0m[0m "Role" = "worker"
[2026-01-19 02:53:19] [CMD] }
[2026-01-19 02:53:19] [CMD] [32m+[0m[0m hostname_label                      = (known after apply)
[2026-01-19 02:53:19] [CMD] [32m+[0m[0m id                                  = (known after apply)
[2026-01-19 02:53:19] [CMD] [32m+[0m[0m image                               = (known after apply)
[2026-01-19 02:53:19] [CMD] [32m+[0m[0m instance_configuration_id           = (known after apply)
[2026-01-19 02:53:19] [CMD] [32m+[0m[0m ipxe_script                         = (known after apply)
[2026-01-19 02:53:19] [CMD] [32m+[0m[0m is_ai_enterprise_enabled            = (known after apply)
[2026-01-19 02:53:19] [CMD] [32m+[0m[0m is_cross_numa_node                  = (known after apply)
[2026-01-19 02:53:19] [CMD] [32m+[0m[0m is_pv_encryption_in_transit_enabled = (known after apply)
[2026-01-19 02:53:19] [CMD] [32m+[0m[0m launch_mode                         = (known after apply)
[2026-01-19 02:53:19] [CMD] [32m+[0m[0m metadata                            = {
[2026-01-19 02:53:19] [CMD] [32m+[0m[0m "ssh_authorized_keys" = <<-EOT
[2026-01-19 02:53:19] [CMD] ssh-rsa AAAAB3NzaC1yc2EAAAADAQABAAABAQDGgVhlH0TFnfQFaCNk5ZHRBYiQgXjS+GiWKUK4iChAdMxHAupZf6kMVTWJZi5tHfsUqYdopwPAmoqpmYc/5AXrkYXyepRHNf/gGSp3Q1BrWH6+jhPBF/2fx65NrUqFTm3muuD3aPvepWA4oobcrT9FJN7HPZQ6N+N32GpM3IY5pbDhlTOkAwR6HLEFXdem8hJ7/GlV5Aw8qiQxhOsqLScN5deJlLsncsQfdSxEFhgrWrNOvAZaItk2q/jzq6I+zQE6WS8pGYu0vRA5hHNXxVdh+PnMavmA2rTzh4g+ATfAqjeA2gYlfQH5Nz9HhzXQGciQDZpUlsjGWWX0OcQ7+1tB buffalo@buffalo-IdeaPad-1
[2026-01-19 02:53:19] [CMD] EOT
[2026-01-19 02:53:19] [CMD] }
[2026-01-19 02:53:19] [CMD] [32m+[0m[0m private_ip                          = (known after apply)
[2026-01-19 02:53:19] [CMD] [32m+[0m[0m public_ip                           = (known after apply)
[2026-01-19 02:53:19] [CMD] [32m+[0m[0m region                              = (known after apply)
[2026-01-19 02:53:19] [CMD] [32m+[0m[0m security_attributes                 = (known after apply)
[2026-01-19 02:53:19] [CMD] [32m+[0m[0m security_attributes_state           = (known after apply)
[2026-01-19 02:53:19] [CMD] [32m+[0m[0m shape                               = "VM.Standard.A1.Flex"
[2026-01-19 02:53:19] [CMD] [32m+[0m[0m state                               = (known after apply)
[2026-01-19 02:53:19] [CMD] [32m+[0m[0m subnet_id                           = (known after apply)
[2026-01-19 02:53:19] [CMD] [32m+[0m[0m system_tags                         = (known after apply)
[2026-01-19 02:53:19] [CMD] [32m+[0m[0m time_created                        = (known after apply)
[2026-01-19 02:53:19] [CMD] [32m+[0m[0m time_maintenance_reboot_due         = (known after apply)
[2026-01-19 02:53:19] [CMD] 
[2026-01-19 02:53:19] [CMD] [32m+[0m[0m agent_config (known after apply)
[2026-01-19 02:53:19] [CMD] 
[2026-01-19 02:53:19] [CMD] [32m+[0m[0m availability_config (known after apply)
[2026-01-19 02:53:19] [CMD] 
[2026-01-19 02:53:19] [CMD] [32m+[0m[0m create_vnic_details {
[2026-01-19 02:53:19] [CMD] [32m+[0m[0m assign_ipv6ip          = (known after apply)
[2026-01-19 02:53:19] [CMD] [32m+[0m[0m assign_public_ip       = "true"
[2026-01-19 02:53:19] [CMD] [32m+[0m[0m defined_tags           = (known after apply)
[2026-01-19 02:53:19] [CMD] [32m+[0m[0m display_name           = (known after apply)
[2026-01-19 02:53:19] [CMD] [32m+[0m[0m freeform_tags          = (known after apply)
[2026-01-19 02:53:19] [CMD] [32m+[0m[0m hostname_label         = (known after apply)
[2026-01-19 02:53:19] [CMD] [32m+[0m[0m nsg_ids                = (known after apply)
[2026-01-19 02:53:19] [CMD] [32m+[0m[0m private_ip             = (known after apply)
[2026-01-19 02:53:19] [CMD] [32m+[0m[0m security_attributes    = (known after apply)
[2026-01-19 02:53:19] [CMD] [32m+[0m[0m skip_source_dest_check = (known after apply)
[2026-01-19 02:53:19] [CMD] [32m+[0m[0m subnet_cidr            = (known after apply)
[2026-01-19 02:53:19] [CMD] [32m+[0m[0m subnet_id              = "ocid1.subnet.oc1.eu-zurich-1.aaaaaaaaptp3u3on7sblkoxaxhcdb25kke42i7u3j3gqgynzhl3672i3fqwa"
[2026-01-19 02:53:19] [CMD] [32m+[0m[0m vlan_id                = (known after apply)
[2026-01-19 02:53:19] [CMD] 
[2026-01-19 02:53:19] [CMD] [32m+[0m[0m ipv6address_ipv6subnet_cidr_pair_details (known after apply)
[2026-01-19 02:53:19] [CMD] }
[2026-01-19 02:53:19] [CMD] 
[2026-01-19 02:53:19] [CMD] [32m+[0m[0m instance_options (known after apply)
[2026-01-19 02:53:19] [CMD] 
[2026-01-19 02:53:19] [CMD] [32m+[0m[0m launch_options (known after apply)
[2026-01-19 02:53:19] [CMD] 
[2026-01-19 02:53:19] [CMD] [32m+[0m[0m launch_volume_attachments (known after apply)
[2026-01-19 02:53:19] [CMD] 
[2026-01-19 02:53:19] [CMD] [32m+[0m[0m licensing_configs (known after apply)
[2026-01-19 02:53:19] [CMD] 
[2026-01-19 02:53:19] [CMD] [32m+[0m[0m placement_constraint_details (known after apply)
[2026-01-19 02:53:19] [CMD] 
[2026-01-19 02:53:19] [CMD] [32m+[0m[0m platform_config (known after apply)
[2026-01-19 02:53:19] [CMD] 
[2026-01-19 02:53:19] [CMD] [32m+[0m[0m preemptible_instance_config (known after apply)
[2026-01-19 02:53:19] [CMD] 
[2026-01-19 02:53:19] [CMD] [32m+[0m[0m shape_config {
[2026-01-19 02:53:19] [CMD] [32m+[0m[0m baseline_ocpu_utilization     = (known after apply)
[2026-01-19 02:53:19] [CMD] [32m+[0m[0m gpu_description               = (known after apply)
[2026-01-19 02:53:19] [CMD] [32m+[0m[0m gpus                          = (known after apply)
[2026-01-19 02:53:19] [CMD] [32m+[0m[0m local_disk_description        = (known after apply)
[2026-01-19 02:53:19] [CMD] [32m+[0m[0m local_disks                   = (known after apply)
[2026-01-19 02:53:19] [CMD] [32m+[0m[0m local_disks_total_size_in_gbs = (known after apply)
[2026-01-19 02:53:19] [CMD] [32m+[0m[0m max_vnic_attachments          = (known after apply)
[2026-01-19 02:53:19] [CMD] [32m+[0m[0m memory_in_gbs                 = 12
[2026-01-19 02:53:19] [CMD] [32m+[0m[0m networking_bandwidth_in_gbps  = (known after apply)
[2026-01-19 02:53:19] [CMD] [32m+[0m[0m nvmes                         = (known after apply)
[2026-01-19 02:53:19] [CMD] [32m+[0m[0m ocpus                         = 2
[2026-01-19 02:53:19] [CMD] [32m+[0m[0m processor_description         = (known after apply)
[2026-01-19 02:53:19] [CMD] [32m+[0m[0m resource_management           = (known after apply)
[2026-01-19 02:53:19] [CMD] [32m+[0m[0m vcpus                         = (known after apply)
[2026-01-19 02:53:19] [CMD] }
[2026-01-19 02:53:19] [CMD] 
[2026-01-19 02:53:19] [CMD] [32m+[0m[0m source_details {
[2026-01-19 02:53:19] [CMD] [32m+[0m[0m boot_volume_size_in_gbs = "100"
[2026-01-19 02:53:19] [CMD] [32m+[0m[0m boot_volume_vpus_per_gb = (known after apply)
[2026-01-19 02:53:19] [CMD] [32m+[0m[0m source_id               = "ocid1.image.oc1.eu-zurich-1.aaaaaaaaeiej3u3vj6qwpezhuzfvttqizv5hs424weni5dffwryitayitiia"
[2026-01-19 02:53:19] [CMD] [32m+[0m[0m source_type             = "image"
[2026-01-19 02:53:19] [CMD] 
[2026-01-19 02:53:19] [CMD] [32m+[0m[0m instance_source_image_filter_details (known after apply)
[2026-01-19 02:53:19] [CMD] }
[2026-01-19 02:53:19] [CMD] }
[2026-01-19 02:53:19] [CMD] 
[2026-01-19 02:53:19] [CMD] [1m  # module.oci_workers.oci_core_instance.vm[1][0m will be created
[2026-01-19 02:53:19] [CMD] [0m  [32m+[0m[0m resource "oci_core_instance" "vm" {
[2026-01-19 02:53:19] [CMD] [32m+[0m[0m availability_domain                 = "Okvh:EU-ZURICH-1-AD-1"
[2026-01-19 02:53:19] [CMD] [32m+[0m[0m boot_volume_id                      = (known after apply)
[2026-01-19 02:53:19] [CMD] [32m+[0m[0m capacity_reservation_id             = (known after apply)
[2026-01-19 02:53:19] [CMD] [32m+[0m[0m compartment_id                      = "ocid1.compartment.oc1..aaaaaaaaqosxqzxlkkoruo6yxntlv2u6653ox7uqc46fhpid6ezj6gi73zzq"
[2026-01-19 02:53:19] [CMD] [32m+[0m[0m compute_cluster_id                  = (known after apply)
[2026-01-19 02:53:19] [CMD] [32m+[0m[0m dedicated_vm_host_id                = (known after apply)
[2026-01-19 02:53:19] [CMD] [32m+[0m[0m defined_tags                        = (known after apply)
[2026-01-19 02:53:19] [CMD] [32m+[0m[0m display_name                        = "oci-kls-worker-202"
[2026-01-19 02:53:19] [CMD] [32m+[0m[0m extended_metadata                   = (known after apply)
[2026-01-19 02:53:19] [CMD] [32m+[0m[0m fault_domain                        = (known after apply)
[2026-01-19 02:53:19] [CMD] [32m+[0m[0m freeform_tags                       = {
[2026-01-19 02:53:19] [CMD] [32m+[0m[0m "Role" = "worker"
[2026-01-19 02:53:19] [CMD] }
[2026-01-19 02:53:19] [CMD] [32m+[0m[0m hostname_label                      = (known after apply)
[2026-01-19 02:53:19] [CMD] [32m+[0m[0m id                                  = (known after apply)
[2026-01-19 02:53:19] [CMD] [32m+[0m[0m image                               = (known after apply)
[2026-01-19 02:53:19] [CMD] [32m+[0m[0m instance_configuration_id           = (known after apply)
[2026-01-19 02:53:19] [CMD] [32m+[0m[0m ipxe_script                         = (known after apply)
[2026-01-19 02:53:19] [CMD] [32m+[0m[0m is_ai_enterprise_enabled            = (known after apply)
[2026-01-19 02:53:19] [CMD] [32m+[0m[0m is_cross_numa_node                  = (known after apply)
[2026-01-19 02:53:19] [CMD] [32m+[0m[0m is_pv_encryption_in_transit_enabled = (known after apply)
[2026-01-19 02:53:19] [CMD] [32m+[0m[0m launch_mode                         = (known after apply)
[2026-01-19 02:53:19] [CMD] [32m+[0m[0m metadata                            = {
[2026-01-19 02:53:19] [CMD] [32m+[0m[0m "ssh_authorized_keys" = <<-EOT
[2026-01-19 02:53:19] [CMD] ssh-rsa AAAAB3NzaC1yc2EAAAADAQABAAABAQDGgVhlH0TFnfQFaCNk5ZHRBYiQgXjS+GiWKUK4iChAdMxHAupZf6kMVTWJZi5tHfsUqYdopwPAmoqpmYc/5AXrkYXyepRHNf/gGSp3Q1BrWH6+jhPBF/2fx65NrUqFTm3muuD3aPvepWA4oobcrT9FJN7HPZQ6N+N32GpM3IY5pbDhlTOkAwR6HLEFXdem8hJ7/GlV5Aw8qiQxhOsqLScN5deJlLsncsQfdSxEFhgrWrNOvAZaItk2q/jzq6I+zQE6WS8pGYu0vRA5hHNXxVdh+PnMavmA2rTzh4g+ATfAqjeA2gYlfQH5Nz9HhzXQGciQDZpUlsjGWWX0OcQ7+1tB buffalo@buffalo-IdeaPad-1
[2026-01-19 02:53:19] [CMD] EOT
[2026-01-19 02:53:19] [CMD] }
[2026-01-19 02:53:19] [CMD] [32m+[0m[0m private_ip                          = (known after apply)
[2026-01-19 02:53:19] [CMD] [32m+[0m[0m public_ip                           = (known after apply)
[2026-01-19 02:53:19] [CMD] [32m+[0m[0m region                              = (known after apply)
[2026-01-19 02:53:19] [CMD] [32m+[0m[0m security_attributes                 = (known after apply)
[2026-01-19 02:53:19] [CMD] [32m+[0m[0m security_attributes_state           = (known after apply)
[2026-01-19 02:53:19] [CMD] [32m+[0m[0m shape                               = "VM.Standard.A1.Flex"
[2026-01-19 02:53:19] [CMD] [32m+[0m[0m state                               = (known after apply)
[2026-01-19 02:53:19] [CMD] [32m+[0m[0m subnet_id                           = (known after apply)
[2026-01-19 02:53:19] [CMD] [32m+[0m[0m system_tags                         = (known after apply)
[2026-01-19 02:53:19] [CMD] [32m+[0m[0m time_created                        = (known after apply)
[2026-01-19 02:53:19] [CMD] [32m+[0m[0m time_maintenance_reboot_due         = (known after apply)
[2026-01-19 02:53:19] [CMD] 
[2026-01-19 02:53:19] [CMD] [32m+[0m[0m agent_config (known after apply)
[2026-01-19 02:53:19] [CMD] 
[2026-01-19 02:53:19] [CMD] [32m+[0m[0m availability_config (known after apply)
[2026-01-19 02:53:19] [CMD] 
[2026-01-19 02:53:19] [CMD] [32m+[0m[0m create_vnic_details {
[2026-01-19 02:53:19] [CMD] [32m+[0m[0m assign_ipv6ip          = (known after apply)
[2026-01-19 02:53:19] [CMD] [32m+[0m[0m assign_public_ip       = "true"
[2026-01-19 02:53:19] [CMD] [32m+[0m[0m defined_tags           = (known after apply)
[2026-01-19 02:53:19] [CMD] [32m+[0m[0m display_name           = (known after apply)
[2026-01-19 02:53:19] [CMD] [32m+[0m[0m freeform_tags          = (known after apply)
[2026-01-19 02:53:19] [CMD] [32m+[0m[0m hostname_label         = (known after apply)
[2026-01-19 02:53:19] [CMD] [32m+[0m[0m nsg_ids                = (known after apply)
[2026-01-19 02:53:19] [CMD] [32m+[0m[0m private_ip             = (known after apply)
[2026-01-19 02:53:19] [CMD] [32m+[0m[0m security_attributes    = (known after apply)
[2026-01-19 02:53:19] [CMD] [32m+[0m[0m skip_source_dest_check = (known after apply)
[2026-01-19 02:53:19] [CMD] [32m+[0m[0m subnet_cidr            = (known after apply)
[2026-01-19 02:53:19] [CMD] [32m+[0m[0m subnet_id              = "ocid1.subnet.oc1.eu-zurich-1.aaaaaaaaptp3u3on7sblkoxaxhcdb25kke42i7u3j3gqgynzhl3672i3fqwa"
[2026-01-19 02:53:19] [CMD] [32m+[0m[0m vlan_id                = (known after apply)
[2026-01-19 02:53:19] [CMD] 
[2026-01-19 02:53:19] [CMD] [32m+[0m[0m ipv6address_ipv6subnet_cidr_pair_details (known after apply)
[2026-01-19 02:53:19] [CMD] }
[2026-01-19 02:53:19] [CMD] 
[2026-01-19 02:53:19] [CMD] [32m+[0m[0m instance_options (known after apply)
[2026-01-19 02:53:19] [CMD] 
[2026-01-19 02:53:19] [CMD] [32m+[0m[0m launch_options (known after apply)
[2026-01-19 02:53:19] [CMD] 
[2026-01-19 02:53:19] [CMD] [32m+[0m[0m launch_volume_attachments (known after apply)
[2026-01-19 02:53:19] [CMD] 
[2026-01-19 02:53:19] [CMD] [32m+[0m[0m licensing_configs (known after apply)
[2026-01-19 02:53:19] [CMD] 
[2026-01-19 02:53:19] [CMD] [32m+[0m[0m placement_constraint_details (known after apply)
[2026-01-19 02:53:19] [CMD] 
[2026-01-19 02:53:19] [CMD] [32m+[0m[0m platform_config (known after apply)
[2026-01-19 02:53:19] [CMD] 
[2026-01-19 02:53:19] [CMD] [32m+[0m[0m preemptible_instance_config (known after apply)
[2026-01-19 02:53:19] [CMD] 
[2026-01-19 02:53:19] [CMD] [32m+[0m[0m shape_config {
[2026-01-19 02:53:19] [CMD] [32m+[0m[0m baseline_ocpu_utilization     = (known after apply)
[2026-01-19 02:53:19] [CMD] [32m+[0m[0m gpu_description               = (known after apply)
[2026-01-19 02:53:19] [CMD] [32m+[0m[0m gpus                          = (known after apply)
[2026-01-19 02:53:19] [CMD] [32m+[0m[0m local_disk_description        = (known after apply)
[2026-01-19 02:53:19] [CMD] [32m+[0m[0m local_disks                   = (known after apply)
[2026-01-19 02:53:19] [CMD] [32m+[0m[0m local_disks_total_size_in_gbs = (known after apply)
[2026-01-19 02:53:19] [CMD] [32m+[0m[0m max_vnic_attachments          = (known after apply)
[2026-01-19 02:53:19] [CMD] [32m+[0m[0m memory_in_gbs                 = 12
[2026-01-19 02:53:19] [CMD] [32m+[0m[0m networking_bandwidth_in_gbps  = (known after apply)
[2026-01-19 02:53:19] [CMD] [32m+[0m[0m nvmes                         = (known after apply)
[2026-01-19 02:53:19] [CMD] [32m+[0m[0m ocpus                         = 2
[2026-01-19 02:53:19] [CMD] [32m+[0m[0m processor_description         = (known after apply)
[2026-01-19 02:53:19] [CMD] [32m+[0m[0m resource_management           = (known after apply)
[2026-01-19 02:53:19] [CMD] [32m+[0m[0m vcpus                         = (known after apply)
[2026-01-19 02:53:19] [CMD] }
[2026-01-19 02:53:19] [CMD] 
[2026-01-19 02:53:19] [CMD] [32m+[0m[0m source_details {
[2026-01-19 02:53:19] [CMD] [32m+[0m[0m boot_volume_size_in_gbs = "100"
[2026-01-19 02:53:19] [CMD] [32m+[0m[0m boot_volume_vpus_per_gb = (known after apply)
[2026-01-19 02:53:19] [CMD] [32m+[0m[0m source_id               = "ocid1.image.oc1.eu-zurich-1.aaaaaaaaeiej3u3vj6qwpezhuzfvttqizv5hs424weni5dffwryitayitiia"
[2026-01-19 02:53:19] [CMD] [32m+[0m[0m source_type             = "image"
[2026-01-19 02:53:19] [CMD] 
[2026-01-19 02:53:19] [CMD] [32m+[0m[0m instance_source_image_filter_details (known after apply)
[2026-01-19 02:53:19] [CMD] }
[2026-01-19 02:53:19] [CMD] }
[2026-01-19 02:53:19] [CMD] 
[2026-01-19 02:53:19] [CMD] [1mPlan:[0m [0m2 to add, 0 to change, 0 to destroy.
[2026-01-19 02:53:19] [CMD] 
[2026-01-19 02:53:19] [CMD] Changes to Outputs:
[2026-01-19 02:53:19] [CMD] [32m+[0m[0m oci_worker_ips       = [
[2026-01-19 02:53:19] [CMD] [32m+[0m[0m (known after apply),
[2026-01-19 02:53:19] [CMD] [32m+[0m[0m (known after apply),
[2026-01-19 02:53:19] [CMD] ]
[2026-01-19 02:53:19] [CMD] [0m[1mmodule.oci_workers.oci_core_instance.vm[1]: Creating...[0m[0m
[2026-01-19 02:53:19] [CMD] [0m[1mmodule.oci_workers.oci_core_instance.vm[0]: Creating...[0m[0m
[2026-01-19 02:53:21] [CMD] [33m╷[0m[0m
[2026-01-19 02:53:21] [CMD] [33m│[0m [0m[1m[33mWarning: [0m[0m[1mValue for undeclared variable[0m
[2026-01-19 02:53:21] [CMD] [33m│[0m [0m
[2026-01-19 02:53:21] [CMD] [33m│[0m [0m[0mThe root module does not declare a variable named "gcp_image" but a value
[2026-01-19 02:53:21] [CMD] [33m│[0m [0mwas found in file "terraform.tfvars". If you meant to use this value, add a
[2026-01-19 02:53:21] [CMD] [33m│[0m [0m"variable" block to the configuration.
[2026-01-19 02:53:21] [CMD] [33m│[0m [0m
[2026-01-19 02:53:21] [CMD] [33m│[0m [0mTo silence these warnings, use TF_VAR_... environment variables to provide
[2026-01-19 02:53:21] [CMD] [33m│[0m [0mcertain "global" settings to all configurations in your organization. To
[2026-01-19 02:53:21] [CMD] [33m│[0m [0mreduce the verbosity of these warnings, use the -compact-warnings option.
[2026-01-19 02:53:21] [CMD] [33m╵[0m[0m
[2026-01-19 02:53:21] [CMD] [31m╷[0m[0m
[2026-01-19 02:53:21] [CMD] [31m│[0m [0m[1m[31mError: [0m[0m[1m500-InternalError, Out of host capacity.
[2026-01-19 02:53:21] [CMD] [31m│[0m [0mSuggestion: The service for this resource encountered an error. Please contact support for help with service: Core Instance
[2026-01-19 02:53:21] [CMD] [31m│[0m [0mDocumentation: https://registry.terraform.io/providers/oracle/oci/latest/docs/resources/core_instance
[2026-01-19 02:53:21] [CMD] [31m│[0m [0mAPI Reference: https://docs.oracle.com/iaas/api/#/en/iaas/20160918/Instance/LaunchInstance
[2026-01-19 02:53:21] [CMD] [31m│[0m [0mRequest Target: POST https://iaas.eu-zurich-1.oraclecloud.com/20160918/instances
[2026-01-19 02:53:21] [CMD] [31m│[0m [0mProvider version: 7.29.0, released on 2025-12-16. This provider is 4 Update(s) behind to current.
[2026-01-19 02:53:21] [CMD] [31m│[0m [0mService: Core Instance
[2026-01-19 02:53:21] [CMD] [31m│[0m [0mOperation Name: LaunchInstance
[2026-01-19 02:53:21] [CMD] [31m│[0m [0mOPC request ID: 080f1942c7d01d093b2a5c7769105272/D9ACBCF598461358A09C6D695A5248C9/FC1802656523CBE3BFFBFB39C778C0B3
[2026-01-19 02:53:21] [CMD] [31m│[0m [0m[0m
[2026-01-19 02:53:21] [CMD] [31m│[0m [0m
[2026-01-19 02:53:21] [CMD] [31m│[0m [0m[0m  with module.oci_workers.oci_core_instance.vm[1],
[2026-01-19 02:53:21] [CMD] [31m│[0m [0m  on ../modules/oci-instance/main.tf line 37, in resource "oci_core_instance" "vm":
[2026-01-19 02:53:21] [CMD] [31m│[0m [0m  37: resource "oci_core_instance" "vm" [4m{[0m[0m
[2026-01-19 02:53:21] [CMD] [31m│[0m [0m
[2026-01-19 02:53:21] [CMD] [31m╵[0m[0m
[2026-01-19 02:53:21] [CMD] [31m╷[0m[0m
[2026-01-19 02:53:21] [CMD] [31m│[0m [0m[1m[31mError: [0m[0m[1m500-InternalError, Out of host capacity.
[2026-01-19 02:53:21] [CMD] [31m│[0m [0mSuggestion: The service for this resource encountered an error. Please contact support for help with service: Core Instance
[2026-01-19 02:53:21] [CMD] [31m│[0m [0mDocumentation: https://registry.terraform.io/providers/oracle/oci/latest/docs/resources/core_instance
[2026-01-19 02:53:21] [CMD] [31m│[0m [0mAPI Reference: https://docs.oracle.com/iaas/api/#/en/iaas/20160918/Instance/LaunchInstance
[2026-01-19 02:53:21] [CMD] [31m│[0m [0mRequest Target: POST https://iaas.eu-zurich-1.oraclecloud.com/20160918/instances
[2026-01-19 02:53:21] [CMD] [31m│[0m [0mProvider version: 7.29.0, released on 2025-12-16. This provider is 4 Update(s) behind to current.
[2026-01-19 02:53:21] [CMD] [31m│[0m [0mService: Core Instance
[2026-01-19 02:53:21] [CMD] [31m│[0m [0mOperation Name: LaunchInstance
[2026-01-19 02:53:21] [CMD] [31m│[0m [0mOPC request ID: 0986eefd162b3b38f87e79cb91bb15d9/1FA7EBA380525269A09C6D695A524838/8E3B1B194FE53BAC523A45BA44C8E2EB
[2026-01-19 02:53:21] [CMD] [31m│[0m [0m[0m
[2026-01-19 02:53:21] [CMD] [31m│[0m [0m
[2026-01-19 02:53:21] [CMD] [31m│[0m [0m[0m  with module.oci_workers.oci_core_instance.vm[0],
[2026-01-19 02:53:21] [CMD] [31m│[0m [0m  on ../modules/oci-instance/main.tf line 37, in resource "oci_core_instance" "vm":
[2026-01-19 02:53:21] [CMD] [31m│[0m [0m  37: resource "oci_core_instance" "vm" [4m{[0m[0m
[2026-01-19 02:53:21] [CMD] [31m│[0m [0m
[2026-01-19 02:53:21] [CMD] [31m╵[0m[0m
[2026-01-19 02:53:21] Command failed with exit code 1.
[2026-01-19 02:53:21] Task failed. Retrying in 300 seconds...
[2026-01-19 02:58:21] Attempting to run: terraform apply --auto-approve
[2026-01-19 02:58:21] Working Directory: /home/buffalo/Documents/Project/kubernetes-infra/terraform/kls-infra-02
[2026-01-19 02:58:26] [CMD] [0m[1mmodule.oci_controlplane.data.oci_core_images.ubuntu_amd: Reading...[0m[0m
[2026-01-19 02:58:26] [CMD] [0m[1mmodule.oci_workers.data.oci_identity_availability_domains.ads: Reading...[0m[0m
[2026-01-19 02:58:26] [CMD] [0m[1mmodule.oci_controlplane.data.oci_identity_availability_domains.ads: Reading...[0m[0m
[2026-01-19 02:58:26] [CMD] [0m[1mmodule.oci_controlplane.data.oci_core_images.ubuntu_arm: Reading...[0m[0m
[2026-01-19 02:58:26] [CMD] [0m[1mmodule.oci_workers.data.oci_core_images.ubuntu_arm: Reading...[0m[0m
[2026-01-19 02:58:26] [CMD] [0m[1mmodule.oci_workers.data.oci_core_images.ubuntu_amd: Reading...[0m[0m
[2026-01-19 02:58:27] [CMD] [0m[1mmodule.aws_worker.data.aws_ami.ubuntu: Reading...[0m[0m
[2026-01-19 02:58:27] [CMD] [0m[1mmodule.oci_workers.data.oci_core_images.ubuntu_amd: Read complete after 1s [id=CoreImagesDataSource-4182059877][0m
[2026-01-19 02:58:27] [CMD] [0m[1mmodule.oci_workers.data.oci_core_images.ubuntu_arm: Read complete after 1s [id=CoreImagesDataSource-1596659991][0m
[2026-01-19 02:58:27] [CMD] [0m[1mmodule.oci_workers.data.oci_identity_availability_domains.ads: Read complete after 1s [id=IdentityAvailabilityDomainsDataSource-2634143273][0m
[2026-01-19 02:58:27] [CMD] [0m[1mmodule.oci_controlplane.data.oci_core_images.ubuntu_amd: Read complete after 1s [id=CoreImagesDataSource-4182059877][0m
[2026-01-19 02:58:27] [CMD] [0m[1mmodule.oci_controlplane.data.oci_identity_availability_domains.ads: Read complete after 1s [id=IdentityAvailabilityDomainsDataSource-2634143273][0m
[2026-01-19 02:58:27] [CMD] [0m[1mmodule.oci_controlplane.data.oci_core_images.ubuntu_arm: Read complete after 1s [id=CoreImagesDataSource-1596659991][0m
[2026-01-19 02:58:28] [CMD] [0m[1mmodule.gcp_worker.data.google_compute_image.ubuntu: Reading...[0m[0m
[2026-01-19 02:58:29] [CMD] [0m[1mmodule.aws_worker.data.aws_ami.ubuntu: Read complete after 2s [id=ami-01637463b2cbe7cb6][0m
[2026-01-19 02:58:30] [CMD] [0m[1mmodule.gcp_worker.data.google_compute_image.ubuntu: Read complete after 2s [id=projects/ubuntu-os-cloud/global/images/ubuntu-2404-noble-amd64-v20260117][0m
[2026-01-19 02:58:30] [CMD] 
[2026-01-19 02:58:30] [CMD] Terraform used the selected providers to generate the following execution
[2026-01-19 02:58:30] [CMD] plan. Resource actions are indicated with the following symbols:
[2026-01-19 02:58:30] [CMD] [32m+[0m create[0m
[2026-01-19 02:58:30] [CMD] 
[2026-01-19 02:58:30] [CMD] Terraform will perform the following actions:
[2026-01-19 02:58:30] [CMD] 
[2026-01-19 02:58:30] [CMD] [1m  # module.oci_workers.oci_core_instance.vm[0][0m will be created
[2026-01-19 02:58:30] [CMD] [0m  [32m+[0m[0m resource "oci_core_instance" "vm" {
[2026-01-19 02:58:30] [CMD] [32m+[0m[0m availability_domain                 = "Okvh:EU-ZURICH-1-AD-1"
[2026-01-19 02:58:30] [CMD] [32m+[0m[0m boot_volume_id                      = (known after apply)
[2026-01-19 02:58:30] [CMD] [32m+[0m[0m capacity_reservation_id             = (known after apply)
[2026-01-19 02:58:30] [CMD] [32m+[0m[0m compartment_id                      = "ocid1.compartment.oc1..aaaaaaaaqosxqzxlkkoruo6yxntlv2u6653ox7uqc46fhpid6ezj6gi73zzq"
[2026-01-19 02:58:30] [CMD] [32m+[0m[0m compute_cluster_id                  = (known after apply)
[2026-01-19 02:58:30] [CMD] [32m+[0m[0m dedicated_vm_host_id                = (known after apply)
[2026-01-19 02:58:30] [CMD] [32m+[0m[0m defined_tags                        = (known after apply)
[2026-01-19 02:58:30] [CMD] [32m+[0m[0m display_name                        = "oci-kls-worker-201"
[2026-01-19 02:58:30] [CMD] [32m+[0m[0m extended_metadata                   = (known after apply)
[2026-01-19 02:58:30] [CMD] [32m+[0m[0m fault_domain                        = (known after apply)
[2026-01-19 02:58:30] [CMD] [32m+[0m[0m freeform_tags                       = {
[2026-01-19 02:58:30] [CMD] [32m+[0m[0m "Role" = "worker"
[2026-01-19 02:58:30] [CMD] }
[2026-01-19 02:58:30] [CMD] [32m+[0m[0m hostname_label                      = (known after apply)
[2026-01-19 02:58:30] [CMD] [32m+[0m[0m id                                  = (known after apply)
[2026-01-19 02:58:30] [CMD] [32m+[0m[0m image                               = (known after apply)
[2026-01-19 02:58:30] [CMD] [32m+[0m[0m instance_configuration_id           = (known after apply)
[2026-01-19 02:58:30] [CMD] [32m+[0m[0m ipxe_script                         = (known after apply)
[2026-01-19 02:58:30] [CMD] [32m+[0m[0m is_ai_enterprise_enabled            = (known after apply)
[2026-01-19 02:58:30] [CMD] [32m+[0m[0m is_cross_numa_node                  = (known after apply)
[2026-01-19 02:58:30] [CMD] [32m+[0m[0m is_pv_encryption_in_transit_enabled = (known after apply)
[2026-01-19 02:58:30] [CMD] [32m+[0m[0m launch_mode                         = (known after apply)
[2026-01-19 02:58:30] [CMD] [32m+[0m[0m metadata                            = {
[2026-01-19 02:58:30] [CMD] [32m+[0m[0m "ssh_authorized_keys" = <<-EOT
[2026-01-19 02:58:30] [CMD] ssh-rsa AAAAB3NzaC1yc2EAAAADAQABAAABAQDGgVhlH0TFnfQFaCNk5ZHRBYiQgXjS+GiWKUK4iChAdMxHAupZf6kMVTWJZi5tHfsUqYdopwPAmoqpmYc/5AXrkYXyepRHNf/gGSp3Q1BrWH6+jhPBF/2fx65NrUqFTm3muuD3aPvepWA4oobcrT9FJN7HPZQ6N+N32GpM3IY5pbDhlTOkAwR6HLEFXdem8hJ7/GlV5Aw8qiQxhOsqLScN5deJlLsncsQfdSxEFhgrWrNOvAZaItk2q/jzq6I+zQE6WS8pGYu0vRA5hHNXxVdh+PnMavmA2rTzh4g+ATfAqjeA2gYlfQH5Nz9HhzXQGciQDZpUlsjGWWX0OcQ7+1tB buffalo@buffalo-IdeaPad-1
[2026-01-19 02:58:30] [CMD] EOT
[2026-01-19 02:58:30] [CMD] }
[2026-01-19 02:58:30] [CMD] [32m+[0m[0m private_ip                          = (known after apply)
[2026-01-19 02:58:30] [CMD] [32m+[0m[0m public_ip                           = (known after apply)
[2026-01-19 02:58:30] [CMD] [32m+[0m[0m region                              = (known after apply)
[2026-01-19 02:58:30] [CMD] [32m+[0m[0m security_attributes                 = (known after apply)
[2026-01-19 02:58:30] [CMD] [32m+[0m[0m security_attributes_state           = (known after apply)
[2026-01-19 02:58:30] [CMD] [32m+[0m[0m shape                               = "VM.Standard.A1.Flex"
[2026-01-19 02:58:30] [CMD] [32m+[0m[0m state                               = (known after apply)
[2026-01-19 02:58:30] [CMD] [32m+[0m[0m subnet_id                           = (known after apply)
[2026-01-19 02:58:30] [CMD] [32m+[0m[0m system_tags                         = (known after apply)
[2026-01-19 02:58:30] [CMD] [32m+[0m[0m time_created                        = (known after apply)
[2026-01-19 02:58:30] [CMD] [32m+[0m[0m time_maintenance_reboot_due         = (known after apply)
[2026-01-19 02:58:30] [CMD] 
[2026-01-19 02:58:30] [CMD] [32m+[0m[0m agent_config (known after apply)
[2026-01-19 02:58:30] [CMD] 
[2026-01-19 02:58:30] [CMD] [32m+[0m[0m availability_config (known after apply)
[2026-01-19 02:58:30] [CMD] 
[2026-01-19 02:58:30] [CMD] [32m+[0m[0m create_vnic_details {
[2026-01-19 02:58:30] [CMD] [32m+[0m[0m assign_ipv6ip          = (known after apply)
[2026-01-19 02:58:30] [CMD] [32m+[0m[0m assign_public_ip       = "true"
[2026-01-19 02:58:30] [CMD] [32m+[0m[0m defined_tags           = (known after apply)
[2026-01-19 02:58:30] [CMD] [32m+[0m[0m display_name           = (known after apply)
[2026-01-19 02:58:30] [CMD] [32m+[0m[0m freeform_tags          = (known after apply)
[2026-01-19 02:58:30] [CMD] [32m+[0m[0m hostname_label         = (known after apply)
[2026-01-19 02:58:30] [CMD] [32m+[0m[0m nsg_ids                = (known after apply)
[2026-01-19 02:58:30] [CMD] [32m+[0m[0m private_ip             = (known after apply)
[2026-01-19 02:58:30] [CMD] [32m+[0m[0m security_attributes    = (known after apply)
[2026-01-19 02:58:30] [CMD] [32m+[0m[0m skip_source_dest_check = (known after apply)
[2026-01-19 02:58:30] [CMD] [32m+[0m[0m subnet_cidr            = (known after apply)
[2026-01-19 02:58:30] [CMD] [32m+[0m[0m subnet_id              = "ocid1.subnet.oc1.eu-zurich-1.aaaaaaaaptp3u3on7sblkoxaxhcdb25kke42i7u3j3gqgynzhl3672i3fqwa"
[2026-01-19 02:58:30] [CMD] [32m+[0m[0m vlan_id                = (known after apply)
[2026-01-19 02:58:30] [CMD] 
[2026-01-19 02:58:30] [CMD] [32m+[0m[0m ipv6address_ipv6subnet_cidr_pair_details (known after apply)
[2026-01-19 02:58:30] [CMD] }
[2026-01-19 02:58:30] [CMD] 
[2026-01-19 02:58:30] [CMD] [32m+[0m[0m instance_options (known after apply)
[2026-01-19 02:58:30] [CMD] 
[2026-01-19 02:58:30] [CMD] [32m+[0m[0m launch_options (known after apply)
[2026-01-19 02:58:30] [CMD] 
[2026-01-19 02:58:30] [CMD] [32m+[0m[0m launch_volume_attachments (known after apply)
[2026-01-19 02:58:30] [CMD] 
[2026-01-19 02:58:30] [CMD] [32m+[0m[0m licensing_configs (known after apply)
[2026-01-19 02:58:30] [CMD] 
[2026-01-19 02:58:30] [CMD] [32m+[0m[0m placement_constraint_details (known after apply)
[2026-01-19 02:58:30] [CMD] 
[2026-01-19 02:58:30] [CMD] [32m+[0m[0m platform_config (known after apply)
[2026-01-19 02:58:30] [CMD] 
[2026-01-19 02:58:30] [CMD] [32m+[0m[0m preemptible_instance_config (known after apply)
[2026-01-19 02:58:30] [CMD] 
[2026-01-19 02:58:30] [CMD] [32m+[0m[0m shape_config {
[2026-01-19 02:58:30] [CMD] [32m+[0m[0m baseline_ocpu_utilization     = (known after apply)
[2026-01-19 02:58:30] [CMD] [32m+[0m[0m gpu_description               = (known after apply)
[2026-01-19 02:58:30] [CMD] [32m+[0m[0m gpus                          = (known after apply)
[2026-01-19 02:58:30] [CMD] [32m+[0m[0m local_disk_description        = (known after apply)
[2026-01-19 02:58:30] [CMD] [32m+[0m[0m local_disks                   = (known after apply)
[2026-01-19 02:58:30] [CMD] [32m+[0m[0m local_disks_total_size_in_gbs = (known after apply)
[2026-01-19 02:58:30] [CMD] [32m+[0m[0m max_vnic_attachments          = (known after apply)
[2026-01-19 02:58:30] [CMD] [32m+[0m[0m memory_in_gbs                 = 12
[2026-01-19 02:58:30] [CMD] [32m+[0m[0m networking_bandwidth_in_gbps  = (known after apply)
[2026-01-19 02:58:30] [CMD] [32m+[0m[0m nvmes                         = (known after apply)
[2026-01-19 02:58:30] [CMD] [32m+[0m[0m ocpus                         = 2
[2026-01-19 02:58:30] [CMD] [32m+[0m[0m processor_description         = (known after apply)
[2026-01-19 02:58:30] [CMD] [32m+[0m[0m resource_management           = (known after apply)
[2026-01-19 02:58:30] [CMD] [32m+[0m[0m vcpus                         = (known after apply)
[2026-01-19 02:58:30] [CMD] }
[2026-01-19 02:58:30] [CMD] 
[2026-01-19 02:58:30] [CMD] [32m+[0m[0m source_details {
[2026-01-19 02:58:30] [CMD] [32m+[0m[0m boot_volume_size_in_gbs = "100"
[2026-01-19 02:58:30] [CMD] [32m+[0m[0m boot_volume_vpus_per_gb = (known after apply)
[2026-01-19 02:58:30] [CMD] [32m+[0m[0m source_id               = "ocid1.image.oc1.eu-zurich-1.aaaaaaaaeiej3u3vj6qwpezhuzfvttqizv5hs424weni5dffwryitayitiia"
[2026-01-19 02:58:30] [CMD] [32m+[0m[0m source_type             = "image"
[2026-01-19 02:58:30] [CMD] 
[2026-01-19 02:58:30] [CMD] [32m+[0m[0m instance_source_image_filter_details (known after apply)
[2026-01-19 02:58:30] [CMD] }
[2026-01-19 02:58:30] [CMD] }
[2026-01-19 02:58:30] [CMD] 
[2026-01-19 02:58:30] [CMD] [1m  # module.oci_workers.oci_core_instance.vm[1][0m will be created
[2026-01-19 02:58:30] [CMD] [0m  [32m+[0m[0m resource "oci_core_instance" "vm" {
[2026-01-19 02:58:30] [CMD] [32m+[0m[0m availability_domain                 = "Okvh:EU-ZURICH-1-AD-1"
[2026-01-19 02:58:30] [CMD] [32m+[0m[0m boot_volume_id                      = (known after apply)
[2026-01-19 02:58:30] [CMD] [32m+[0m[0m capacity_reservation_id             = (known after apply)
[2026-01-19 02:58:30] [CMD] [32m+[0m[0m compartment_id                      = "ocid1.compartment.oc1..aaaaaaaaqosxqzxlkkoruo6yxntlv2u6653ox7uqc46fhpid6ezj6gi73zzq"
[2026-01-19 02:58:30] [CMD] [32m+[0m[0m compute_cluster_id                  = (known after apply)
[2026-01-19 02:58:30] [CMD] [32m+[0m[0m dedicated_vm_host_id                = (known after apply)
[2026-01-19 02:58:30] [CMD] [32m+[0m[0m defined_tags                        = (known after apply)
[2026-01-19 02:58:30] [CMD] [32m+[0m[0m display_name                        = "oci-kls-worker-202"
[2026-01-19 02:58:30] [CMD] [32m+[0m[0m extended_metadata                   = (known after apply)
[2026-01-19 02:58:30] [CMD] [32m+[0m[0m fault_domain                        = (known after apply)
[2026-01-19 02:58:30] [CMD] [32m+[0m[0m freeform_tags                       = {
[2026-01-19 02:58:30] [CMD] [32m+[0m[0m "Role" = "worker"
[2026-01-19 02:58:30] [CMD] }
[2026-01-19 02:58:30] [CMD] [32m+[0m[0m hostname_label                      = (known after apply)
[2026-01-19 02:58:30] [CMD] [32m+[0m[0m id                                  = (known after apply)
[2026-01-19 02:58:30] [CMD] [32m+[0m[0m image                               = (known after apply)
[2026-01-19 02:58:30] [CMD] [32m+[0m[0m instance_configuration_id           = (known after apply)
[2026-01-19 02:58:30] [CMD] [32m+[0m[0m ipxe_script                         = (known after apply)
[2026-01-19 02:58:30] [CMD] [32m+[0m[0m is_ai_enterprise_enabled            = (known after apply)
[2026-01-19 02:58:30] [CMD] [32m+[0m[0m is_cross_numa_node                  = (known after apply)
[2026-01-19 02:58:30] [CMD] [32m+[0m[0m is_pv_encryption_in_transit_enabled = (known after apply)
[2026-01-19 02:58:30] [CMD] [32m+[0m[0m launch_mode                         = (known after apply)
[2026-01-19 02:58:30] [CMD] [32m+[0m[0m metadata                            = {
[2026-01-19 02:58:30] [CMD] [32m+[0m[0m "ssh_authorized_keys" = <<-EOT
[2026-01-19 02:58:30] [CMD] ssh-rsa AAAAB3NzaC1yc2EAAAADAQABAAABAQDGgVhlH0TFnfQFaCNk5ZHRBYiQgXjS+GiWKUK4iChAdMxHAupZf6kMVTWJZi5tHfsUqYdopwPAmoqpmYc/5AXrkYXyepRHNf/gGSp3Q1BrWH6+jhPBF/2fx65NrUqFTm3muuD3aPvepWA4oobcrT9FJN7HPZQ6N+N32GpM3IY5pbDhlTOkAwR6HLEFXdem8hJ7/GlV5Aw8qiQxhOsqLScN5deJlLsncsQfdSxEFhgrWrNOvAZaItk2q/jzq6I+zQE6WS8pGYu0vRA5hHNXxVdh+PnMavmA2rTzh4g+ATfAqjeA2gYlfQH5Nz9HhzXQGciQDZpUlsjGWWX0OcQ7+1tB buffalo@buffalo-IdeaPad-1
[2026-01-19 02:58:30] [CMD] EOT
[2026-01-19 02:58:30] [CMD] }
[2026-01-19 02:58:30] [CMD] [32m+[0m[0m private_ip                          = (known after apply)
[2026-01-19 02:58:30] [CMD] [32m+[0m[0m public_ip                           = (known after apply)
[2026-01-19 02:58:30] [CMD] [32m+[0m[0m region                              = (known after apply)
[2026-01-19 02:58:30] [CMD] [32m+[0m[0m security_attributes                 = (known after apply)
[2026-01-19 02:58:30] [CMD] [32m+[0m[0m security_attributes_state           = (known after apply)
[2026-01-19 02:58:30] [CMD] [32m+[0m[0m shape                               = "VM.Standard.A1.Flex"
[2026-01-19 02:58:30] [CMD] [32m+[0m[0m state                               = (known after apply)
[2026-01-19 02:58:30] [CMD] [32m+[0m[0m subnet_id                           = (known after apply)
[2026-01-19 02:58:30] [CMD] [32m+[0m[0m system_tags                         = (known after apply)
[2026-01-19 02:58:30] [CMD] [32m+[0m[0m time_created                        = (known after apply)
[2026-01-19 02:58:30] [CMD] [32m+[0m[0m time_maintenance_reboot_due         = (known after apply)
[2026-01-19 02:58:30] [CMD] 
[2026-01-19 02:58:30] [CMD] [32m+[0m[0m agent_config (known after apply)
[2026-01-19 02:58:30] [CMD] 
[2026-01-19 02:58:30] [CMD] [32m+[0m[0m availability_config (known after apply)
[2026-01-19 02:58:30] [CMD] 
[2026-01-19 02:58:30] [CMD] [32m+[0m[0m create_vnic_details {
[2026-01-19 02:58:30] [CMD] [32m+[0m[0m assign_ipv6ip          = (known after apply)
[2026-01-19 02:58:30] [CMD] [32m+[0m[0m assign_public_ip       = "true"
[2026-01-19 02:58:30] [CMD] [32m+[0m[0m defined_tags           = (known after apply)
[2026-01-19 02:58:30] [CMD] [32m+[0m[0m display_name           = (known after apply)
[2026-01-19 02:58:30] [CMD] [32m+[0m[0m freeform_tags          = (known after apply)
[2026-01-19 02:58:30] [CMD] [32m+[0m[0m hostname_label         = (known after apply)
[2026-01-19 02:58:30] [CMD] [32m+[0m[0m nsg_ids                = (known after apply)
[2026-01-19 02:58:30] [CMD] [32m+[0m[0m private_ip             = (known after apply)
[2026-01-19 02:58:30] [CMD] [32m+[0m[0m security_attributes    = (known after apply)
[2026-01-19 02:58:30] [CMD] [32m+[0m[0m skip_source_dest_check = (known after apply)
[2026-01-19 02:58:30] [CMD] [32m+[0m[0m subnet_cidr            = (known after apply)
[2026-01-19 02:58:30] [CMD] [32m+[0m[0m subnet_id              = "ocid1.subnet.oc1.eu-zurich-1.aaaaaaaaptp3u3on7sblkoxaxhcdb25kke42i7u3j3gqgynzhl3672i3fqwa"
[2026-01-19 02:58:30] [CMD] [32m+[0m[0m vlan_id                = (known after apply)
[2026-01-19 02:58:30] [CMD] 
[2026-01-19 02:58:30] [CMD] [32m+[0m[0m ipv6address_ipv6subnet_cidr_pair_details (known after apply)
[2026-01-19 02:58:30] [CMD] }
[2026-01-19 02:58:30] [CMD] 
[2026-01-19 02:58:30] [CMD] [32m+[0m[0m instance_options (known after apply)
[2026-01-19 02:58:30] [CMD] 
[2026-01-19 02:58:30] [CMD] [32m+[0m[0m launch_options (known after apply)
[2026-01-19 02:58:30] [CMD] 
[2026-01-19 02:58:30] [CMD] [32m+[0m[0m launch_volume_attachments (known after apply)
[2026-01-19 02:58:30] [CMD] 
[2026-01-19 02:58:30] [CMD] [32m+[0m[0m licensing_configs (known after apply)
[2026-01-19 02:58:30] [CMD] 
[2026-01-19 02:58:30] [CMD] [32m+[0m[0m placement_constraint_details (known after apply)
[2026-01-19 02:58:30] [CMD] 
[2026-01-19 02:58:30] [CMD] [32m+[0m[0m platform_config (known after apply)
[2026-01-19 02:58:30] [CMD] 
[2026-01-19 02:58:30] [CMD] [32m+[0m[0m preemptible_instance_config (known after apply)
[2026-01-19 02:58:30] [CMD] 
[2026-01-19 02:58:30] [CMD] [32m+[0m[0m shape_config {
[2026-01-19 02:58:30] [CMD] [32m+[0m[0m baseline_ocpu_utilization     = (known after apply)
[2026-01-19 02:58:30] [CMD] [32m+[0m[0m gpu_description               = (known after apply)
[2026-01-19 02:58:30] [CMD] [32m+[0m[0m gpus                          = (known after apply)
[2026-01-19 02:58:30] [CMD] [32m+[0m[0m local_disk_description        = (known after apply)
[2026-01-19 02:58:30] [CMD] [32m+[0m[0m local_disks                   = (known after apply)
[2026-01-19 02:58:30] [CMD] [32m+[0m[0m local_disks_total_size_in_gbs = (known after apply)
[2026-01-19 02:58:30] [CMD] [32m+[0m[0m max_vnic_attachments          = (known after apply)
[2026-01-19 02:58:30] [CMD] [32m+[0m[0m memory_in_gbs                 = 12
[2026-01-19 02:58:30] [CMD] [32m+[0m[0m networking_bandwidth_in_gbps  = (known after apply)
[2026-01-19 02:58:30] [CMD] [32m+[0m[0m nvmes                         = (known after apply)
[2026-01-19 02:58:30] [CMD] [32m+[0m[0m ocpus                         = 2
[2026-01-19 02:58:30] [CMD] [32m+[0m[0m processor_description         = (known after apply)
[2026-01-19 02:58:30] [CMD] [32m+[0m[0m resource_management           = (known after apply)
[2026-01-19 02:58:30] [CMD] [32m+[0m[0m vcpus                         = (known after apply)
[2026-01-19 02:58:30] [CMD] }
[2026-01-19 02:58:30] [CMD] 
[2026-01-19 02:58:30] [CMD] [32m+[0m[0m source_details {
[2026-01-19 02:58:30] [CMD] [32m+[0m[0m boot_volume_size_in_gbs = "100"
[2026-01-19 02:58:30] [CMD] [32m+[0m[0m boot_volume_vpus_per_gb = (known after apply)
[2026-01-19 02:58:30] [CMD] [32m+[0m[0m source_id               = "ocid1.image.oc1.eu-zurich-1.aaaaaaaaeiej3u3vj6qwpezhuzfvttqizv5hs424weni5dffwryitayitiia"
[2026-01-19 02:58:30] [CMD] [32m+[0m[0m source_type             = "image"
[2026-01-19 02:58:30] [CMD] 
[2026-01-19 02:58:30] [CMD] [32m+[0m[0m instance_source_image_filter_details (known after apply)
[2026-01-19 02:58:30] [CMD] }
[2026-01-19 02:58:30] [CMD] }
[2026-01-19 02:58:30] [CMD] 
[2026-01-19 02:58:30] [CMD] [1mPlan:[0m [0m2 to add, 0 to change, 0 to destroy.
[2026-01-19 02:58:30] [CMD] 
[2026-01-19 02:58:30] [CMD] Changes to Outputs:
[2026-01-19 02:58:30] [CMD] [32m+[0m[0m oci_worker_ips       = [
[2026-01-19 02:58:30] [CMD] [32m+[0m[0m (known after apply),
[2026-01-19 02:58:30] [CMD] [32m+[0m[0m (known after apply),
[2026-01-19 02:58:30] [CMD] ]
[2026-01-19 02:58:30] [CMD] [0m[1mmodule.oci_workers.oci_core_instance.vm[1]: Creating...[0m[0m
[2026-01-19 02:58:30] [CMD] [0m[1mmodule.oci_workers.oci_core_instance.vm[0]: Creating...[0m[0m
[2026-01-19 02:58:34] [CMD] [33m╷[0m[0m
[2026-01-19 02:58:34] [CMD] [33m│[0m [0m[1m[33mWarning: [0m[0m[1mValue for undeclared variable[0m
[2026-01-19 02:58:34] [CMD] [33m│[0m [0m
[2026-01-19 02:58:34] [CMD] [33m│[0m [0m[0mThe root module does not declare a variable named "gcp_image" but a value
[2026-01-19 02:58:34] [CMD] [33m│[0m [0mwas found in file "terraform.tfvars". If you meant to use this value, add a
[2026-01-19 02:58:34] [CMD] [33m│[0m [0m"variable" block to the configuration.
[2026-01-19 02:58:34] [CMD] [33m│[0m [0m
[2026-01-19 02:58:34] [CMD] [33m│[0m [0mTo silence these warnings, use TF_VAR_... environment variables to provide
[2026-01-19 02:58:34] [CMD] [33m│[0m [0mcertain "global" settings to all configurations in your organization. To
[2026-01-19 02:58:34] [CMD] [33m│[0m [0mreduce the verbosity of these warnings, use the -compact-warnings option.
[2026-01-19 02:58:34] [CMD] [33m╵[0m[0m
[2026-01-19 02:58:34] [CMD] [31m╷[0m[0m
[2026-01-19 02:58:34] [CMD] [31m│[0m [0m[1m[31mError: [0m[0m[1m500-InternalError, Out of host capacity.
[2026-01-19 02:58:34] [CMD] [31m│[0m [0mSuggestion: The service for this resource encountered an error. Please contact support for help with service: Core Instance
[2026-01-19 02:58:34] [CMD] [31m│[0m [0mDocumentation: https://registry.terraform.io/providers/oracle/oci/latest/docs/resources/core_instance
[2026-01-19 02:58:34] [CMD] [31m│[0m [0mAPI Reference: https://docs.oracle.com/iaas/api/#/en/iaas/20160918/Instance/LaunchInstance
[2026-01-19 02:58:34] [CMD] [31m│[0m [0mRequest Target: POST https://iaas.eu-zurich-1.oraclecloud.com/20160918/instances
[2026-01-19 02:58:34] [CMD] [31m│[0m [0mProvider version: 7.29.0, released on 2025-12-16. This provider is 4 Update(s) behind to current.
[2026-01-19 02:58:34] [CMD] [31m│[0m [0mService: Core Instance
[2026-01-19 02:58:34] [CMD] [31m│[0m [0mOperation Name: LaunchInstance
[2026-01-19 02:58:34] [CMD] [31m│[0m [0mOPC request ID: 37027895f84bb3ef97ea28060a31aadb/84900848CD152DE8D89D6D695A5248B8/0DAF255250E47C89895756D5B9A7BB7E
[2026-01-19 02:58:34] [CMD] [31m│[0m [0m[0m
[2026-01-19 02:58:34] [CMD] [31m│[0m [0m
[2026-01-19 02:58:34] [CMD] [31m│[0m [0m[0m  with module.oci_workers.oci_core_instance.vm[1],
[2026-01-19 02:58:34] [CMD] [31m│[0m [0m  on ../modules/oci-instance/main.tf line 37, in resource "oci_core_instance" "vm":
[2026-01-19 02:58:34] [CMD] [31m│[0m [0m  37: resource "oci_core_instance" "vm" [4m{[0m[0m
[2026-01-19 02:58:34] [CMD] [31m│[0m [0m
[2026-01-19 02:58:34] [CMD] [31m╵[0m[0m
[2026-01-19 02:58:34] [CMD] [31m╷[0m[0m
[2026-01-19 02:58:34] [CMD] [31m│[0m [0m[1m[31mError: [0m[0m[1m500-InternalError, Out of host capacity.
[2026-01-19 02:58:34] [CMD] [31m│[0m [0mSuggestion: The service for this resource encountered an error. Please contact support for help with service: Core Instance
[2026-01-19 02:58:34] [CMD] [31m│[0m [0mDocumentation: https://registry.terraform.io/providers/oracle/oci/latest/docs/resources/core_instance
[2026-01-19 02:58:34] [CMD] [31m│[0m [0mAPI Reference: https://docs.oracle.com/iaas/api/#/en/iaas/20160918/Instance/LaunchInstance
[2026-01-19 02:58:34] [CMD] [31m│[0m [0mRequest Target: POST https://iaas.eu-zurich-1.oraclecloud.com/20160918/instances
[2026-01-19 02:58:34] [CMD] [31m│[0m [0mProvider version: 7.29.0, released on 2025-12-16. This provider is 4 Update(s) behind to current.
[2026-01-19 02:58:34] [CMD] [31m│[0m [0mService: Core Instance
[2026-01-19 02:58:34] [CMD] [31m│[0m [0mOperation Name: LaunchInstance
[2026-01-19 02:58:34] [CMD] [31m│[0m [0mOPC request ID: ce900076832fe0e5ef3c6a3c9003039e/572C0803018EA8E6D89D6D695A5248F7/B32C904423D827008B9E9DBE48521A4C
[2026-01-19 02:58:34] [CMD] [31m│[0m [0m[0m
[2026-01-19 02:58:34] [CMD] [31m│[0m [0m
[2026-01-19 02:58:34] [CMD] [31m│[0m [0m[0m  with module.oci_workers.oci_core_instance.vm[0],
[2026-01-19 02:58:34] [CMD] [31m│[0m [0m  on ../modules/oci-instance/main.tf line 37, in resource "oci_core_instance" "vm":
[2026-01-19 02:58:34] [CMD] [31m│[0m [0m  37: resource "oci_core_instance" "vm" [4m{[0m[0m
[2026-01-19 02:58:34] [CMD] [31m│[0m [0m
[2026-01-19 02:58:34] [CMD] [31m╵[0m[0m
[2026-01-19 02:58:34] Command failed with exit code 1.
[2026-01-19 02:58:34] Task failed. Retrying in 300 seconds...
[2026-01-19 03:03:34] Attempting to run: terraform apply --auto-approve
[2026-01-19 03:03:34] Working Directory: /home/buffalo/Documents/Project/kubernetes-infra/terraform/kls-infra-02
[2026-01-19 03:03:39] [CMD] [0m[1mmodule.oci_controlplane.data.oci_identity_availability_domains.ads: Reading...[0m[0m
[2026-01-19 03:03:39] [CMD] [0m[1mmodule.oci_controlplane.data.oci_core_images.ubuntu_arm: Reading...[0m[0m
[2026-01-19 03:03:39] [CMD] [0m[1mmodule.oci_controlplane.data.oci_core_images.ubuntu_amd: Reading...[0m[0m
[2026-01-19 03:03:39] [CMD] [0m[1mmodule.oci_workers.data.oci_core_images.ubuntu_arm: Reading...[0m[0m
[2026-01-19 03:03:39] [CMD] [0m[1mmodule.oci_workers.data.oci_identity_availability_domains.ads: Reading...[0m[0m
[2026-01-19 03:03:39] [CMD] [0m[1mmodule.oci_workers.data.oci_core_images.ubuntu_amd: Reading...[0m[0m
[2026-01-19 03:03:40] [CMD] [0m[1mmodule.oci_workers.data.oci_identity_availability_domains.ads: Read complete after 1s [id=IdentityAvailabilityDomainsDataSource-2634143273][0m
[2026-01-19 03:03:40] [CMD] [0m[1mmodule.oci_controlplane.data.oci_identity_availability_domains.ads: Read complete after 1s [id=IdentityAvailabilityDomainsDataSource-2634143273][0m
[2026-01-19 03:03:40] [CMD] [0m[1mmodule.oci_controlplane.data.oci_core_images.ubuntu_amd: Read complete after 1s [id=CoreImagesDataSource-4182059877][0m
[2026-01-19 03:03:40] [CMD] [0m[1mmodule.oci_workers.data.oci_core_images.ubuntu_amd: Read complete after 1s [id=CoreImagesDataSource-4182059877][0m
[2026-01-19 03:03:40] [CMD] [0m[1mmodule.oci_controlplane.data.oci_core_images.ubuntu_arm: Read complete after 1s [id=CoreImagesDataSource-1596659991][0m
[2026-01-19 03:03:40] [CMD] [0m[1mmodule.oci_workers.data.oci_core_images.ubuntu_arm: Read complete after 1s [id=CoreImagesDataSource-1596659991][0m
[2026-01-19 03:03:40] [CMD] [0m[1mmodule.gcp_worker.data.google_compute_image.ubuntu: Reading...[0m[0m
[2026-01-19 03:03:40] [CMD] [0m[1mmodule.aws_worker.data.aws_ami.ubuntu: Reading...[0m[0m
[2026-01-19 03:03:41] [CMD] [0m[1mmodule.gcp_worker.data.google_compute_image.ubuntu: Read complete after 1s [id=projects/ubuntu-os-cloud/global/images/ubuntu-2404-noble-amd64-v20260117][0m
[2026-01-19 03:03:42] [CMD] [0m[1mmodule.aws_worker.data.aws_ami.ubuntu: Read complete after 1s [id=ami-01637463b2cbe7cb6][0m
[2026-01-19 03:03:42] [CMD] 
[2026-01-19 03:03:42] [CMD] Terraform used the selected providers to generate the following execution
[2026-01-19 03:03:42] [CMD] plan. Resource actions are indicated with the following symbols:
[2026-01-19 03:03:42] [CMD] [32m+[0m create[0m
[2026-01-19 03:03:42] [CMD] 
[2026-01-19 03:03:42] [CMD] Terraform will perform the following actions:
[2026-01-19 03:03:42] [CMD] 
[2026-01-19 03:03:42] [CMD] [1m  # module.oci_workers.oci_core_instance.vm[0][0m will be created
[2026-01-19 03:03:42] [CMD] [0m  [32m+[0m[0m resource "oci_core_instance" "vm" {
[2026-01-19 03:03:42] [CMD] [32m+[0m[0m availability_domain                 = "Okvh:EU-ZURICH-1-AD-1"
[2026-01-19 03:03:42] [CMD] [32m+[0m[0m boot_volume_id                      = (known after apply)
[2026-01-19 03:03:42] [CMD] [32m+[0m[0m capacity_reservation_id             = (known after apply)
[2026-01-19 03:03:42] [CMD] [32m+[0m[0m compartment_id                      = "ocid1.compartment.oc1..aaaaaaaaqosxqzxlkkoruo6yxntlv2u6653ox7uqc46fhpid6ezj6gi73zzq"
[2026-01-19 03:03:42] [CMD] [32m+[0m[0m compute_cluster_id                  = (known after apply)
[2026-01-19 03:03:42] [CMD] [32m+[0m[0m dedicated_vm_host_id                = (known after apply)
[2026-01-19 03:03:42] [CMD] [32m+[0m[0m defined_tags                        = (known after apply)
[2026-01-19 03:03:42] [CMD] [32m+[0m[0m display_name                        = "oci-kls-worker-201"
[2026-01-19 03:03:42] [CMD] [32m+[0m[0m extended_metadata                   = (known after apply)
[2026-01-19 03:03:42] [CMD] [32m+[0m[0m fault_domain                        = (known after apply)
[2026-01-19 03:03:42] [CMD] [32m+[0m[0m freeform_tags                       = {
[2026-01-19 03:03:42] [CMD] [32m+[0m[0m "Role" = "worker"
[2026-01-19 03:03:42] [CMD] }
[2026-01-19 03:03:42] [CMD] [32m+[0m[0m hostname_label                      = (known after apply)
[2026-01-19 03:03:42] [CMD] [32m+[0m[0m id                                  = (known after apply)
[2026-01-19 03:03:42] [CMD] [32m+[0m[0m image                               = (known after apply)
[2026-01-19 03:03:42] [CMD] [32m+[0m[0m instance_configuration_id           = (known after apply)
[2026-01-19 03:03:42] [CMD] [32m+[0m[0m ipxe_script                         = (known after apply)
[2026-01-19 03:03:42] [CMD] [32m+[0m[0m is_ai_enterprise_enabled            = (known after apply)
[2026-01-19 03:03:42] [CMD] [32m+[0m[0m is_cross_numa_node                  = (known after apply)
[2026-01-19 03:03:42] [CMD] [32m+[0m[0m is_pv_encryption_in_transit_enabled = (known after apply)
[2026-01-19 03:03:42] [CMD] [32m+[0m[0m launch_mode                         = (known after apply)
[2026-01-19 03:03:42] [CMD] [32m+[0m[0m metadata                            = {
[2026-01-19 03:03:42] [CMD] [32m+[0m[0m "ssh_authorized_keys" = <<-EOT
[2026-01-19 03:03:42] [CMD] ssh-rsa AAAAB3NzaC1yc2EAAAADAQABAAABAQDGgVhlH0TFnfQFaCNk5ZHRBYiQgXjS+GiWKUK4iChAdMxHAupZf6kMVTWJZi5tHfsUqYdopwPAmoqpmYc/5AXrkYXyepRHNf/gGSp3Q1BrWH6+jhPBF/2fx65NrUqFTm3muuD3aPvepWA4oobcrT9FJN7HPZQ6N+N32GpM3IY5pbDhlTOkAwR6HLEFXdem8hJ7/GlV5Aw8qiQxhOsqLScN5deJlLsncsQfdSxEFhgrWrNOvAZaItk2q/jzq6I+zQE6WS8pGYu0vRA5hHNXxVdh+PnMavmA2rTzh4g+ATfAqjeA2gYlfQH5Nz9HhzXQGciQDZpUlsjGWWX0OcQ7+1tB buffalo@buffalo-IdeaPad-1
[2026-01-19 03:03:42] [CMD] EOT
[2026-01-19 03:03:42] [CMD] }
[2026-01-19 03:03:42] [CMD] [32m+[0m[0m private_ip                          = (known after apply)
[2026-01-19 03:03:42] [CMD] [32m+[0m[0m public_ip                           = (known after apply)
[2026-01-19 03:03:42] [CMD] [32m+[0m[0m region                              = (known after apply)
[2026-01-19 03:03:42] [CMD] [32m+[0m[0m security_attributes                 = (known after apply)
[2026-01-19 03:03:42] [CMD] [32m+[0m[0m security_attributes_state           = (known after apply)
[2026-01-19 03:03:42] [CMD] [32m+[0m[0m shape                               = "VM.Standard.A1.Flex"
[2026-01-19 03:03:42] [CMD] [32m+[0m[0m state                               = (known after apply)
[2026-01-19 03:03:42] [CMD] [32m+[0m[0m subnet_id                           = (known after apply)
[2026-01-19 03:03:42] [CMD] [32m+[0m[0m system_tags                         = (known after apply)
[2026-01-19 03:03:42] [CMD] [32m+[0m[0m time_created                        = (known after apply)
[2026-01-19 03:03:42] [CMD] [32m+[0m[0m time_maintenance_reboot_due         = (known after apply)
[2026-01-19 03:03:42] [CMD] 
[2026-01-19 03:03:42] [CMD] [32m+[0m[0m agent_config (known after apply)
[2026-01-19 03:03:42] [CMD] 
[2026-01-19 03:03:42] [CMD] [32m+[0m[0m availability_config (known after apply)
[2026-01-19 03:03:42] [CMD] 
[2026-01-19 03:03:42] [CMD] [32m+[0m[0m create_vnic_details {
[2026-01-19 03:03:42] [CMD] [32m+[0m[0m assign_ipv6ip          = (known after apply)
[2026-01-19 03:03:42] [CMD] [32m+[0m[0m assign_public_ip       = "true"
[2026-01-19 03:03:42] [CMD] [32m+[0m[0m defined_tags           = (known after apply)
[2026-01-19 03:03:42] [CMD] [32m+[0m[0m display_name           = (known after apply)
[2026-01-19 03:03:42] [CMD] [32m+[0m[0m freeform_tags          = (known after apply)
[2026-01-19 03:03:42] [CMD] [32m+[0m[0m hostname_label         = (known after apply)
[2026-01-19 03:03:42] [CMD] [32m+[0m[0m nsg_ids                = (known after apply)
[2026-01-19 03:03:42] [CMD] [32m+[0m[0m private_ip             = (known after apply)
[2026-01-19 03:03:42] [CMD] [32m+[0m[0m security_attributes    = (known after apply)
[2026-01-19 03:03:42] [CMD] [32m+[0m[0m skip_source_dest_check = (known after apply)
[2026-01-19 03:03:42] [CMD] [32m+[0m[0m subnet_cidr            = (known after apply)
[2026-01-19 03:03:42] [CMD] [32m+[0m[0m subnet_id              = "ocid1.subnet.oc1.eu-zurich-1.aaaaaaaaptp3u3on7sblkoxaxhcdb25kke42i7u3j3gqgynzhl3672i3fqwa"
[2026-01-19 03:03:42] [CMD] [32m+[0m[0m vlan_id                = (known after apply)
[2026-01-19 03:03:42] [CMD] 
[2026-01-19 03:03:42] [CMD] [32m+[0m[0m ipv6address_ipv6subnet_cidr_pair_details (known after apply)
[2026-01-19 03:03:42] [CMD] }
[2026-01-19 03:03:42] [CMD] 
[2026-01-19 03:03:42] [CMD] [32m+[0m[0m instance_options (known after apply)
[2026-01-19 03:03:42] [CMD] 
[2026-01-19 03:03:42] [CMD] [32m+[0m[0m launch_options (known after apply)
[2026-01-19 03:03:42] [CMD] 
[2026-01-19 03:03:42] [CMD] [32m+[0m[0m launch_volume_attachments (known after apply)
[2026-01-19 03:03:42] [CMD] 
[2026-01-19 03:03:42] [CMD] [32m+[0m[0m licensing_configs (known after apply)
[2026-01-19 03:03:42] [CMD] 
[2026-01-19 03:03:42] [CMD] [32m+[0m[0m placement_constraint_details (known after apply)
[2026-01-19 03:03:42] [CMD] 
[2026-01-19 03:03:42] [CMD] [32m+[0m[0m platform_config (known after apply)
[2026-01-19 03:03:42] [CMD] 
[2026-01-19 03:03:42] [CMD] [32m+[0m[0m preemptible_instance_config (known after apply)
[2026-01-19 03:03:42] [CMD] 
[2026-01-19 03:03:42] [CMD] [32m+[0m[0m shape_config {
[2026-01-19 03:03:42] [CMD] [32m+[0m[0m baseline_ocpu_utilization     = (known after apply)
[2026-01-19 03:03:42] [CMD] [32m+[0m[0m gpu_description               = (known after apply)
[2026-01-19 03:03:42] [CMD] [32m+[0m[0m gpus                          = (known after apply)
[2026-01-19 03:03:42] [CMD] [32m+[0m[0m local_disk_description        = (known after apply)
[2026-01-19 03:03:42] [CMD] [32m+[0m[0m local_disks                   = (known after apply)
[2026-01-19 03:03:42] [CMD] [32m+[0m[0m local_disks_total_size_in_gbs = (known after apply)
[2026-01-19 03:03:42] [CMD] [32m+[0m[0m max_vnic_attachments          = (known after apply)
[2026-01-19 03:03:42] [CMD] [32m+[0m[0m memory_in_gbs                 = 12
[2026-01-19 03:03:42] [CMD] [32m+[0m[0m networking_bandwidth_in_gbps  = (known after apply)
[2026-01-19 03:03:42] [CMD] [32m+[0m[0m nvmes                         = (known after apply)
[2026-01-19 03:03:42] [CMD] [32m+[0m[0m ocpus                         = 2
[2026-01-19 03:03:42] [CMD] [32m+[0m[0m processor_description         = (known after apply)
[2026-01-19 03:03:42] [CMD] [32m+[0m[0m resource_management           = (known after apply)
[2026-01-19 03:03:42] [CMD] [32m+[0m[0m vcpus                         = (known after apply)
[2026-01-19 03:03:42] [CMD] }
[2026-01-19 03:03:42] [CMD] 
[2026-01-19 03:03:42] [CMD] [32m+[0m[0m source_details {
[2026-01-19 03:03:42] [CMD] [32m+[0m[0m boot_volume_size_in_gbs = "100"
[2026-01-19 03:03:42] [CMD] [32m+[0m[0m boot_volume_vpus_per_gb = (known after apply)
[2026-01-19 03:03:42] [CMD] [32m+[0m[0m source_id               = "ocid1.image.oc1.eu-zurich-1.aaaaaaaaeiej3u3vj6qwpezhuzfvttqizv5hs424weni5dffwryitayitiia"
[2026-01-19 03:03:42] [CMD] [32m+[0m[0m source_type             = "image"
[2026-01-19 03:03:42] [CMD] 
[2026-01-19 03:03:42] [CMD] [32m+[0m[0m instance_source_image_filter_details (known after apply)
[2026-01-19 03:03:42] [CMD] }
[2026-01-19 03:03:42] [CMD] }
[2026-01-19 03:03:42] [CMD] 
[2026-01-19 03:03:42] [CMD] [1m  # module.oci_workers.oci_core_instance.vm[1][0m will be created
[2026-01-19 03:03:42] [CMD] [0m  [32m+[0m[0m resource "oci_core_instance" "vm" {
[2026-01-19 03:03:42] [CMD] [32m+[0m[0m availability_domain                 = "Okvh:EU-ZURICH-1-AD-1"
[2026-01-19 03:03:42] [CMD] [32m+[0m[0m boot_volume_id                      = (known after apply)
[2026-01-19 03:03:42] [CMD] [32m+[0m[0m capacity_reservation_id             = (known after apply)
[2026-01-19 03:03:42] [CMD] [32m+[0m[0m compartment_id                      = "ocid1.compartment.oc1..aaaaaaaaqosxqzxlkkoruo6yxntlv2u6653ox7uqc46fhpid6ezj6gi73zzq"
[2026-01-19 03:03:42] [CMD] [32m+[0m[0m compute_cluster_id                  = (known after apply)
[2026-01-19 03:03:42] [CMD] [32m+[0m[0m dedicated_vm_host_id                = (known after apply)
[2026-01-19 03:03:42] [CMD] [32m+[0m[0m defined_tags                        = (known after apply)
[2026-01-19 03:03:42] [CMD] [32m+[0m[0m display_name                        = "oci-kls-worker-202"
[2026-01-19 03:03:42] [CMD] [32m+[0m[0m extended_metadata                   = (known after apply)
[2026-01-19 03:03:42] [CMD] [32m+[0m[0m fault_domain                        = (known after apply)
[2026-01-19 03:03:42] [CMD] [32m+[0m[0m freeform_tags                       = {
[2026-01-19 03:03:42] [CMD] [32m+[0m[0m "Role" = "worker"
[2026-01-19 03:03:42] [CMD] }
[2026-01-19 03:03:42] [CMD] [32m+[0m[0m hostname_label                      = (known after apply)
[2026-01-19 03:03:42] [CMD] [32m+[0m[0m id                                  = (known after apply)
[2026-01-19 03:03:42] [CMD] [32m+[0m[0m image                               = (known after apply)
[2026-01-19 03:03:42] [CMD] [32m+[0m[0m instance_configuration_id           = (known after apply)
[2026-01-19 03:03:42] [CMD] [32m+[0m[0m ipxe_script                         = (known after apply)
[2026-01-19 03:03:42] [CMD] [32m+[0m[0m is_ai_enterprise_enabled            = (known after apply)
[2026-01-19 03:03:42] [CMD] [32m+[0m[0m is_cross_numa_node                  = (known after apply)
[2026-01-19 03:03:42] [CMD] [32m+[0m[0m is_pv_encryption_in_transit_enabled = (known after apply)
[2026-01-19 03:03:42] [CMD] [32m+[0m[0m launch_mode                         = (known after apply)
[2026-01-19 03:03:42] [CMD] [32m+[0m[0m metadata                            = {
[2026-01-19 03:03:42] [CMD] [32m+[0m[0m "ssh_authorized_keys" = <<-EOT
[2026-01-19 03:03:42] [CMD] ssh-rsa AAAAB3NzaC1yc2EAAAADAQABAAABAQDGgVhlH0TFnfQFaCNk5ZHRBYiQgXjS+GiWKUK4iChAdMxHAupZf6kMVTWJZi5tHfsUqYdopwPAmoqpmYc/5AXrkYXyepRHNf/gGSp3Q1BrWH6+jhPBF/2fx65NrUqFTm3muuD3aPvepWA4oobcrT9FJN7HPZQ6N+N32GpM3IY5pbDhlTOkAwR6HLEFXdem8hJ7/GlV5Aw8qiQxhOsqLScN5deJlLsncsQfdSxEFhgrWrNOvAZaItk2q/jzq6I+zQE6WS8pGYu0vRA5hHNXxVdh+PnMavmA2rTzh4g+ATfAqjeA2gYlfQH5Nz9HhzXQGciQDZpUlsjGWWX0OcQ7+1tB buffalo@buffalo-IdeaPad-1
[2026-01-19 03:03:42] [CMD] EOT
[2026-01-19 03:03:42] [CMD] }
[2026-01-19 03:03:42] [CMD] [32m+[0m[0m private_ip                          = (known after apply)
[2026-01-19 03:03:42] [CMD] [32m+[0m[0m public_ip                           = (known after apply)
[2026-01-19 03:03:42] [CMD] [32m+[0m[0m region                              = (known after apply)
[2026-01-19 03:03:42] [CMD] [32m+[0m[0m security_attributes                 = (known after apply)
[2026-01-19 03:03:42] [CMD] [32m+[0m[0m security_attributes_state           = (known after apply)
[2026-01-19 03:03:42] [CMD] [32m+[0m[0m shape                               = "VM.Standard.A1.Flex"
[2026-01-19 03:03:42] [CMD] [32m+[0m[0m state                               = (known after apply)
[2026-01-19 03:03:42] [CMD] [32m+[0m[0m subnet_id                           = (known after apply)
[2026-01-19 03:03:42] [CMD] [32m+[0m[0m system_tags                         = (known after apply)
[2026-01-19 03:03:42] [CMD] [32m+[0m[0m time_created                        = (known after apply)
[2026-01-19 03:03:42] [CMD] [32m+[0m[0m time_maintenance_reboot_due         = (known after apply)
[2026-01-19 03:03:42] [CMD] 
[2026-01-19 03:03:42] [CMD] [32m+[0m[0m agent_config (known after apply)
[2026-01-19 03:03:42] [CMD] 
[2026-01-19 03:03:42] [CMD] [32m+[0m[0m availability_config (known after apply)
[2026-01-19 03:03:42] [CMD] 
[2026-01-19 03:03:42] [CMD] [32m+[0m[0m create_vnic_details {
[2026-01-19 03:03:42] [CMD] [32m+[0m[0m assign_ipv6ip          = (known after apply)
[2026-01-19 03:03:42] [CMD] [32m+[0m[0m assign_public_ip       = "true"
[2026-01-19 03:03:42] [CMD] [32m+[0m[0m defined_tags           = (known after apply)
[2026-01-19 03:03:42] [CMD] [32m+[0m[0m display_name           = (known after apply)
[2026-01-19 03:03:42] [CMD] [32m+[0m[0m freeform_tags          = (known after apply)
[2026-01-19 03:03:42] [CMD] [32m+[0m[0m hostname_label         = (known after apply)
[2026-01-19 03:03:42] [CMD] [32m+[0m[0m nsg_ids                = (known after apply)
[2026-01-19 03:03:42] [CMD] [32m+[0m[0m private_ip             = (known after apply)
[2026-01-19 03:03:42] [CMD] [32m+[0m[0m security_attributes    = (known after apply)
[2026-01-19 03:03:42] [CMD] [32m+[0m[0m skip_source_dest_check = (known after apply)
[2026-01-19 03:03:42] [CMD] [32m+[0m[0m subnet_cidr            = (known after apply)
[2026-01-19 03:03:42] [CMD] [32m+[0m[0m subnet_id              = "ocid1.subnet.oc1.eu-zurich-1.aaaaaaaaptp3u3on7sblkoxaxhcdb25kke42i7u3j3gqgynzhl3672i3fqwa"
[2026-01-19 03:03:42] [CMD] [32m+[0m[0m vlan_id                = (known after apply)
[2026-01-19 03:03:42] [CMD] 
[2026-01-19 03:03:42] [CMD] [32m+[0m[0m ipv6address_ipv6subnet_cidr_pair_details (known after apply)
[2026-01-19 03:03:42] [CMD] }
[2026-01-19 03:03:42] [CMD] 
[2026-01-19 03:03:42] [CMD] [32m+[0m[0m instance_options (known after apply)
[2026-01-19 03:03:42] [CMD] 
[2026-01-19 03:03:42] [CMD] [32m+[0m[0m launch_options (known after apply)
[2026-01-19 03:03:42] [CMD] 
[2026-01-19 03:03:42] [CMD] [32m+[0m[0m launch_volume_attachments (known after apply)
[2026-01-19 03:03:42] [CMD] 
[2026-01-19 03:03:42] [CMD] [32m+[0m[0m licensing_configs (known after apply)
[2026-01-19 03:03:42] [CMD] 
[2026-01-19 03:03:42] [CMD] [32m+[0m[0m placement_constraint_details (known after apply)
[2026-01-19 03:03:42] [CMD] 
[2026-01-19 03:03:42] [CMD] [32m+[0m[0m platform_config (known after apply)
[2026-01-19 03:03:42] [CMD] 
[2026-01-19 03:03:42] [CMD] [32m+[0m[0m preemptible_instance_config (known after apply)
[2026-01-19 03:03:42] [CMD] 
[2026-01-19 03:03:42] [CMD] [32m+[0m[0m shape_config {
[2026-01-19 03:03:42] [CMD] [32m+[0m[0m baseline_ocpu_utilization     = (known after apply)
[2026-01-19 03:03:42] [CMD] [32m+[0m[0m gpu_description               = (known after apply)
[2026-01-19 03:03:42] [CMD] [32m+[0m[0m gpus                          = (known after apply)
[2026-01-19 03:03:42] [CMD] [32m+[0m[0m local_disk_description        = (known after apply)
[2026-01-19 03:03:42] [CMD] [32m+[0m[0m local_disks                   = (known after apply)
[2026-01-19 03:03:42] [CMD] [32m+[0m[0m local_disks_total_size_in_gbs = (known after apply)
[2026-01-19 03:03:42] [CMD] [32m+[0m[0m max_vnic_attachments          = (known after apply)
[2026-01-19 03:03:42] [CMD] [32m+[0m[0m memory_in_gbs                 = 12
[2026-01-19 03:03:42] [CMD] [32m+[0m[0m networking_bandwidth_in_gbps  = (known after apply)
[2026-01-19 03:03:42] [CMD] [32m+[0m[0m nvmes                         = (known after apply)
[2026-01-19 03:03:42] [CMD] [32m+[0m[0m ocpus                         = 2
[2026-01-19 03:03:42] [CMD] [32m+[0m[0m processor_description         = (known after apply)
[2026-01-19 03:03:42] [CMD] [32m+[0m[0m resource_management           = (known after apply)
[2026-01-19 03:03:42] [CMD] [32m+[0m[0m vcpus                         = (known after apply)
[2026-01-19 03:03:42] [CMD] }
[2026-01-19 03:03:42] [CMD] 
[2026-01-19 03:03:42] [CMD] [32m+[0m[0m source_details {
[2026-01-19 03:03:42] [CMD] [32m+[0m[0m boot_volume_size_in_gbs = "100"
[2026-01-19 03:03:42] [CMD] [32m+[0m[0m boot_volume_vpus_per_gb = (known after apply)
[2026-01-19 03:03:42] [CMD] [32m+[0m[0m source_id               = "ocid1.image.oc1.eu-zurich-1.aaaaaaaaeiej3u3vj6qwpezhuzfvttqizv5hs424weni5dffwryitayitiia"
[2026-01-19 03:03:42] [CMD] [32m+[0m[0m source_type             = "image"
[2026-01-19 03:03:42] [CMD] 
[2026-01-19 03:03:42] [CMD] [32m+[0m[0m instance_source_image_filter_details (known after apply)
[2026-01-19 03:03:42] [CMD] }
[2026-01-19 03:03:42] [CMD] }
[2026-01-19 03:03:42] [CMD] 
[2026-01-19 03:03:42] [CMD] [1mPlan:[0m [0m2 to add, 0 to change, 0 to destroy.
[2026-01-19 03:03:42] [CMD] 
[2026-01-19 03:03:42] [CMD] Changes to Outputs:
[2026-01-19 03:03:42] [CMD] [32m+[0m[0m oci_worker_ips       = [
[2026-01-19 03:03:42] [CMD] [32m+[0m[0m (known after apply),
[2026-01-19 03:03:42] [CMD] [32m+[0m[0m (known after apply),
[2026-01-19 03:03:42] [CMD] ]
[2026-01-19 03:03:43] [CMD] [0m[1mmodule.oci_workers.oci_core_instance.vm[0]: Creating...[0m[0m
[2026-01-19 03:03:43] [CMD] [0m[1mmodule.oci_workers.oci_core_instance.vm[1]: Creating...[0m[0m
[2026-01-19 03:03:45] [CMD] [33m╷[0m[0m
[2026-01-19 03:03:45] [CMD] [33m│[0m [0m[1m[33mWarning: [0m[0m[1mValue for undeclared variable[0m
[2026-01-19 03:03:45] [CMD] [33m│[0m [0m
[2026-01-19 03:03:45] [CMD] [33m│[0m [0m[0mThe root module does not declare a variable named "gcp_image" but a value
[2026-01-19 03:03:45] [CMD] [33m│[0m [0mwas found in file "terraform.tfvars". If you meant to use this value, add a
[2026-01-19 03:03:45] [CMD] [33m│[0m [0m"variable" block to the configuration.
[2026-01-19 03:03:45] [CMD] [33m│[0m [0m
[2026-01-19 03:03:45] [CMD] [33m│[0m [0mTo silence these warnings, use TF_VAR_... environment variables to provide
[2026-01-19 03:03:45] [CMD] [33m│[0m [0mcertain "global" settings to all configurations in your organization. To
[2026-01-19 03:03:45] [CMD] [33m│[0m [0mreduce the verbosity of these warnings, use the -compact-warnings option.
[2026-01-19 03:03:45] [CMD] [33m╵[0m[0m
[2026-01-19 03:03:45] [CMD] [31m╷[0m[0m
[2026-01-19 03:03:45] [CMD] [31m│[0m [0m[1m[31mError: [0m[0m[1m500-InternalError, Out of host capacity.
[2026-01-19 03:03:45] [CMD] [31m│[0m [0mSuggestion: The service for this resource encountered an error. Please contact support for help with service: Core Instance
[2026-01-19 03:03:45] [CMD] [31m│[0m [0mDocumentation: https://registry.terraform.io/providers/oracle/oci/latest/docs/resources/core_instance
[2026-01-19 03:03:45] [CMD] [31m│[0m [0mAPI Reference: https://docs.oracle.com/iaas/api/#/en/iaas/20160918/Instance/LaunchInstance
[2026-01-19 03:03:45] [CMD] [31m│[0m [0mRequest Target: POST https://iaas.eu-zurich-1.oraclecloud.com/20160918/instances
[2026-01-19 03:03:45] [CMD] [31m│[0m [0mProvider version: 7.29.0, released on 2025-12-16. This provider is 4 Update(s) behind to current.
[2026-01-19 03:03:45] [CMD] [31m│[0m [0mService: Core Instance
[2026-01-19 03:03:45] [CMD] [31m│[0m [0mOperation Name: LaunchInstance
[2026-01-19 03:03:45] [CMD] [31m│[0m [0mOPC request ID: f6ab906040dbf236d5cd5d17893a0a79/4A1B7116BB118DBA109F6D695A5248E2/B6C6D6D440518D7A45452BD3963EF1A7
[2026-01-19 03:03:45] [CMD] [31m│[0m [0m[0m
[2026-01-19 03:03:45] [CMD] [31m│[0m [0m
[2026-01-19 03:03:45] [CMD] [31m│[0m [0m[0m  with module.oci_workers.oci_core_instance.vm[0],
[2026-01-19 03:03:45] [CMD] [31m│[0m [0m  on ../modules/oci-instance/main.tf line 37, in resource "oci_core_instance" "vm":
[2026-01-19 03:03:45] [CMD] [31m│[0m [0m  37: resource "oci_core_instance" "vm" [4m{[0m[0m
[2026-01-19 03:03:45] [CMD] [31m│[0m [0m
[2026-01-19 03:03:45] [CMD] [31m╵[0m[0m
[2026-01-19 03:03:45] [CMD] [31m╷[0m[0m
[2026-01-19 03:03:45] [CMD] [31m│[0m [0m[1m[31mError: [0m[0m[1m500-InternalError, Out of host capacity.
[2026-01-19 03:03:45] [CMD] [31m│[0m [0mSuggestion: The service for this resource encountered an error. Please contact support for help with service: Core Instance
[2026-01-19 03:03:45] [CMD] [31m│[0m [0mDocumentation: https://registry.terraform.io/providers/oracle/oci/latest/docs/resources/core_instance
[2026-01-19 03:03:45] [CMD] [31m│[0m [0mAPI Reference: https://docs.oracle.com/iaas/api/#/en/iaas/20160918/Instance/LaunchInstance
[2026-01-19 03:03:45] [CMD] [31m│[0m [0mRequest Target: POST https://iaas.eu-zurich-1.oraclecloud.com/20160918/instances
[2026-01-19 03:03:45] [CMD] [31m│[0m [0mProvider version: 7.29.0, released on 2025-12-16. This provider is 4 Update(s) behind to current.
[2026-01-19 03:03:45] [CMD] [31m│[0m [0mService: Core Instance
[2026-01-19 03:03:45] [CMD] [31m│[0m [0mOperation Name: LaunchInstance
[2026-01-19 03:03:45] [CMD] [31m│[0m [0mOPC request ID: da0631350059345ec6d19989cc39e93b/88835984749F6509109F6D695A5248BB/1491A7D71B32624D95D69BB74BF21678
[2026-01-19 03:03:45] [CMD] [31m│[0m [0m[0m
[2026-01-19 03:03:45] [CMD] [31m│[0m [0m
[2026-01-19 03:03:45] [CMD] [31m│[0m [0m[0m  with module.oci_workers.oci_core_instance.vm[1],
[2026-01-19 03:03:45] [CMD] [31m│[0m [0m  on ../modules/oci-instance/main.tf line 37, in resource "oci_core_instance" "vm":
[2026-01-19 03:03:45] [CMD] [31m│[0m [0m  37: resource "oci_core_instance" "vm" [4m{[0m[0m
[2026-01-19 03:03:45] [CMD] [31m│[0m [0m
[2026-01-19 03:03:45] [CMD] [31m╵[0m[0m
[2026-01-19 03:03:45] Command failed with exit code 1.
[2026-01-19 03:03:45] Task failed. Retrying in 300 seconds...
[2026-01-19 03:08:45] Attempting to run: terraform apply --auto-approve
[2026-01-19 03:08:45] Working Directory: /home/buffalo/Documents/Project/kubernetes-infra/terraform/kls-infra-02
[2026-01-19 03:08:50] [CMD] [0m[1mmodule.oci_controlplane.data.oci_identity_availability_domains.ads: Reading...[0m[0m
[2026-01-19 03:08:50] [CMD] [0m[1mmodule.oci_workers.data.oci_core_images.ubuntu_arm: Reading...[0m[0m
[2026-01-19 03:08:50] [CMD] [0m[1mmodule.oci_workers.data.oci_core_images.ubuntu_amd: Reading...[0m[0m
[2026-01-19 03:08:50] [CMD] [0m[1mmodule.oci_workers.data.oci_identity_availability_domains.ads: Reading...[0m[0m
[2026-01-19 03:08:50] [CMD] [0m[1mmodule.oci_controlplane.data.oci_core_images.ubuntu_arm: Reading...[0m[0m
[2026-01-19 03:08:50] [CMD] [0m[1mmodule.oci_controlplane.data.oci_core_images.ubuntu_amd: Reading...[0m[0m
[2026-01-19 03:08:51] [CMD] [0m[1mmodule.aws_worker.data.aws_ami.ubuntu: Reading...[0m[0m
[2026-01-19 03:08:52] [CMD] [0m[1mmodule.oci_controlplane.data.oci_identity_availability_domains.ads: Read complete after 2s [id=IdentityAvailabilityDomainsDataSource-2634143273][0m
[2026-01-19 03:08:52] [CMD] [0m[1mmodule.oci_workers.data.oci_identity_availability_domains.ads: Read complete after 2s [id=IdentityAvailabilityDomainsDataSource-2634143273][0m
[2026-01-19 03:08:52] [CMD] [0m[1mmodule.oci_controlplane.data.oci_core_images.ubuntu_amd: Read complete after 2s [id=CoreImagesDataSource-4182059877][0m
[2026-01-19 03:08:52] [CMD] [0m[1mmodule.oci_workers.data.oci_core_images.ubuntu_arm: Read complete after 2s [id=CoreImagesDataSource-1596659991][0m
[2026-01-19 03:08:52] [CMD] [0m[1mmodule.oci_workers.data.oci_core_images.ubuntu_amd: Read complete after 2s [id=CoreImagesDataSource-4182059877][0m
[2026-01-19 03:08:52] [CMD] [0m[1mmodule.oci_controlplane.data.oci_core_images.ubuntu_arm: Read complete after 2s [id=CoreImagesDataSource-1596659991][0m
[2026-01-19 03:08:53] [CMD] [0m[1mmodule.gcp_worker.data.google_compute_image.ubuntu: Reading...[0m[0m
[2026-01-19 03:08:54] [CMD] [0m[1mmodule.aws_worker.data.aws_ami.ubuntu: Read complete after 2s [id=ami-01637463b2cbe7cb6][0m
[2026-01-19 03:08:55] [CMD] [0m[1mmodule.gcp_worker.data.google_compute_image.ubuntu: Read complete after 2s [id=projects/ubuntu-os-cloud/global/images/ubuntu-2404-noble-amd64-v20260117][0m
[2026-01-19 03:08:55] [CMD] 
[2026-01-19 03:08:55] [CMD] Terraform used the selected providers to generate the following execution
[2026-01-19 03:08:55] [CMD] plan. Resource actions are indicated with the following symbols:
[2026-01-19 03:08:55] [CMD] [32m+[0m create[0m
[2026-01-19 03:08:55] [CMD] 
[2026-01-19 03:08:55] [CMD] Terraform will perform the following actions:
[2026-01-19 03:08:55] [CMD] 
[2026-01-19 03:08:55] [CMD] [1m  # module.oci_workers.oci_core_instance.vm[0][0m will be created
[2026-01-19 03:08:55] [CMD] [0m  [32m+[0m[0m resource "oci_core_instance" "vm" {
[2026-01-19 03:08:55] [CMD] [32m+[0m[0m availability_domain                 = "Okvh:EU-ZURICH-1-AD-1"
[2026-01-19 03:08:55] [CMD] [32m+[0m[0m boot_volume_id                      = (known after apply)
[2026-01-19 03:08:55] [CMD] [32m+[0m[0m capacity_reservation_id             = (known after apply)
[2026-01-19 03:08:55] [CMD] [32m+[0m[0m compartment_id                      = "ocid1.compartment.oc1..aaaaaaaaqosxqzxlkkoruo6yxntlv2u6653ox7uqc46fhpid6ezj6gi73zzq"
[2026-01-19 03:08:55] [CMD] [32m+[0m[0m compute_cluster_id                  = (known after apply)
[2026-01-19 03:08:55] [CMD] [32m+[0m[0m dedicated_vm_host_id                = (known after apply)
[2026-01-19 03:08:55] [CMD] [32m+[0m[0m defined_tags                        = (known after apply)
[2026-01-19 03:08:55] [CMD] [32m+[0m[0m display_name                        = "oci-kls-worker-201"
[2026-01-19 03:08:55] [CMD] [32m+[0m[0m extended_metadata                   = (known after apply)
[2026-01-19 03:08:55] [CMD] [32m+[0m[0m fault_domain                        = (known after apply)
[2026-01-19 03:08:55] [CMD] [32m+[0m[0m freeform_tags                       = {
[2026-01-19 03:08:55] [CMD] [32m+[0m[0m "Role" = "worker"
[2026-01-19 03:08:55] [CMD] }
[2026-01-19 03:08:55] [CMD] [32m+[0m[0m hostname_label                      = (known after apply)
[2026-01-19 03:08:55] [CMD] [32m+[0m[0m id                                  = (known after apply)
[2026-01-19 03:08:55] [CMD] [32m+[0m[0m image                               = (known after apply)
[2026-01-19 03:08:55] [CMD] [32m+[0m[0m instance_configuration_id           = (known after apply)
[2026-01-19 03:08:55] [CMD] [32m+[0m[0m ipxe_script                         = (known after apply)
[2026-01-19 03:08:55] [CMD] [32m+[0m[0m is_ai_enterprise_enabled            = (known after apply)
[2026-01-19 03:08:55] [CMD] [32m+[0m[0m is_cross_numa_node                  = (known after apply)
[2026-01-19 03:08:55] [CMD] [32m+[0m[0m is_pv_encryption_in_transit_enabled = (known after apply)
[2026-01-19 03:08:55] [CMD] [32m+[0m[0m launch_mode                         = (known after apply)
[2026-01-19 03:08:55] [CMD] [32m+[0m[0m metadata                            = {
[2026-01-19 03:08:55] [CMD] [32m+[0m[0m "ssh_authorized_keys" = <<-EOT
[2026-01-19 03:08:55] [CMD] ssh-rsa AAAAB3NzaC1yc2EAAAADAQABAAABAQDGgVhlH0TFnfQFaCNk5ZHRBYiQgXjS+GiWKUK4iChAdMxHAupZf6kMVTWJZi5tHfsUqYdopwPAmoqpmYc/5AXrkYXyepRHNf/gGSp3Q1BrWH6+jhPBF/2fx65NrUqFTm3muuD3aPvepWA4oobcrT9FJN7HPZQ6N+N32GpM3IY5pbDhlTOkAwR6HLEFXdem8hJ7/GlV5Aw8qiQxhOsqLScN5deJlLsncsQfdSxEFhgrWrNOvAZaItk2q/jzq6I+zQE6WS8pGYu0vRA5hHNXxVdh+PnMavmA2rTzh4g+ATfAqjeA2gYlfQH5Nz9HhzXQGciQDZpUlsjGWWX0OcQ7+1tB buffalo@buffalo-IdeaPad-1
[2026-01-19 03:08:55] [CMD] EOT
[2026-01-19 03:08:55] [CMD] }
[2026-01-19 03:08:55] [CMD] [32m+[0m[0m private_ip                          = (known after apply)
[2026-01-19 03:08:55] [CMD] [32m+[0m[0m public_ip                           = (known after apply)
[2026-01-19 03:08:55] [CMD] [32m+[0m[0m region                              = (known after apply)
[2026-01-19 03:08:55] [CMD] [32m+[0m[0m security_attributes                 = (known after apply)
[2026-01-19 03:08:55] [CMD] [32m+[0m[0m security_attributes_state           = (known after apply)
[2026-01-19 03:08:55] [CMD] [32m+[0m[0m shape                               = "VM.Standard.A1.Flex"
[2026-01-19 03:08:55] [CMD] [32m+[0m[0m state                               = (known after apply)
[2026-01-19 03:08:55] [CMD] [32m+[0m[0m subnet_id                           = (known after apply)
[2026-01-19 03:08:55] [CMD] [32m+[0m[0m system_tags                         = (known after apply)
[2026-01-19 03:08:55] [CMD] [32m+[0m[0m time_created                        = (known after apply)
[2026-01-19 03:08:55] [CMD] [32m+[0m[0m time_maintenance_reboot_due         = (known after apply)
[2026-01-19 03:08:55] [CMD] 
[2026-01-19 03:08:55] [CMD] [32m+[0m[0m agent_config (known after apply)
[2026-01-19 03:08:55] [CMD] 
[2026-01-19 03:08:55] [CMD] [32m+[0m[0m availability_config (known after apply)
[2026-01-19 03:08:55] [CMD] 
[2026-01-19 03:08:55] [CMD] [32m+[0m[0m create_vnic_details {
[2026-01-19 03:08:55] [CMD] [32m+[0m[0m assign_ipv6ip          = (known after apply)
[2026-01-19 03:08:55] [CMD] [32m+[0m[0m assign_public_ip       = "true"
[2026-01-19 03:08:55] [CMD] [32m+[0m[0m defined_tags           = (known after apply)
[2026-01-19 03:08:55] [CMD] [32m+[0m[0m display_name           = (known after apply)
[2026-01-19 03:08:55] [CMD] [32m+[0m[0m freeform_tags          = (known after apply)
[2026-01-19 03:08:55] [CMD] [32m+[0m[0m hostname_label         = (known after apply)
[2026-01-19 03:08:55] [CMD] [32m+[0m[0m nsg_ids                = (known after apply)
[2026-01-19 03:08:55] [CMD] [32m+[0m[0m private_ip             = (known after apply)
[2026-01-19 03:08:55] [CMD] [32m+[0m[0m security_attributes    = (known after apply)
[2026-01-19 03:08:55] [CMD] [32m+[0m[0m skip_source_dest_check = (known after apply)
[2026-01-19 03:08:55] [CMD] [32m+[0m[0m subnet_cidr            = (known after apply)
[2026-01-19 03:08:55] [CMD] [32m+[0m[0m subnet_id              = "ocid1.subnet.oc1.eu-zurich-1.aaaaaaaaptp3u3on7sblkoxaxhcdb25kke42i7u3j3gqgynzhl3672i3fqwa"
[2026-01-19 03:08:55] [CMD] [32m+[0m[0m vlan_id                = (known after apply)
[2026-01-19 03:08:55] [CMD] 
[2026-01-19 03:08:55] [CMD] [32m+[0m[0m ipv6address_ipv6subnet_cidr_pair_details (known after apply)
[2026-01-19 03:08:55] [CMD] }
[2026-01-19 03:08:55] [CMD] 
[2026-01-19 03:08:55] [CMD] [32m+[0m[0m instance_options (known after apply)
[2026-01-19 03:08:55] [CMD] 
[2026-01-19 03:08:55] [CMD] [32m+[0m[0m launch_options (known after apply)
[2026-01-19 03:08:55] [CMD] 
[2026-01-19 03:08:55] [CMD] [32m+[0m[0m launch_volume_attachments (known after apply)
[2026-01-19 03:08:55] [CMD] 
[2026-01-19 03:08:55] [CMD] [32m+[0m[0m licensing_configs (known after apply)
[2026-01-19 03:08:55] [CMD] 
[2026-01-19 03:08:55] [CMD] [32m+[0m[0m placement_constraint_details (known after apply)
[2026-01-19 03:08:55] [CMD] 
[2026-01-19 03:08:55] [CMD] [32m+[0m[0m platform_config (known after apply)
[2026-01-19 03:08:55] [CMD] 
[2026-01-19 03:08:55] [CMD] [32m+[0m[0m preemptible_instance_config (known after apply)
[2026-01-19 03:08:55] [CMD] 
[2026-01-19 03:08:55] [CMD] [32m+[0m[0m shape_config {
[2026-01-19 03:08:55] [CMD] [32m+[0m[0m baseline_ocpu_utilization     = (known after apply)
[2026-01-19 03:08:55] [CMD] [32m+[0m[0m gpu_description               = (known after apply)
[2026-01-19 03:08:55] [CMD] [32m+[0m[0m gpus                          = (known after apply)
[2026-01-19 03:08:55] [CMD] [32m+[0m[0m local_disk_description        = (known after apply)
[2026-01-19 03:08:55] [CMD] [32m+[0m[0m local_disks                   = (known after apply)
[2026-01-19 03:08:55] [CMD] [32m+[0m[0m local_disks_total_size_in_gbs = (known after apply)
[2026-01-19 03:08:55] [CMD] [32m+[0m[0m max_vnic_attachments          = (known after apply)
[2026-01-19 03:08:55] [CMD] [32m+[0m[0m memory_in_gbs                 = 12
[2026-01-19 03:08:55] [CMD] [32m+[0m[0m networking_bandwidth_in_gbps  = (known after apply)
[2026-01-19 03:08:55] [CMD] [32m+[0m[0m nvmes                         = (known after apply)
[2026-01-19 03:08:55] [CMD] [32m+[0m[0m ocpus                         = 2
[2026-01-19 03:08:55] [CMD] [32m+[0m[0m processor_description         = (known after apply)
[2026-01-19 03:08:55] [CMD] [32m+[0m[0m resource_management           = (known after apply)
[2026-01-19 03:08:55] [CMD] [32m+[0m[0m vcpus                         = (known after apply)
[2026-01-19 03:08:55] [CMD] }
[2026-01-19 03:08:55] [CMD] 
[2026-01-19 03:08:55] [CMD] [32m+[0m[0m source_details {
[2026-01-19 03:08:55] [CMD] [32m+[0m[0m boot_volume_size_in_gbs = "100"
[2026-01-19 03:08:55] [CMD] [32m+[0m[0m boot_volume_vpus_per_gb = (known after apply)
[2026-01-19 03:08:55] [CMD] [32m+[0m[0m source_id               = "ocid1.image.oc1.eu-zurich-1.aaaaaaaaeiej3u3vj6qwpezhuzfvttqizv5hs424weni5dffwryitayitiia"
[2026-01-19 03:08:55] [CMD] [32m+[0m[0m source_type             = "image"
[2026-01-19 03:08:55] [CMD] 
[2026-01-19 03:08:55] [CMD] [32m+[0m[0m instance_source_image_filter_details (known after apply)
[2026-01-19 03:08:55] [CMD] }
[2026-01-19 03:08:55] [CMD] }
[2026-01-19 03:08:55] [CMD] 
[2026-01-19 03:08:55] [CMD] [1m  # module.oci_workers.oci_core_instance.vm[1][0m will be created
[2026-01-19 03:08:55] [CMD] [0m  [32m+[0m[0m resource "oci_core_instance" "vm" {
[2026-01-19 03:08:55] [CMD] [32m+[0m[0m availability_domain                 = "Okvh:EU-ZURICH-1-AD-1"
[2026-01-19 03:08:55] [CMD] [32m+[0m[0m boot_volume_id                      = (known after apply)
[2026-01-19 03:08:55] [CMD] [32m+[0m[0m capacity_reservation_id             = (known after apply)
[2026-01-19 03:08:55] [CMD] [32m+[0m[0m compartment_id                      = "ocid1.compartment.oc1..aaaaaaaaqosxqzxlkkoruo6yxntlv2u6653ox7uqc46fhpid6ezj6gi73zzq"
[2026-01-19 03:08:55] [CMD] [32m+[0m[0m compute_cluster_id                  = (known after apply)
[2026-01-19 03:08:55] [CMD] [32m+[0m[0m dedicated_vm_host_id                = (known after apply)
[2026-01-19 03:08:55] [CMD] [32m+[0m[0m defined_tags                        = (known after apply)
[2026-01-19 03:08:55] [CMD] [32m+[0m[0m display_name                        = "oci-kls-worker-202"
[2026-01-19 03:08:55] [CMD] [32m+[0m[0m extended_metadata                   = (known after apply)
[2026-01-19 03:08:55] [CMD] [32m+[0m[0m fault_domain                        = (known after apply)
[2026-01-19 03:08:55] [CMD] [32m+[0m[0m freeform_tags                       = {
[2026-01-19 03:08:55] [CMD] [32m+[0m[0m "Role" = "worker"
[2026-01-19 03:08:55] [CMD] }
[2026-01-19 03:08:55] [CMD] [32m+[0m[0m hostname_label                      = (known after apply)
[2026-01-19 03:08:55] [CMD] [32m+[0m[0m id                                  = (known after apply)
[2026-01-19 03:08:55] [CMD] [32m+[0m[0m image                               = (known after apply)
[2026-01-19 03:08:55] [CMD] [32m+[0m[0m instance_configuration_id           = (known after apply)
[2026-01-19 03:08:55] [CMD] [32m+[0m[0m ipxe_script                         = (known after apply)
[2026-01-19 03:08:55] [CMD] [32m+[0m[0m is_ai_enterprise_enabled            = (known after apply)
[2026-01-19 03:08:55] [CMD] [32m+[0m[0m is_cross_numa_node                  = (known after apply)
[2026-01-19 03:08:55] [CMD] [32m+[0m[0m is_pv_encryption_in_transit_enabled = (known after apply)
[2026-01-19 03:08:55] [CMD] [32m+[0m[0m launch_mode                         = (known after apply)
[2026-01-19 03:08:55] [CMD] [32m+[0m[0m metadata                            = {
[2026-01-19 03:08:55] [CMD] [32m+[0m[0m "ssh_authorized_keys" = <<-EOT
[2026-01-19 03:08:55] [CMD] ssh-rsa AAAAB3NzaC1yc2EAAAADAQABAAABAQDGgVhlH0TFnfQFaCNk5ZHRBYiQgXjS+GiWKUK4iChAdMxHAupZf6kMVTWJZi5tHfsUqYdopwPAmoqpmYc/5AXrkYXyepRHNf/gGSp3Q1BrWH6+jhPBF/2fx65NrUqFTm3muuD3aPvepWA4oobcrT9FJN7HPZQ6N+N32GpM3IY5pbDhlTOkAwR6HLEFXdem8hJ7/GlV5Aw8qiQxhOsqLScN5deJlLsncsQfdSxEFhgrWrNOvAZaItk2q/jzq6I+zQE6WS8pGYu0vRA5hHNXxVdh+PnMavmA2rTzh4g+ATfAqjeA2gYlfQH5Nz9HhzXQGciQDZpUlsjGWWX0OcQ7+1tB buffalo@buffalo-IdeaPad-1
[2026-01-19 03:08:55] [CMD] EOT
[2026-01-19 03:08:55] [CMD] }
[2026-01-19 03:08:55] [CMD] [32m+[0m[0m private_ip                          = (known after apply)
[2026-01-19 03:08:55] [CMD] [32m+[0m[0m public_ip                           = (known after apply)
[2026-01-19 03:08:55] [CMD] [32m+[0m[0m region                              = (known after apply)
[2026-01-19 03:08:55] [CMD] [32m+[0m[0m security_attributes                 = (known after apply)
[2026-01-19 03:08:55] [CMD] [32m+[0m[0m security_attributes_state           = (known after apply)
[2026-01-19 03:08:55] [CMD] [32m+[0m[0m shape                               = "VM.Standard.A1.Flex"
[2026-01-19 03:08:55] [CMD] [32m+[0m[0m state                               = (known after apply)
[2026-01-19 03:08:55] [CMD] [32m+[0m[0m subnet_id                           = (known after apply)
[2026-01-19 03:08:55] [CMD] [32m+[0m[0m system_tags                         = (known after apply)
[2026-01-19 03:08:55] [CMD] [32m+[0m[0m time_created                        = (known after apply)
[2026-01-19 03:08:55] [CMD] [32m+[0m[0m time_maintenance_reboot_due         = (known after apply)
[2026-01-19 03:08:55] [CMD] 
[2026-01-19 03:08:55] [CMD] [32m+[0m[0m agent_config (known after apply)
[2026-01-19 03:08:55] [CMD] 
[2026-01-19 03:08:55] [CMD] [32m+[0m[0m availability_config (known after apply)
[2026-01-19 03:08:55] [CMD] 
[2026-01-19 03:08:55] [CMD] [32m+[0m[0m create_vnic_details {
[2026-01-19 03:08:55] [CMD] [32m+[0m[0m assign_ipv6ip          = (known after apply)
[2026-01-19 03:08:55] [CMD] [32m+[0m[0m assign_public_ip       = "true"
[2026-01-19 03:08:55] [CMD] [32m+[0m[0m defined_tags           = (known after apply)
[2026-01-19 03:08:55] [CMD] [32m+[0m[0m display_name           = (known after apply)
[2026-01-19 03:08:55] [CMD] [32m+[0m[0m freeform_tags          = (known after apply)
[2026-01-19 03:08:55] [CMD] [32m+[0m[0m hostname_label         = (known after apply)
[2026-01-19 03:08:55] [CMD] [32m+[0m[0m nsg_ids                = (known after apply)
[2026-01-19 03:08:55] [CMD] [32m+[0m[0m private_ip             = (known after apply)
[2026-01-19 03:08:55] [CMD] [32m+[0m[0m security_attributes    = (known after apply)
[2026-01-19 03:08:55] [CMD] [32m+[0m[0m skip_source_dest_check = (known after apply)
[2026-01-19 03:08:55] [CMD] [32m+[0m[0m subnet_cidr            = (known after apply)
[2026-01-19 03:08:55] [CMD] [32m+[0m[0m subnet_id              = "ocid1.subnet.oc1.eu-zurich-1.aaaaaaaaptp3u3on7sblkoxaxhcdb25kke42i7u3j3gqgynzhl3672i3fqwa"
[2026-01-19 03:08:55] [CMD] [32m+[0m[0m vlan_id                = (known after apply)
[2026-01-19 03:08:55] [CMD] 
[2026-01-19 03:08:55] [CMD] [32m+[0m[0m ipv6address_ipv6subnet_cidr_pair_details (known after apply)
[2026-01-19 03:08:55] [CMD] }
[2026-01-19 03:08:55] [CMD] 
[2026-01-19 03:08:55] [CMD] [32m+[0m[0m instance_options (known after apply)
[2026-01-19 03:08:55] [CMD] 
[2026-01-19 03:08:55] [CMD] [32m+[0m[0m launch_options (known after apply)
[2026-01-19 03:08:55] [CMD] 
[2026-01-19 03:08:55] [CMD] [32m+[0m[0m launch_volume_attachments (known after apply)
[2026-01-19 03:08:55] [CMD] 
[2026-01-19 03:08:55] [CMD] [32m+[0m[0m licensing_configs (known after apply)
[2026-01-19 03:08:55] [CMD] 
[2026-01-19 03:08:55] [CMD] [32m+[0m[0m placement_constraint_details (known after apply)
[2026-01-19 03:08:55] [CMD] 
[2026-01-19 03:08:55] [CMD] [32m+[0m[0m platform_config (known after apply)
[2026-01-19 03:08:55] [CMD] 
[2026-01-19 03:08:55] [CMD] [32m+[0m[0m preemptible_instance_config (known after apply)
[2026-01-19 03:08:55] [CMD] 
[2026-01-19 03:08:55] [CMD] [32m+[0m[0m shape_config {
[2026-01-19 03:08:55] [CMD] [32m+[0m[0m baseline_ocpu_utilization     = (known after apply)
[2026-01-19 03:08:55] [CMD] [32m+[0m[0m gpu_description               = (known after apply)
[2026-01-19 03:08:55] [CMD] [32m+[0m[0m gpus                          = (known after apply)
[2026-01-19 03:08:55] [CMD] [32m+[0m[0m local_disk_description        = (known after apply)
[2026-01-19 03:08:55] [CMD] [32m+[0m[0m local_disks                   = (known after apply)
[2026-01-19 03:08:55] [CMD] [32m+[0m[0m local_disks_total_size_in_gbs = (known after apply)
[2026-01-19 03:08:55] [CMD] [32m+[0m[0m max_vnic_attachments          = (known after apply)
[2026-01-19 03:08:55] [CMD] [32m+[0m[0m memory_in_gbs                 = 12
[2026-01-19 03:08:55] [CMD] [32m+[0m[0m networking_bandwidth_in_gbps  = (known after apply)
[2026-01-19 03:08:55] [CMD] [32m+[0m[0m nvmes                         = (known after apply)
[2026-01-19 03:08:55] [CMD] [32m+[0m[0m ocpus                         = 2
[2026-01-19 03:08:55] [CMD] [32m+[0m[0m processor_description         = (known after apply)
[2026-01-19 03:08:55] [CMD] [32m+[0m[0m resource_management           = (known after apply)
[2026-01-19 03:08:55] [CMD] [32m+[0m[0m vcpus                         = (known after apply)
[2026-01-19 03:08:55] [CMD] }
[2026-01-19 03:08:55] [CMD] 
[2026-01-19 03:08:55] [CMD] [32m+[0m[0m source_details {
[2026-01-19 03:08:55] [CMD] [32m+[0m[0m boot_volume_size_in_gbs = "100"
[2026-01-19 03:08:55] [CMD] [32m+[0m[0m boot_volume_vpus_per_gb = (known after apply)
[2026-01-19 03:08:55] [CMD] [32m+[0m[0m source_id               = "ocid1.image.oc1.eu-zurich-1.aaaaaaaaeiej3u3vj6qwpezhuzfvttqizv5hs424weni5dffwryitayitiia"
[2026-01-19 03:08:55] [CMD] [32m+[0m[0m source_type             = "image"
[2026-01-19 03:08:55] [CMD] 
[2026-01-19 03:08:55] [CMD] [32m+[0m[0m instance_source_image_filter_details (known after apply)
[2026-01-19 03:08:55] [CMD] }
[2026-01-19 03:08:55] [CMD] }
[2026-01-19 03:08:55] [CMD] 
[2026-01-19 03:08:55] [CMD] [1mPlan:[0m [0m2 to add, 0 to change, 0 to destroy.
[2026-01-19 03:08:55] [CMD] 
[2026-01-19 03:08:55] [CMD] Changes to Outputs:
[2026-01-19 03:08:55] [CMD] [32m+[0m[0m oci_worker_ips       = [
[2026-01-19 03:08:55] [CMD] [32m+[0m[0m (known after apply),
[2026-01-19 03:08:55] [CMD] [32m+[0m[0m (known after apply),
[2026-01-19 03:08:55] [CMD] ]
[2026-01-19 03:08:56] [CMD] [0m[1mmodule.oci_workers.oci_core_instance.vm[0]: Creating...[0m[0m
[2026-01-19 03:08:56] [CMD] [0m[1mmodule.oci_workers.oci_core_instance.vm[1]: Creating...[0m[0m
[2026-01-19 03:09:05] [CMD] [33m╷[0m[0m
[2026-01-19 03:09:05] [CMD] [33m│[0m [0m[1m[33mWarning: [0m[0m[1mValue for undeclared variable[0m
[2026-01-19 03:09:05] [CMD] [33m│[0m [0m
[2026-01-19 03:09:05] [CMD] [33m│[0m [0m[0mThe root module does not declare a variable named "gcp_image" but a value
[2026-01-19 03:09:05] [CMD] [33m│[0m [0mwas found in file "terraform.tfvars". If you meant to use this value, add a
[2026-01-19 03:09:05] [CMD] [33m│[0m [0m"variable" block to the configuration.
[2026-01-19 03:09:05] [CMD] [33m│[0m [0m
[2026-01-19 03:09:05] [CMD] [33m│[0m [0mTo silence these warnings, use TF_VAR_... environment variables to provide
[2026-01-19 03:09:05] [CMD] [33m│[0m [0mcertain "global" settings to all configurations in your organization. To
[2026-01-19 03:09:05] [CMD] [33m│[0m [0mreduce the verbosity of these warnings, use the -compact-warnings option.
[2026-01-19 03:09:05] [CMD] [33m╵[0m[0m
[2026-01-19 03:09:05] [CMD] [31m╷[0m[0m
[2026-01-19 03:09:05] [CMD] [31m│[0m [0m[1m[31mError: [0m[0m[1m500-InternalError, Out of host capacity.
[2026-01-19 03:09:05] [CMD] [31m│[0m [0mSuggestion: The service for this resource encountered an error. Please contact support for help with service: Core Instance
[2026-01-19 03:09:05] [CMD] [31m│[0m [0mDocumentation: https://registry.terraform.io/providers/oracle/oci/latest/docs/resources/core_instance
[2026-01-19 03:09:05] [CMD] [31m│[0m [0mAPI Reference: https://docs.oracle.com/iaas/api/#/en/iaas/20160918/Instance/LaunchInstance
[2026-01-19 03:09:05] [CMD] [31m│[0m [0mRequest Target: POST https://iaas.eu-zurich-1.oraclecloud.com/20160918/instances
[2026-01-19 03:09:05] [CMD] [31m│[0m [0mProvider version: 7.29.0, released on 2025-12-16. This provider is 4 Update(s) behind to current.
[2026-01-19 03:09:05] [CMD] [31m│[0m [0mService: Core Instance
[2026-01-19 03:09:05] [CMD] [31m│[0m [0mOperation Name: LaunchInstance
[2026-01-19 03:09:05] [CMD] [31m│[0m [0mOPC request ID: e845039587ff0bf8b5942bd94f858886/D4BB8B7E973463194AA06D695A5248AA/CE1EC614E459535945C35350DAC785A2
[2026-01-19 03:09:05] [CMD] [31m│[0m [0m[0m
[2026-01-19 03:09:05] [CMD] [31m│[0m [0m
[2026-01-19 03:09:05] [CMD] [31m│[0m [0m[0m  with module.oci_workers.oci_core_instance.vm[0],
[2026-01-19 03:09:05] [CMD] [31m│[0m [0m  on ../modules/oci-instance/main.tf line 37, in resource "oci_core_instance" "vm":
[2026-01-19 03:09:05] [CMD] [31m│[0m [0m  37: resource "oci_core_instance" "vm" [4m{[0m[0m
[2026-01-19 03:09:05] [CMD] [31m│[0m [0m
[2026-01-19 03:09:05] [CMD] [31m╵[0m[0m
[2026-01-19 03:09:05] [CMD] [31m╷[0m[0m
[2026-01-19 03:09:05] [CMD] [31m│[0m [0m[1m[31mError: [0m[0m[1m500-InternalError, Out of host capacity.
[2026-01-19 03:09:05] [CMD] [31m│[0m [0mSuggestion: The service for this resource encountered an error. Please contact support for help with service: Core Instance
[2026-01-19 03:09:05] [CMD] [31m│[0m [0mDocumentation: https://registry.terraform.io/providers/oracle/oci/latest/docs/resources/core_instance
[2026-01-19 03:09:05] [CMD] [31m│[0m [0mAPI Reference: https://docs.oracle.com/iaas/api/#/en/iaas/20160918/Instance/LaunchInstance
[2026-01-19 03:09:05] [CMD] [31m│[0m [0mRequest Target: POST https://iaas.eu-zurich-1.oraclecloud.com/20160918/instances
[2026-01-19 03:09:05] [CMD] [31m│[0m [0mProvider version: 7.29.0, released on 2025-12-16. This provider is 4 Update(s) behind to current.
[2026-01-19 03:09:05] [CMD] [31m│[0m [0mService: Core Instance
[2026-01-19 03:09:05] [CMD] [31m│[0m [0mOperation Name: LaunchInstance
[2026-01-19 03:09:05] [CMD] [31m│[0m [0mOPC request ID: eed0a9d65faf76b5e73b831342ca9a4c/23B3EB2CBEE55FC14AA06D695A5248AF/531122299264781D559F0C73E1190A3C
[2026-01-19 03:09:05] [CMD] [31m│[0m [0m[0m
[2026-01-19 03:09:05] [CMD] [31m│[0m [0m
[2026-01-19 03:09:05] [CMD] [31m│[0m [0m[0m  with module.oci_workers.oci_core_instance.vm[1],
[2026-01-19 03:09:05] [CMD] [31m│[0m [0m  on ../modules/oci-instance/main.tf line 37, in resource "oci_core_instance" "vm":
[2026-01-19 03:09:05] [CMD] [31m│[0m [0m  37: resource "oci_core_instance" "vm" [4m{[0m[0m
[2026-01-19 03:09:05] [CMD] [31m│[0m [0m
[2026-01-19 03:09:05] [CMD] [31m╵[0m[0m
[2026-01-19 03:09:05] Command failed with exit code 1.
[2026-01-19 03:09:05] Task failed. Retrying in 300 seconds...
[2026-01-19 03:14:05] Attempting to run: terraform apply --auto-approve
[2026-01-19 03:14:05] Working Directory: /home/buffalo/Documents/Project/kubernetes-infra/terraform/kls-infra-02
[2026-01-19 03:14:09] [CMD] [0m[1mmodule.oci_workers.data.oci_identity_availability_domains.ads: Reading...[0m[0m
[2026-01-19 03:14:09] [CMD] [0m[1mmodule.oci_workers.data.oci_core_images.ubuntu_arm: Reading...[0m[0m
[2026-01-19 03:14:09] [CMD] [0m[1mmodule.oci_workers.data.oci_core_images.ubuntu_amd: Reading...[0m[0m
[2026-01-19 03:14:09] [CMD] [0m[1mmodule.oci_controlplane.data.oci_core_images.ubuntu_amd: Reading...[0m[0m
[2026-01-19 03:14:09] [CMD] [0m[1mmodule.oci_controlplane.data.oci_identity_availability_domains.ads: Reading...[0m[0m
[2026-01-19 03:14:09] [CMD] [0m[1mmodule.oci_controlplane.data.oci_core_images.ubuntu_arm: Reading...[0m[0m
[2026-01-19 03:14:11] [CMD] [0m[1mmodule.oci_controlplane.data.oci_identity_availability_domains.ads: Read complete after 1s [id=IdentityAvailabilityDomainsDataSource-2634143273][0m
[2026-01-19 03:14:11] [CMD] [0m[1mmodule.oci_controlplane.data.oci_core_images.ubuntu_amd: Read complete after 1s [id=CoreImagesDataSource-4182059877][0m
[2026-01-19 03:14:11] [CMD] [0m[1mmodule.oci_workers.data.oci_core_images.ubuntu_arm: Read complete after 1s [id=CoreImagesDataSource-1596659991][0m
[2026-01-19 03:14:11] [CMD] [0m[1mmodule.oci_controlplane.data.oci_core_images.ubuntu_arm: Read complete after 1s [id=CoreImagesDataSource-1596659991][0m
[2026-01-19 03:14:11] [CMD] [0m[1mmodule.aws_worker.data.aws_ami.ubuntu: Reading...[0m[0m
[2026-01-19 03:14:11] [CMD] [0m[1mmodule.oci_workers.data.oci_identity_availability_domains.ads: Read complete after 1s [id=IdentityAvailabilityDomainsDataSource-2634143273][0m
[2026-01-19 03:14:11] [CMD] [0m[1mmodule.oci_workers.data.oci_core_images.ubuntu_amd: Read complete after 1s [id=CoreImagesDataSource-4182059877][0m
[2026-01-19 03:14:11] [CMD] [0m[1mmodule.gcp_worker.data.google_compute_image.ubuntu: Reading...[0m[0m
[2026-01-19 03:14:12] [CMD] [0m[1mmodule.gcp_worker.data.google_compute_image.ubuntu: Read complete after 2s [id=projects/ubuntu-os-cloud/global/images/ubuntu-2404-noble-amd64-v20260117][0m
[2026-01-19 03:14:12] [CMD] [0m[1mmodule.aws_worker.data.aws_ami.ubuntu: Read complete after 2s [id=ami-01637463b2cbe7cb6][0m
[2026-01-19 03:14:13] [CMD] 
[2026-01-19 03:14:13] [CMD] Terraform used the selected providers to generate the following execution
[2026-01-19 03:14:13] [CMD] plan. Resource actions are indicated with the following symbols:
[2026-01-19 03:14:13] [CMD] [32m+[0m create[0m
[2026-01-19 03:14:13] [CMD] 
[2026-01-19 03:14:13] [CMD] Terraform will perform the following actions:
[2026-01-19 03:14:13] [CMD] 
[2026-01-19 03:14:13] [CMD] [1m  # module.oci_workers.oci_core_instance.vm[0][0m will be created
[2026-01-19 03:14:13] [CMD] [0m  [32m+[0m[0m resource "oci_core_instance" "vm" {
[2026-01-19 03:14:13] [CMD] [32m+[0m[0m availability_domain                 = "Okvh:EU-ZURICH-1-AD-1"
[2026-01-19 03:14:13] [CMD] [32m+[0m[0m boot_volume_id                      = (known after apply)
[2026-01-19 03:14:13] [CMD] [32m+[0m[0m capacity_reservation_id             = (known after apply)
[2026-01-19 03:14:13] [CMD] [32m+[0m[0m compartment_id                      = "ocid1.compartment.oc1..aaaaaaaaqosxqzxlkkoruo6yxntlv2u6653ox7uqc46fhpid6ezj6gi73zzq"
[2026-01-19 03:14:13] [CMD] [32m+[0m[0m compute_cluster_id                  = (known after apply)
[2026-01-19 03:14:13] [CMD] [32m+[0m[0m dedicated_vm_host_id                = (known after apply)
[2026-01-19 03:14:13] [CMD] [32m+[0m[0m defined_tags                        = (known after apply)
[2026-01-19 03:14:13] [CMD] [32m+[0m[0m display_name                        = "oci-kls-worker-201"
[2026-01-19 03:14:13] [CMD] [32m+[0m[0m extended_metadata                   = (known after apply)
[2026-01-19 03:14:13] [CMD] [32m+[0m[0m fault_domain                        = (known after apply)
[2026-01-19 03:14:13] [CMD] [32m+[0m[0m freeform_tags                       = {
[2026-01-19 03:14:13] [CMD] [32m+[0m[0m "Role" = "worker"
[2026-01-19 03:14:13] [CMD] }
[2026-01-19 03:14:13] [CMD] [32m+[0m[0m hostname_label                      = (known after apply)
[2026-01-19 03:14:13] [CMD] [32m+[0m[0m id                                  = (known after apply)
[2026-01-19 03:14:13] [CMD] [32m+[0m[0m image                               = (known after apply)
[2026-01-19 03:14:13] [CMD] [32m+[0m[0m instance_configuration_id           = (known after apply)
[2026-01-19 03:14:13] [CMD] [32m+[0m[0m ipxe_script                         = (known after apply)
[2026-01-19 03:14:13] [CMD] [32m+[0m[0m is_ai_enterprise_enabled            = (known after apply)
[2026-01-19 03:14:13] [CMD] [32m+[0m[0m is_cross_numa_node                  = (known after apply)
[2026-01-19 03:14:13] [CMD] [32m+[0m[0m is_pv_encryption_in_transit_enabled = (known after apply)
[2026-01-19 03:14:13] [CMD] [32m+[0m[0m launch_mode                         = (known after apply)
[2026-01-19 03:14:13] [CMD] [32m+[0m[0m metadata                            = {
[2026-01-19 03:14:13] [CMD] [32m+[0m[0m "ssh_authorized_keys" = <<-EOT
[2026-01-19 03:14:13] [CMD] ssh-rsa AAAAB3NzaC1yc2EAAAADAQABAAABAQDGgVhlH0TFnfQFaCNk5ZHRBYiQgXjS+GiWKUK4iChAdMxHAupZf6kMVTWJZi5tHfsUqYdopwPAmoqpmYc/5AXrkYXyepRHNf/gGSp3Q1BrWH6+jhPBF/2fx65NrUqFTm3muuD3aPvepWA4oobcrT9FJN7HPZQ6N+N32GpM3IY5pbDhlTOkAwR6HLEFXdem8hJ7/GlV5Aw8qiQxhOsqLScN5deJlLsncsQfdSxEFhgrWrNOvAZaItk2q/jzq6I+zQE6WS8pGYu0vRA5hHNXxVdh+PnMavmA2rTzh4g+ATfAqjeA2gYlfQH5Nz9HhzXQGciQDZpUlsjGWWX0OcQ7+1tB buffalo@buffalo-IdeaPad-1
[2026-01-19 03:14:13] [CMD] EOT
[2026-01-19 03:14:13] [CMD] }
[2026-01-19 03:14:13] [CMD] [32m+[0m[0m private_ip                          = (known after apply)
[2026-01-19 03:14:13] [CMD] [32m+[0m[0m public_ip                           = (known after apply)
[2026-01-19 03:14:13] [CMD] [32m+[0m[0m region                              = (known after apply)
[2026-01-19 03:14:13] [CMD] [32m+[0m[0m security_attributes                 = (known after apply)
[2026-01-19 03:14:13] [CMD] [32m+[0m[0m security_attributes_state           = (known after apply)
[2026-01-19 03:14:13] [CMD] [32m+[0m[0m shape                               = "VM.Standard.A1.Flex"
[2026-01-19 03:14:13] [CMD] [32m+[0m[0m state                               = (known after apply)
[2026-01-19 03:14:13] [CMD] [32m+[0m[0m subnet_id                           = (known after apply)
[2026-01-19 03:14:13] [CMD] [32m+[0m[0m system_tags                         = (known after apply)
[2026-01-19 03:14:13] [CMD] [32m+[0m[0m time_created                        = (known after apply)
[2026-01-19 03:14:13] [CMD] [32m+[0m[0m time_maintenance_reboot_due         = (known after apply)
[2026-01-19 03:14:13] [CMD] 
[2026-01-19 03:14:13] [CMD] [32m+[0m[0m agent_config (known after apply)
[2026-01-19 03:14:13] [CMD] 
[2026-01-19 03:14:13] [CMD] [32m+[0m[0m availability_config (known after apply)
[2026-01-19 03:14:13] [CMD] 
[2026-01-19 03:14:13] [CMD] [32m+[0m[0m create_vnic_details {
[2026-01-19 03:14:13] [CMD] [32m+[0m[0m assign_ipv6ip          = (known after apply)
[2026-01-19 03:14:13] [CMD] [32m+[0m[0m assign_public_ip       = "true"
[2026-01-19 03:14:13] [CMD] [32m+[0m[0m defined_tags           = (known after apply)
[2026-01-19 03:14:13] [CMD] [32m+[0m[0m display_name           = (known after apply)
[2026-01-19 03:14:13] [CMD] [32m+[0m[0m freeform_tags          = (known after apply)
[2026-01-19 03:14:13] [CMD] [32m+[0m[0m hostname_label         = (known after apply)
[2026-01-19 03:14:13] [CMD] [32m+[0m[0m nsg_ids                = (known after apply)
[2026-01-19 03:14:13] [CMD] [32m+[0m[0m private_ip             = (known after apply)
[2026-01-19 03:14:13] [CMD] [32m+[0m[0m security_attributes    = (known after apply)
[2026-01-19 03:14:13] [CMD] [32m+[0m[0m skip_source_dest_check = (known after apply)
[2026-01-19 03:14:13] [CMD] [32m+[0m[0m subnet_cidr            = (known after apply)
[2026-01-19 03:14:13] [CMD] [32m+[0m[0m subnet_id              = "ocid1.subnet.oc1.eu-zurich-1.aaaaaaaaptp3u3on7sblkoxaxhcdb25kke42i7u3j3gqgynzhl3672i3fqwa"
[2026-01-19 03:14:13] [CMD] [32m+[0m[0m vlan_id                = (known after apply)
[2026-01-19 03:14:13] [CMD] 
[2026-01-19 03:14:13] [CMD] [32m+[0m[0m ipv6address_ipv6subnet_cidr_pair_details (known after apply)
[2026-01-19 03:14:13] [CMD] }
[2026-01-19 03:14:13] [CMD] 
[2026-01-19 03:14:13] [CMD] [32m+[0m[0m instance_options (known after apply)
[2026-01-19 03:14:13] [CMD] 
[2026-01-19 03:14:13] [CMD] [32m+[0m[0m launch_options (known after apply)
[2026-01-19 03:14:13] [CMD] 
[2026-01-19 03:14:13] [CMD] [32m+[0m[0m launch_volume_attachments (known after apply)
[2026-01-19 03:14:13] [CMD] 
[2026-01-19 03:14:13] [CMD] [32m+[0m[0m licensing_configs (known after apply)
[2026-01-19 03:14:13] [CMD] 
[2026-01-19 03:14:13] [CMD] [32m+[0m[0m placement_constraint_details (known after apply)
[2026-01-19 03:14:13] [CMD] 
[2026-01-19 03:14:13] [CMD] [32m+[0m[0m platform_config (known after apply)
[2026-01-19 03:14:13] [CMD] 
[2026-01-19 03:14:13] [CMD] [32m+[0m[0m preemptible_instance_config (known after apply)
[2026-01-19 03:14:13] [CMD] 
[2026-01-19 03:14:13] [CMD] [32m+[0m[0m shape_config {
[2026-01-19 03:14:13] [CMD] [32m+[0m[0m baseline_ocpu_utilization     = (known after apply)
[2026-01-19 03:14:13] [CMD] [32m+[0m[0m gpu_description               = (known after apply)
[2026-01-19 03:14:13] [CMD] [32m+[0m[0m gpus                          = (known after apply)
[2026-01-19 03:14:13] [CMD] [32m+[0m[0m local_disk_description        = (known after apply)
[2026-01-19 03:14:13] [CMD] [32m+[0m[0m local_disks                   = (known after apply)
[2026-01-19 03:14:13] [CMD] [32m+[0m[0m local_disks_total_size_in_gbs = (known after apply)
[2026-01-19 03:14:13] [CMD] [32m+[0m[0m max_vnic_attachments          = (known after apply)
[2026-01-19 03:14:13] [CMD] [32m+[0m[0m memory_in_gbs                 = 12
[2026-01-19 03:14:13] [CMD] [32m+[0m[0m networking_bandwidth_in_gbps  = (known after apply)
[2026-01-19 03:14:13] [CMD] [32m+[0m[0m nvmes                         = (known after apply)
[2026-01-19 03:14:13] [CMD] [32m+[0m[0m ocpus                         = 2
[2026-01-19 03:14:13] [CMD] [32m+[0m[0m processor_description         = (known after apply)
[2026-01-19 03:14:13] [CMD] [32m+[0m[0m resource_management           = (known after apply)
[2026-01-19 03:14:13] [CMD] [32m+[0m[0m vcpus                         = (known after apply)
[2026-01-19 03:14:13] [CMD] }
[2026-01-19 03:14:13] [CMD] 
[2026-01-19 03:14:13] [CMD] [32m+[0m[0m source_details {
[2026-01-19 03:14:13] [CMD] [32m+[0m[0m boot_volume_size_in_gbs = "100"
[2026-01-19 03:14:13] [CMD] [32m+[0m[0m boot_volume_vpus_per_gb = (known after apply)
[2026-01-19 03:14:13] [CMD] [32m+[0m[0m source_id               = "ocid1.image.oc1.eu-zurich-1.aaaaaaaaeiej3u3vj6qwpezhuzfvttqizv5hs424weni5dffwryitayitiia"
[2026-01-19 03:14:13] [CMD] [32m+[0m[0m source_type             = "image"
[2026-01-19 03:14:13] [CMD] 
[2026-01-19 03:14:13] [CMD] [32m+[0m[0m instance_source_image_filter_details (known after apply)
[2026-01-19 03:14:13] [CMD] }
[2026-01-19 03:14:13] [CMD] }
[2026-01-19 03:14:13] [CMD] 
[2026-01-19 03:14:13] [CMD] [1m  # module.oci_workers.oci_core_instance.vm[1][0m will be created
[2026-01-19 03:14:13] [CMD] [0m  [32m+[0m[0m resource "oci_core_instance" "vm" {
[2026-01-19 03:14:13] [CMD] [32m+[0m[0m availability_domain                 = "Okvh:EU-ZURICH-1-AD-1"
[2026-01-19 03:14:13] [CMD] [32m+[0m[0m boot_volume_id                      = (known after apply)
[2026-01-19 03:14:13] [CMD] [32m+[0m[0m capacity_reservation_id             = (known after apply)
[2026-01-19 03:14:13] [CMD] [32m+[0m[0m compartment_id                      = "ocid1.compartment.oc1..aaaaaaaaqosxqzxlkkoruo6yxntlv2u6653ox7uqc46fhpid6ezj6gi73zzq"
[2026-01-19 03:14:13] [CMD] [32m+[0m[0m compute_cluster_id                  = (known after apply)
[2026-01-19 03:14:13] [CMD] [32m+[0m[0m dedicated_vm_host_id                = (known after apply)
[2026-01-19 03:14:13] [CMD] [32m+[0m[0m defined_tags                        = (known after apply)
[2026-01-19 03:14:13] [CMD] [32m+[0m[0m display_name                        = "oci-kls-worker-202"
[2026-01-19 03:14:13] [CMD] [32m+[0m[0m extended_metadata                   = (known after apply)
[2026-01-19 03:14:13] [CMD] [32m+[0m[0m fault_domain                        = (known after apply)
[2026-01-19 03:14:13] [CMD] [32m+[0m[0m freeform_tags                       = {
[2026-01-19 03:14:13] [CMD] [32m+[0m[0m "Role" = "worker"
[2026-01-19 03:14:13] [CMD] }
[2026-01-19 03:14:13] [CMD] [32m+[0m[0m hostname_label                      = (known after apply)
[2026-01-19 03:14:13] [CMD] [32m+[0m[0m id                                  = (known after apply)
[2026-01-19 03:14:13] [CMD] [32m+[0m[0m image                               = (known after apply)
[2026-01-19 03:14:13] [CMD] [32m+[0m[0m instance_configuration_id           = (known after apply)
[2026-01-19 03:14:13] [CMD] [32m+[0m[0m ipxe_script                         = (known after apply)
[2026-01-19 03:14:13] [CMD] [32m+[0m[0m is_ai_enterprise_enabled            = (known after apply)
[2026-01-19 03:14:13] [CMD] [32m+[0m[0m is_cross_numa_node                  = (known after apply)
[2026-01-19 03:14:13] [CMD] [32m+[0m[0m is_pv_encryption_in_transit_enabled = (known after apply)
[2026-01-19 03:14:13] [CMD] [32m+[0m[0m launch_mode                         = (known after apply)
[2026-01-19 03:14:13] [CMD] [32m+[0m[0m metadata                            = {
[2026-01-19 03:14:13] [CMD] [32m+[0m[0m "ssh_authorized_keys" = <<-EOT
[2026-01-19 03:14:13] [CMD] ssh-rsa AAAAB3NzaC1yc2EAAAADAQABAAABAQDGgVhlH0TFnfQFaCNk5ZHRBYiQgXjS+GiWKUK4iChAdMxHAupZf6kMVTWJZi5tHfsUqYdopwPAmoqpmYc/5AXrkYXyepRHNf/gGSp3Q1BrWH6+jhPBF/2fx65NrUqFTm3muuD3aPvepWA4oobcrT9FJN7HPZQ6N+N32GpM3IY5pbDhlTOkAwR6HLEFXdem8hJ7/GlV5Aw8qiQxhOsqLScN5deJlLsncsQfdSxEFhgrWrNOvAZaItk2q/jzq6I+zQE6WS8pGYu0vRA5hHNXxVdh+PnMavmA2rTzh4g+ATfAqjeA2gYlfQH5Nz9HhzXQGciQDZpUlsjGWWX0OcQ7+1tB buffalo@buffalo-IdeaPad-1
[2026-01-19 03:14:13] [CMD] EOT
[2026-01-19 03:14:13] [CMD] }
[2026-01-19 03:14:13] [CMD] [32m+[0m[0m private_ip                          = (known after apply)
[2026-01-19 03:14:13] [CMD] [32m+[0m[0m public_ip                           = (known after apply)
[2026-01-19 03:14:13] [CMD] [32m+[0m[0m region                              = (known after apply)
[2026-01-19 03:14:13] [CMD] [32m+[0m[0m security_attributes                 = (known after apply)
[2026-01-19 03:14:13] [CMD] [32m+[0m[0m security_attributes_state           = (known after apply)
[2026-01-19 03:14:13] [CMD] [32m+[0m[0m shape                               = "VM.Standard.A1.Flex"
[2026-01-19 03:14:13] [CMD] [32m+[0m[0m state                               = (known after apply)
[2026-01-19 03:14:13] [CMD] [32m+[0m[0m subnet_id                           = (known after apply)
[2026-01-19 03:14:13] [CMD] [32m+[0m[0m system_tags                         = (known after apply)
[2026-01-19 03:14:13] [CMD] [32m+[0m[0m time_created                        = (known after apply)
[2026-01-19 03:14:13] [CMD] [32m+[0m[0m time_maintenance_reboot_due         = (known after apply)
[2026-01-19 03:14:13] [CMD] 
[2026-01-19 03:14:13] [CMD] [32m+[0m[0m agent_config (known after apply)
[2026-01-19 03:14:13] [CMD] 
[2026-01-19 03:14:13] [CMD] [32m+[0m[0m availability_config (known after apply)
[2026-01-19 03:14:13] [CMD] 
[2026-01-19 03:14:13] [CMD] [32m+[0m[0m create_vnic_details {
[2026-01-19 03:14:13] [CMD] [32m+[0m[0m assign_ipv6ip          = (known after apply)
[2026-01-19 03:14:13] [CMD] [32m+[0m[0m assign_public_ip       = "true"
[2026-01-19 03:14:13] [CMD] [32m+[0m[0m defined_tags           = (known after apply)
[2026-01-19 03:14:13] [CMD] [32m+[0m[0m display_name           = (known after apply)
[2026-01-19 03:14:13] [CMD] [32m+[0m[0m freeform_tags          = (known after apply)
[2026-01-19 03:14:13] [CMD] [32m+[0m[0m hostname_label         = (known after apply)
[2026-01-19 03:14:13] [CMD] [32m+[0m[0m nsg_ids                = (known after apply)
[2026-01-19 03:14:13] [CMD] [32m+[0m[0m private_ip             = (known after apply)
[2026-01-19 03:14:13] [CMD] [32m+[0m[0m security_attributes    = (known after apply)
[2026-01-19 03:14:13] [CMD] [32m+[0m[0m skip_source_dest_check = (known after apply)
[2026-01-19 03:14:13] [CMD] [32m+[0m[0m subnet_cidr            = (known after apply)
[2026-01-19 03:14:13] [CMD] [32m+[0m[0m subnet_id              = "ocid1.subnet.oc1.eu-zurich-1.aaaaaaaaptp3u3on7sblkoxaxhcdb25kke42i7u3j3gqgynzhl3672i3fqwa"
[2026-01-19 03:14:13] [CMD] [32m+[0m[0m vlan_id                = (known after apply)
[2026-01-19 03:14:13] [CMD] 
[2026-01-19 03:14:13] [CMD] [32m+[0m[0m ipv6address_ipv6subnet_cidr_pair_details (known after apply)
[2026-01-19 03:14:13] [CMD] }
[2026-01-19 03:14:13] [CMD] 
[2026-01-19 03:14:13] [CMD] [32m+[0m[0m instance_options (known after apply)
[2026-01-19 03:14:13] [CMD] 
[2026-01-19 03:14:13] [CMD] [32m+[0m[0m launch_options (known after apply)
[2026-01-19 03:14:13] [CMD] 
[2026-01-19 03:14:13] [CMD] [32m+[0m[0m launch_volume_attachments (known after apply)
[2026-01-19 03:14:13] [CMD] 
[2026-01-19 03:14:13] [CMD] [32m+[0m[0m licensing_configs (known after apply)
[2026-01-19 03:14:13] [CMD] 
[2026-01-19 03:14:13] [CMD] [32m+[0m[0m placement_constraint_details (known after apply)
[2026-01-19 03:14:13] [CMD] 
[2026-01-19 03:14:13] [CMD] [32m+[0m[0m platform_config (known after apply)
[2026-01-19 03:14:13] [CMD] 
[2026-01-19 03:14:13] [CMD] [32m+[0m[0m preemptible_instance_config (known after apply)
[2026-01-19 03:14:13] [CMD] 
[2026-01-19 03:14:13] [CMD] [32m+[0m[0m shape_config {
[2026-01-19 03:14:13] [CMD] [32m+[0m[0m baseline_ocpu_utilization     = (known after apply)
[2026-01-19 03:14:13] [CMD] [32m+[0m[0m gpu_description               = (known after apply)
[2026-01-19 03:14:13] [CMD] [32m+[0m[0m gpus                          = (known after apply)
[2026-01-19 03:14:13] [CMD] [32m+[0m[0m local_disk_description        = (known after apply)
[2026-01-19 03:14:13] [CMD] [32m+[0m[0m local_disks                   = (known after apply)
[2026-01-19 03:14:13] [CMD] [32m+[0m[0m local_disks_total_size_in_gbs = (known after apply)
[2026-01-19 03:14:13] [CMD] [32m+[0m[0m max_vnic_attachments          = (known after apply)
[2026-01-19 03:14:13] [CMD] [32m+[0m[0m memory_in_gbs                 = 12
[2026-01-19 03:14:13] [CMD] [32m+[0m[0m networking_bandwidth_in_gbps  = (known after apply)
[2026-01-19 03:14:13] [CMD] [32m+[0m[0m nvmes                         = (known after apply)
[2026-01-19 03:14:13] [CMD] [32m+[0m[0m ocpus                         = 2
[2026-01-19 03:14:13] [CMD] [32m+[0m[0m processor_description         = (known after apply)
[2026-01-19 03:14:13] [CMD] [32m+[0m[0m resource_management           = (known after apply)
[2026-01-19 03:14:13] [CMD] [32m+[0m[0m vcpus                         = (known after apply)
[2026-01-19 03:14:13] [CMD] }
[2026-01-19 03:14:13] [CMD] 
[2026-01-19 03:14:13] [CMD] [32m+[0m[0m source_details {
[2026-01-19 03:14:13] [CMD] [32m+[0m[0m boot_volume_size_in_gbs = "100"
[2026-01-19 03:14:13] [CMD] [32m+[0m[0m boot_volume_vpus_per_gb = (known after apply)
[2026-01-19 03:14:13] [CMD] [32m+[0m[0m source_id               = "ocid1.image.oc1.eu-zurich-1.aaaaaaaaeiej3u3vj6qwpezhuzfvttqizv5hs424weni5dffwryitayitiia"
[2026-01-19 03:14:13] [CMD] [32m+[0m[0m source_type             = "image"
[2026-01-19 03:14:13] [CMD] 
[2026-01-19 03:14:13] [CMD] [32m+[0m[0m instance_source_image_filter_details (known after apply)
[2026-01-19 03:14:13] [CMD] }
[2026-01-19 03:14:13] [CMD] }
[2026-01-19 03:14:13] [CMD] 
[2026-01-19 03:14:13] [CMD] [1mPlan:[0m [0m2 to add, 0 to change, 0 to destroy.
[2026-01-19 03:14:13] [CMD] 
[2026-01-19 03:14:13] [CMD] Changes to Outputs:
[2026-01-19 03:14:13] [CMD] [32m+[0m[0m oci_worker_ips       = [
[2026-01-19 03:14:13] [CMD] [32m+[0m[0m (known after apply),
[2026-01-19 03:14:13] [CMD] [32m+[0m[0m (known after apply),
[2026-01-19 03:14:13] [CMD] ]
[2026-01-19 03:14:14] [CMD] [0m[1mmodule.oci_workers.oci_core_instance.vm[1]: Creating...[0m[0m
[2026-01-19 03:14:14] [CMD] [0m[1mmodule.oci_workers.oci_core_instance.vm[0]: Creating...[0m[0m
[2026-01-19 03:14:18] [CMD] [33m╷[0m[0m
[2026-01-19 03:14:18] [CMD] [33m│[0m [0m[1m[33mWarning: [0m[0m[1mValue for undeclared variable[0m
[2026-01-19 03:14:18] [CMD] [33m│[0m [0m
[2026-01-19 03:14:18] [CMD] [33m│[0m [0m[0mThe root module does not declare a variable named "gcp_image" but a value
[2026-01-19 03:14:18] [CMD] [33m│[0m [0mwas found in file "terraform.tfvars". If you meant to use this value, add a
[2026-01-19 03:14:18] [CMD] [33m│[0m [0m"variable" block to the configuration.
[2026-01-19 03:14:18] [CMD] [33m│[0m [0m
[2026-01-19 03:14:18] [CMD] [33m│[0m [0mTo silence these warnings, use TF_VAR_... environment variables to provide
[2026-01-19 03:14:18] [CMD] [33m│[0m [0mcertain "global" settings to all configurations in your organization. To
[2026-01-19 03:14:18] [CMD] [33m│[0m [0mreduce the verbosity of these warnings, use the -compact-warnings option.
[2026-01-19 03:14:18] [CMD] [33m╵[0m[0m
[2026-01-19 03:14:18] [CMD] [31m╷[0m[0m
[2026-01-19 03:14:18] [CMD] [31m│[0m [0m[1m[31mError: [0m[0m[1m500-InternalError, Out of host capacity.
[2026-01-19 03:14:18] [CMD] [31m│[0m [0mSuggestion: The service for this resource encountered an error. Please contact support for help with service: Core Instance
[2026-01-19 03:14:18] [CMD] [31m│[0m [0mDocumentation: https://registry.terraform.io/providers/oracle/oci/latest/docs/resources/core_instance
[2026-01-19 03:14:18] [CMD] [31m│[0m [0mAPI Reference: https://docs.oracle.com/iaas/api/#/en/iaas/20160918/Instance/LaunchInstance
[2026-01-19 03:14:18] [CMD] [31m│[0m [0mRequest Target: POST https://iaas.eu-zurich-1.oraclecloud.com/20160918/instances
[2026-01-19 03:14:18] [CMD] [31m│[0m [0mProvider version: 7.29.0, released on 2025-12-16. This provider is 4 Update(s) behind to current.
[2026-01-19 03:14:18] [CMD] [31m│[0m [0mService: Core Instance
[2026-01-19 03:14:18] [CMD] [31m│[0m [0mOperation Name: LaunchInstance
[2026-01-19 03:14:18] [CMD] [31m│[0m [0mOPC request ID: 7940a7f53183c37d79b0312e080b2241/802253E17BB158C188A16D695A524822/EEC4F20E4C1EE30F7598A308C3476EF9
[2026-01-19 03:14:18] [CMD] [31m│[0m [0m[0m
[2026-01-19 03:14:18] [CMD] [31m│[0m [0m
[2026-01-19 03:14:18] [CMD] [31m│[0m [0m[0m  with module.oci_workers.oci_core_instance.vm[0],
[2026-01-19 03:14:18] [CMD] [31m│[0m [0m  on ../modules/oci-instance/main.tf line 37, in resource "oci_core_instance" "vm":
[2026-01-19 03:14:18] [CMD] [31m│[0m [0m  37: resource "oci_core_instance" "vm" [4m{[0m[0m
[2026-01-19 03:14:18] [CMD] [31m│[0m [0m
[2026-01-19 03:14:18] [CMD] [31m╵[0m[0m
[2026-01-19 03:14:18] [CMD] [31m╷[0m[0m
[2026-01-19 03:14:18] [CMD] [31m│[0m [0m[1m[31mError: [0m[0m[1m500-InternalError, Out of host capacity.
[2026-01-19 03:14:18] [CMD] [31m│[0m [0mSuggestion: The service for this resource encountered an error. Please contact support for help with service: Core Instance
[2026-01-19 03:14:18] [CMD] [31m│[0m [0mDocumentation: https://registry.terraform.io/providers/oracle/oci/latest/docs/resources/core_instance
[2026-01-19 03:14:18] [CMD] [31m│[0m [0mAPI Reference: https://docs.oracle.com/iaas/api/#/en/iaas/20160918/Instance/LaunchInstance
[2026-01-19 03:14:18] [CMD] [31m│[0m [0mRequest Target: POST https://iaas.eu-zurich-1.oraclecloud.com/20160918/instances
[2026-01-19 03:14:18] [CMD] [31m│[0m [0mProvider version: 7.29.0, released on 2025-12-16. This provider is 4 Update(s) behind to current.
[2026-01-19 03:14:18] [CMD] [31m│[0m [0mService: Core Instance
[2026-01-19 03:14:18] [CMD] [31m│[0m [0mOperation Name: LaunchInstance
[2026-01-19 03:14:18] [CMD] [31m│[0m [0mOPC request ID: 558f346419c7c701b2d68701c8d460d0/7461D79DB37F067888A16D695A524883/14242BEF458E9A0617EC0E9132BA853E
[2026-01-19 03:14:18] [CMD] [31m│[0m [0m[0m
[2026-01-19 03:14:18] [CMD] [31m│[0m [0m
[2026-01-19 03:14:18] [CMD] [31m│[0m [0m[0m  with module.oci_workers.oci_core_instance.vm[1],
[2026-01-19 03:14:18] [CMD] [31m│[0m [0m  on ../modules/oci-instance/main.tf line 37, in resource "oci_core_instance" "vm":
[2026-01-19 03:14:18] [CMD] [31m│[0m [0m  37: resource "oci_core_instance" "vm" [4m{[0m[0m
[2026-01-19 03:14:18] [CMD] [31m│[0m [0m
[2026-01-19 03:14:18] [CMD] [31m╵[0m[0m
[2026-01-19 03:14:18] Command failed with exit code 1.
[2026-01-19 03:14:18] Task failed. Retrying in 300 seconds...
[2026-01-19 03:19:18] Attempting to run: terraform apply --auto-approve
[2026-01-19 03:19:18] Working Directory: /home/buffalo/Documents/Project/kubernetes-infra/terraform/kls-infra-02
[2026-01-19 03:19:22] [CMD] [0m[1mmodule.oci_controlplane.data.oci_core_images.ubuntu_amd: Reading...[0m[0m
[2026-01-19 03:19:22] [CMD] [0m[1mmodule.oci_controlplane.data.oci_core_images.ubuntu_arm: Reading...[0m[0m
[2026-01-19 03:19:22] [CMD] [0m[1mmodule.oci_workers.data.oci_core_images.ubuntu_arm: Reading...[0m[0m
[2026-01-19 03:19:22] [CMD] [0m[1mmodule.oci_workers.data.oci_core_images.ubuntu_amd: Reading...[0m[0m
[2026-01-19 03:19:22] [CMD] [0m[1mmodule.oci_controlplane.data.oci_identity_availability_domains.ads: Reading...[0m[0m
[2026-01-19 03:19:22] [CMD] [0m[1mmodule.oci_workers.data.oci_identity_availability_domains.ads: Reading...[0m[0m
[2026-01-19 03:19:23] [CMD] [0m[1mmodule.oci_controlplane.data.oci_identity_availability_domains.ads: Read complete after 1s [id=IdentityAvailabilityDomainsDataSource-2634143273][0m
[2026-01-19 03:19:23] [CMD] [0m[1mmodule.oci_workers.data.oci_core_images.ubuntu_arm: Read complete after 1s [id=CoreImagesDataSource-1596659991][0m
[2026-01-19 03:19:23] [CMD] [0m[1mmodule.oci_workers.data.oci_core_images.ubuntu_amd: Read complete after 1s [id=CoreImagesDataSource-4182059877][0m
[2026-01-19 03:19:23] [CMD] [0m[1mmodule.oci_controlplane.data.oci_core_images.ubuntu_amd: Read complete after 1s [id=CoreImagesDataSource-4182059877][0m
[2026-01-19 03:19:23] [CMD] [0m[1mmodule.oci_workers.data.oci_identity_availability_domains.ads: Read complete after 1s [id=IdentityAvailabilityDomainsDataSource-2634143273][0m
[2026-01-19 03:19:23] [CMD] [0m[1mmodule.oci_controlplane.data.oci_core_images.ubuntu_arm: Read complete after 1s [id=CoreImagesDataSource-1596659991][0m
[2026-01-19 03:19:23] [CMD] [0m[1mmodule.aws_worker.data.aws_ami.ubuntu: Reading...[0m[0m
[2026-01-19 03:19:24] [CMD] [0m[1mmodule.gcp_worker.data.google_compute_image.ubuntu: Reading...[0m[0m
[2026-01-19 03:19:25] [CMD] [0m[1mmodule.aws_worker.data.aws_ami.ubuntu: Read complete after 1s [id=ami-01637463b2cbe7cb6][0m
[2026-01-19 03:19:25] [CMD] [0m[1mmodule.gcp_worker.data.google_compute_image.ubuntu: Read complete after 1s [id=projects/ubuntu-os-cloud/global/images/ubuntu-2404-noble-amd64-v20260117][0m
[2026-01-19 03:19:25] [CMD] 
[2026-01-19 03:19:25] [CMD] Terraform used the selected providers to generate the following execution
[2026-01-19 03:19:25] [CMD] plan. Resource actions are indicated with the following symbols:
[2026-01-19 03:19:25] [CMD] [32m+[0m create[0m
[2026-01-19 03:19:25] [CMD] 
[2026-01-19 03:19:25] [CMD] Terraform will perform the following actions:
[2026-01-19 03:19:25] [CMD] 
[2026-01-19 03:19:25] [CMD] [1m  # module.oci_workers.oci_core_instance.vm[0][0m will be created
[2026-01-19 03:19:25] [CMD] [0m  [32m+[0m[0m resource "oci_core_instance" "vm" {
[2026-01-19 03:19:25] [CMD] [32m+[0m[0m availability_domain                 = "Okvh:EU-ZURICH-1-AD-1"
[2026-01-19 03:19:25] [CMD] [32m+[0m[0m boot_volume_id                      = (known after apply)
[2026-01-19 03:19:25] [CMD] [32m+[0m[0m capacity_reservation_id             = (known after apply)
[2026-01-19 03:19:25] [CMD] [32m+[0m[0m compartment_id                      = "ocid1.compartment.oc1..aaaaaaaaqosxqzxlkkoruo6yxntlv2u6653ox7uqc46fhpid6ezj6gi73zzq"
[2026-01-19 03:19:25] [CMD] [32m+[0m[0m compute_cluster_id                  = (known after apply)
[2026-01-19 03:19:25] [CMD] [32m+[0m[0m dedicated_vm_host_id                = (known after apply)
[2026-01-19 03:19:25] [CMD] [32m+[0m[0m defined_tags                        = (known after apply)
[2026-01-19 03:19:25] [CMD] [32m+[0m[0m display_name                        = "oci-kls-worker-201"
[2026-01-19 03:19:25] [CMD] [32m+[0m[0m extended_metadata                   = (known after apply)
[2026-01-19 03:19:25] [CMD] [32m+[0m[0m fault_domain                        = (known after apply)
[2026-01-19 03:19:25] [CMD] [32m+[0m[0m freeform_tags                       = {
[2026-01-19 03:19:25] [CMD] [32m+[0m[0m "Role" = "worker"
[2026-01-19 03:19:25] [CMD] }
[2026-01-19 03:19:25] [CMD] [32m+[0m[0m hostname_label                      = (known after apply)
[2026-01-19 03:19:25] [CMD] [32m+[0m[0m id                                  = (known after apply)
[2026-01-19 03:19:25] [CMD] [32m+[0m[0m image                               = (known after apply)
[2026-01-19 03:19:25] [CMD] [32m+[0m[0m instance_configuration_id           = (known after apply)
[2026-01-19 03:19:25] [CMD] [32m+[0m[0m ipxe_script                         = (known after apply)
[2026-01-19 03:19:25] [CMD] [32m+[0m[0m is_ai_enterprise_enabled            = (known after apply)
[2026-01-19 03:19:25] [CMD] [32m+[0m[0m is_cross_numa_node                  = (known after apply)
[2026-01-19 03:19:25] [CMD] [32m+[0m[0m is_pv_encryption_in_transit_enabled = (known after apply)
[2026-01-19 03:19:25] [CMD] [32m+[0m[0m launch_mode                         = (known after apply)
[2026-01-19 03:19:25] [CMD] [32m+[0m[0m metadata                            = {
[2026-01-19 03:19:25] [CMD] [32m+[0m[0m "ssh_authorized_keys" = <<-EOT
[2026-01-19 03:19:25] [CMD] ssh-rsa AAAAB3NzaC1yc2EAAAADAQABAAABAQDGgVhlH0TFnfQFaCNk5ZHRBYiQgXjS+GiWKUK4iChAdMxHAupZf6kMVTWJZi5tHfsUqYdopwPAmoqpmYc/5AXrkYXyepRHNf/gGSp3Q1BrWH6+jhPBF/2fx65NrUqFTm3muuD3aPvepWA4oobcrT9FJN7HPZQ6N+N32GpM3IY5pbDhlTOkAwR6HLEFXdem8hJ7/GlV5Aw8qiQxhOsqLScN5deJlLsncsQfdSxEFhgrWrNOvAZaItk2q/jzq6I+zQE6WS8pGYu0vRA5hHNXxVdh+PnMavmA2rTzh4g+ATfAqjeA2gYlfQH5Nz9HhzXQGciQDZpUlsjGWWX0OcQ7+1tB buffalo@buffalo-IdeaPad-1
[2026-01-19 03:19:25] [CMD] EOT
[2026-01-19 03:19:25] [CMD] }
[2026-01-19 03:19:25] [CMD] [32m+[0m[0m private_ip                          = (known after apply)
[2026-01-19 03:19:25] [CMD] [32m+[0m[0m public_ip                           = (known after apply)
[2026-01-19 03:19:25] [CMD] [32m+[0m[0m region                              = (known after apply)
[2026-01-19 03:19:25] [CMD] [32m+[0m[0m security_attributes                 = (known after apply)
[2026-01-19 03:19:25] [CMD] [32m+[0m[0m security_attributes_state           = (known after apply)
[2026-01-19 03:19:25] [CMD] [32m+[0m[0m shape                               = "VM.Standard.A1.Flex"
[2026-01-19 03:19:25] [CMD] [32m+[0m[0m state                               = (known after apply)
[2026-01-19 03:19:25] [CMD] [32m+[0m[0m subnet_id                           = (known after apply)
[2026-01-19 03:19:25] [CMD] [32m+[0m[0m system_tags                         = (known after apply)
[2026-01-19 03:19:25] [CMD] [32m+[0m[0m time_created                        = (known after apply)
[2026-01-19 03:19:25] [CMD] [32m+[0m[0m time_maintenance_reboot_due         = (known after apply)
[2026-01-19 03:19:25] [CMD] 
[2026-01-19 03:19:25] [CMD] [32m+[0m[0m agent_config (known after apply)
[2026-01-19 03:19:25] [CMD] 
[2026-01-19 03:19:25] [CMD] [32m+[0m[0m availability_config (known after apply)
[2026-01-19 03:19:25] [CMD] 
[2026-01-19 03:19:25] [CMD] [32m+[0m[0m create_vnic_details {
[2026-01-19 03:19:25] [CMD] [32m+[0m[0m assign_ipv6ip          = (known after apply)
[2026-01-19 03:19:25] [CMD] [32m+[0m[0m assign_public_ip       = "true"
[2026-01-19 03:19:25] [CMD] [32m+[0m[0m defined_tags           = (known after apply)
[2026-01-19 03:19:25] [CMD] [32m+[0m[0m display_name           = (known after apply)
[2026-01-19 03:19:25] [CMD] [32m+[0m[0m freeform_tags          = (known after apply)
[2026-01-19 03:19:25] [CMD] [32m+[0m[0m hostname_label         = (known after apply)
[2026-01-19 03:19:25] [CMD] [32m+[0m[0m nsg_ids                = (known after apply)
[2026-01-19 03:19:25] [CMD] [32m+[0m[0m private_ip             = (known after apply)
[2026-01-19 03:19:25] [CMD] [32m+[0m[0m security_attributes    = (known after apply)
[2026-01-19 03:19:25] [CMD] [32m+[0m[0m skip_source_dest_check = (known after apply)
[2026-01-19 03:19:25] [CMD] [32m+[0m[0m subnet_cidr            = (known after apply)
[2026-01-19 03:19:25] [CMD] [32m+[0m[0m subnet_id              = "ocid1.subnet.oc1.eu-zurich-1.aaaaaaaaptp3u3on7sblkoxaxhcdb25kke42i7u3j3gqgynzhl3672i3fqwa"
[2026-01-19 03:19:25] [CMD] [32m+[0m[0m vlan_id                = (known after apply)
[2026-01-19 03:19:25] [CMD] 
[2026-01-19 03:19:25] [CMD] [32m+[0m[0m ipv6address_ipv6subnet_cidr_pair_details (known after apply)
[2026-01-19 03:19:25] [CMD] }
[2026-01-19 03:19:25] [CMD] 
[2026-01-19 03:19:25] [CMD] [32m+[0m[0m instance_options (known after apply)
[2026-01-19 03:19:25] [CMD] 
[2026-01-19 03:19:25] [CMD] [32m+[0m[0m launch_options (known after apply)
[2026-01-19 03:19:25] [CMD] 
[2026-01-19 03:19:25] [CMD] [32m+[0m[0m launch_volume_attachments (known after apply)
[2026-01-19 03:19:25] [CMD] 
[2026-01-19 03:19:25] [CMD] [32m+[0m[0m licensing_configs (known after apply)
[2026-01-19 03:19:25] [CMD] 
[2026-01-19 03:19:25] [CMD] [32m+[0m[0m placement_constraint_details (known after apply)
[2026-01-19 03:19:25] [CMD] 
[2026-01-19 03:19:25] [CMD] [32m+[0m[0m platform_config (known after apply)
[2026-01-19 03:19:25] [CMD] 
[2026-01-19 03:19:25] [CMD] [32m+[0m[0m preemptible_instance_config (known after apply)
[2026-01-19 03:19:25] [CMD] 
[2026-01-19 03:19:25] [CMD] [32m+[0m[0m shape_config {
[2026-01-19 03:19:25] [CMD] [32m+[0m[0m baseline_ocpu_utilization     = (known after apply)
[2026-01-19 03:19:25] [CMD] [32m+[0m[0m gpu_description               = (known after apply)
[2026-01-19 03:19:25] [CMD] [32m+[0m[0m gpus                          = (known after apply)
[2026-01-19 03:19:25] [CMD] [32m+[0m[0m local_disk_description        = (known after apply)
[2026-01-19 03:19:25] [CMD] [32m+[0m[0m local_disks                   = (known after apply)
[2026-01-19 03:19:25] [CMD] [32m+[0m[0m local_disks_total_size_in_gbs = (known after apply)
[2026-01-19 03:19:25] [CMD] [32m+[0m[0m max_vnic_attachments          = (known after apply)
[2026-01-19 03:19:25] [CMD] [32m+[0m[0m memory_in_gbs                 = 12
[2026-01-19 03:19:25] [CMD] [32m+[0m[0m networking_bandwidth_in_gbps  = (known after apply)
[2026-01-19 03:19:25] [CMD] [32m+[0m[0m nvmes                         = (known after apply)
[2026-01-19 03:19:25] [CMD] [32m+[0m[0m ocpus                         = 2
[2026-01-19 03:19:25] [CMD] [32m+[0m[0m processor_description         = (known after apply)
[2026-01-19 03:19:25] [CMD] [32m+[0m[0m resource_management           = (known after apply)
[2026-01-19 03:19:25] [CMD] [32m+[0m[0m vcpus                         = (known after apply)
[2026-01-19 03:19:25] [CMD] }
[2026-01-19 03:19:25] [CMD] 
[2026-01-19 03:19:25] [CMD] [32m+[0m[0m source_details {
[2026-01-19 03:19:25] [CMD] [32m+[0m[0m boot_volume_size_in_gbs = "100"
[2026-01-19 03:19:25] [CMD] [32m+[0m[0m boot_volume_vpus_per_gb = (known after apply)
[2026-01-19 03:19:25] [CMD] [32m+[0m[0m source_id               = "ocid1.image.oc1.eu-zurich-1.aaaaaaaaeiej3u3vj6qwpezhuzfvttqizv5hs424weni5dffwryitayitiia"
[2026-01-19 03:19:25] [CMD] [32m+[0m[0m source_type             = "image"
[2026-01-19 03:19:25] [CMD] 
[2026-01-19 03:19:25] [CMD] [32m+[0m[0m instance_source_image_filter_details (known after apply)
[2026-01-19 03:19:25] [CMD] }
[2026-01-19 03:19:25] [CMD] }
[2026-01-19 03:19:25] [CMD] 
[2026-01-19 03:19:25] [CMD] [1m  # module.oci_workers.oci_core_instance.vm[1][0m will be created
[2026-01-19 03:19:25] [CMD] [0m  [32m+[0m[0m resource "oci_core_instance" "vm" {
[2026-01-19 03:19:25] [CMD] [32m+[0m[0m availability_domain                 = "Okvh:EU-ZURICH-1-AD-1"
[2026-01-19 03:19:25] [CMD] [32m+[0m[0m boot_volume_id                      = (known after apply)
[2026-01-19 03:19:25] [CMD] [32m+[0m[0m capacity_reservation_id             = (known after apply)
[2026-01-19 03:19:25] [CMD] [32m+[0m[0m compartment_id                      = "ocid1.compartment.oc1..aaaaaaaaqosxqzxlkkoruo6yxntlv2u6653ox7uqc46fhpid6ezj6gi73zzq"
[2026-01-19 03:19:25] [CMD] [32m+[0m[0m compute_cluster_id                  = (known after apply)
[2026-01-19 03:19:25] [CMD] [32m+[0m[0m dedicated_vm_host_id                = (known after apply)
[2026-01-19 03:19:25] [CMD] [32m+[0m[0m defined_tags                        = (known after apply)
[2026-01-19 03:19:25] [CMD] [32m+[0m[0m display_name                        = "oci-kls-worker-202"
[2026-01-19 03:19:25] [CMD] [32m+[0m[0m extended_metadata                   = (known after apply)
[2026-01-19 03:19:25] [CMD] [32m+[0m[0m fault_domain                        = (known after apply)
[2026-01-19 03:19:25] [CMD] [32m+[0m[0m freeform_tags                       = {
[2026-01-19 03:19:25] [CMD] [32m+[0m[0m "Role" = "worker"
[2026-01-19 03:19:25] [CMD] }
[2026-01-19 03:19:25] [CMD] [32m+[0m[0m hostname_label                      = (known after apply)
[2026-01-19 03:19:25] [CMD] [32m+[0m[0m id                                  = (known after apply)
[2026-01-19 03:19:25] [CMD] [32m+[0m[0m image                               = (known after apply)
[2026-01-19 03:19:25] [CMD] [32m+[0m[0m instance_configuration_id           = (known after apply)
[2026-01-19 03:19:25] [CMD] [32m+[0m[0m ipxe_script                         = (known after apply)
[2026-01-19 03:19:25] [CMD] [32m+[0m[0m is_ai_enterprise_enabled            = (known after apply)
[2026-01-19 03:19:25] [CMD] [32m+[0m[0m is_cross_numa_node                  = (known after apply)
[2026-01-19 03:19:25] [CMD] [32m+[0m[0m is_pv_encryption_in_transit_enabled = (known after apply)
[2026-01-19 03:19:25] [CMD] [32m+[0m[0m launch_mode                         = (known after apply)
[2026-01-19 03:19:25] [CMD] [32m+[0m[0m metadata                            = {
[2026-01-19 03:19:25] [CMD] [32m+[0m[0m "ssh_authorized_keys" = <<-EOT
[2026-01-19 03:19:25] [CMD] ssh-rsa AAAAB3NzaC1yc2EAAAADAQABAAABAQDGgVhlH0TFnfQFaCNk5ZHRBYiQgXjS+GiWKUK4iChAdMxHAupZf6kMVTWJZi5tHfsUqYdopwPAmoqpmYc/5AXrkYXyepRHNf/gGSp3Q1BrWH6+jhPBF/2fx65NrUqFTm3muuD3aPvepWA4oobcrT9FJN7HPZQ6N+N32GpM3IY5pbDhlTOkAwR6HLEFXdem8hJ7/GlV5Aw8qiQxhOsqLScN5deJlLsncsQfdSxEFhgrWrNOvAZaItk2q/jzq6I+zQE6WS8pGYu0vRA5hHNXxVdh+PnMavmA2rTzh4g+ATfAqjeA2gYlfQH5Nz9HhzXQGciQDZpUlsjGWWX0OcQ7+1tB buffalo@buffalo-IdeaPad-1
[2026-01-19 03:19:25] [CMD] EOT
[2026-01-19 03:19:25] [CMD] }
[2026-01-19 03:19:25] [CMD] [32m+[0m[0m private_ip                          = (known after apply)
[2026-01-19 03:19:25] [CMD] [32m+[0m[0m public_ip                           = (known after apply)
[2026-01-19 03:19:25] [CMD] [32m+[0m[0m region                              = (known after apply)
[2026-01-19 03:19:25] [CMD] [32m+[0m[0m security_attributes                 = (known after apply)
[2026-01-19 03:19:25] [CMD] [32m+[0m[0m security_attributes_state           = (known after apply)
[2026-01-19 03:19:25] [CMD] [32m+[0m[0m shape                               = "VM.Standard.A1.Flex"
[2026-01-19 03:19:25] [CMD] [32m+[0m[0m state                               = (known after apply)
[2026-01-19 03:19:25] [CMD] [32m+[0m[0m subnet_id                           = (known after apply)
[2026-01-19 03:19:25] [CMD] [32m+[0m[0m system_tags                         = (known after apply)
[2026-01-19 03:19:25] [CMD] [32m+[0m[0m time_created                        = (known after apply)
[2026-01-19 03:19:25] [CMD] [32m+[0m[0m time_maintenance_reboot_due         = (known after apply)
[2026-01-19 03:19:25] [CMD] 
[2026-01-19 03:19:25] [CMD] [32m+[0m[0m agent_config (known after apply)
[2026-01-19 03:19:25] [CMD] 
[2026-01-19 03:19:25] [CMD] [32m+[0m[0m availability_config (known after apply)
[2026-01-19 03:19:25] [CMD] 
[2026-01-19 03:19:25] [CMD] [32m+[0m[0m create_vnic_details {
[2026-01-19 03:19:25] [CMD] [32m+[0m[0m assign_ipv6ip          = (known after apply)
[2026-01-19 03:19:25] [CMD] [32m+[0m[0m assign_public_ip       = "true"
[2026-01-19 03:19:25] [CMD] [32m+[0m[0m defined_tags           = (known after apply)
[2026-01-19 03:19:25] [CMD] [32m+[0m[0m display_name           = (known after apply)
[2026-01-19 03:19:25] [CMD] [32m+[0m[0m freeform_tags          = (known after apply)
[2026-01-19 03:19:25] [CMD] [32m+[0m[0m hostname_label         = (known after apply)
[2026-01-19 03:19:25] [CMD] [32m+[0m[0m nsg_ids                = (known after apply)
[2026-01-19 03:19:25] [CMD] [32m+[0m[0m private_ip             = (known after apply)
[2026-01-19 03:19:25] [CMD] [32m+[0m[0m security_attributes    = (known after apply)
[2026-01-19 03:19:25] [CMD] [32m+[0m[0m skip_source_dest_check = (known after apply)
[2026-01-19 03:19:25] [CMD] [32m+[0m[0m subnet_cidr            = (known after apply)
[2026-01-19 03:19:25] [CMD] [32m+[0m[0m subnet_id              = "ocid1.subnet.oc1.eu-zurich-1.aaaaaaaaptp3u3on7sblkoxaxhcdb25kke42i7u3j3gqgynzhl3672i3fqwa"
[2026-01-19 03:19:25] [CMD] [32m+[0m[0m vlan_id                = (known after apply)
[2026-01-19 03:19:25] [CMD] 
[2026-01-19 03:19:25] [CMD] [32m+[0m[0m ipv6address_ipv6subnet_cidr_pair_details (known after apply)
[2026-01-19 03:19:25] [CMD] }
[2026-01-19 03:19:25] [CMD] 
[2026-01-19 03:19:25] [CMD] [32m+[0m[0m instance_options (known after apply)
[2026-01-19 03:19:25] [CMD] 
[2026-01-19 03:19:25] [CMD] [32m+[0m[0m launch_options (known after apply)
[2026-01-19 03:19:25] [CMD] 
[2026-01-19 03:19:25] [CMD] [32m+[0m[0m launch_volume_attachments (known after apply)
[2026-01-19 03:19:25] [CMD] 
[2026-01-19 03:19:25] [CMD] [32m+[0m[0m licensing_configs (known after apply)
[2026-01-19 03:19:25] [CMD] 
[2026-01-19 03:19:25] [CMD] [32m+[0m[0m placement_constraint_details (known after apply)
[2026-01-19 03:19:25] [CMD] 
[2026-01-19 03:19:25] [CMD] [32m+[0m[0m platform_config (known after apply)
[2026-01-19 03:19:25] [CMD] 
[2026-01-19 03:19:25] [CMD] [32m+[0m[0m preemptible_instance_config (known after apply)
[2026-01-19 03:19:25] [CMD] 
[2026-01-19 03:19:25] [CMD] [32m+[0m[0m shape_config {
[2026-01-19 03:19:25] [CMD] [32m+[0m[0m baseline_ocpu_utilization     = (known after apply)
[2026-01-19 03:19:25] [CMD] [32m+[0m[0m gpu_description               = (known after apply)
[2026-01-19 03:19:25] [CMD] [32m+[0m[0m gpus                          = (known after apply)
[2026-01-19 03:19:25] [CMD] [32m+[0m[0m local_disk_description        = (known after apply)
[2026-01-19 03:19:25] [CMD] [32m+[0m[0m local_disks                   = (known after apply)
[2026-01-19 03:19:25] [CMD] [32m+[0m[0m local_disks_total_size_in_gbs = (known after apply)
[2026-01-19 03:19:25] [CMD] [32m+[0m[0m max_vnic_attachments          = (known after apply)
[2026-01-19 03:19:25] [CMD] [32m+[0m[0m memory_in_gbs                 = 12
[2026-01-19 03:19:25] [CMD] [32m+[0m[0m networking_bandwidth_in_gbps  = (known after apply)
[2026-01-19 03:19:25] [CMD] [32m+[0m[0m nvmes                         = (known after apply)
[2026-01-19 03:19:25] [CMD] [32m+[0m[0m ocpus                         = 2
[2026-01-19 03:19:25] [CMD] [32m+[0m[0m processor_description         = (known after apply)
[2026-01-19 03:19:25] [CMD] [32m+[0m[0m resource_management           = (known after apply)
[2026-01-19 03:19:25] [CMD] [32m+[0m[0m vcpus                         = (known after apply)
[2026-01-19 03:19:25] [CMD] }
[2026-01-19 03:19:25] [CMD] 
[2026-01-19 03:19:25] [CMD] [32m+[0m[0m source_details {
[2026-01-19 03:19:25] [CMD] [32m+[0m[0m boot_volume_size_in_gbs = "100"
[2026-01-19 03:19:25] [CMD] [32m+[0m[0m boot_volume_vpus_per_gb = (known after apply)
[2026-01-19 03:19:25] [CMD] [32m+[0m[0m source_id               = "ocid1.image.oc1.eu-zurich-1.aaaaaaaaeiej3u3vj6qwpezhuzfvttqizv5hs424weni5dffwryitayitiia"
[2026-01-19 03:19:25] [CMD] [32m+[0m[0m source_type             = "image"
[2026-01-19 03:19:25] [CMD] 
[2026-01-19 03:19:25] [CMD] [32m+[0m[0m instance_source_image_filter_details (known after apply)
[2026-01-19 03:19:25] [CMD] }
[2026-01-19 03:19:25] [CMD] }
[2026-01-19 03:19:25] [CMD] 
[2026-01-19 03:19:25] [CMD] [1mPlan:[0m [0m2 to add, 0 to change, 0 to destroy.
[2026-01-19 03:19:25] [CMD] 
[2026-01-19 03:19:25] [CMD] Changes to Outputs:
[2026-01-19 03:19:25] [CMD] [32m+[0m[0m oci_worker_ips       = [
[2026-01-19 03:19:25] [CMD] [32m+[0m[0m (known after apply),
[2026-01-19 03:19:25] [CMD] [32m+[0m[0m (known after apply),
[2026-01-19 03:19:25] [CMD] ]
[2026-01-19 03:19:26] [CMD] [0m[1mmodule.oci_workers.oci_core_instance.vm[0]: Creating...[0m[0m
[2026-01-19 03:19:26] [CMD] [0m[1mmodule.oci_workers.oci_core_instance.vm[1]: Creating...[0m[0m
[2026-01-19 03:19:28] [CMD] [33m╷[0m[0m
[2026-01-19 03:19:28] [CMD] [33m│[0m [0m[1m[33mWarning: [0m[0m[1mValue for undeclared variable[0m
[2026-01-19 03:19:28] [CMD] [33m│[0m [0m
[2026-01-19 03:19:28] [CMD] [33m│[0m [0m[0mThe root module does not declare a variable named "gcp_image" but a value
[2026-01-19 03:19:28] [CMD] [33m│[0m [0mwas found in file "terraform.tfvars". If you meant to use this value, add a
[2026-01-19 03:19:28] [CMD] [33m│[0m [0m"variable" block to the configuration.
[2026-01-19 03:19:28] [CMD] [33m│[0m [0m
[2026-01-19 03:19:28] [CMD] [33m│[0m [0mTo silence these warnings, use TF_VAR_... environment variables to provide
[2026-01-19 03:19:28] [CMD] [33m│[0m [0mcertain "global" settings to all configurations in your organization. To
[2026-01-19 03:19:28] [CMD] [33m│[0m [0mreduce the verbosity of these warnings, use the -compact-warnings option.
[2026-01-19 03:19:28] [CMD] [33m╵[0m[0m
[2026-01-19 03:19:28] [CMD] [31m╷[0m[0m
[2026-01-19 03:19:28] [CMD] [31m│[0m [0m[1m[31mError: [0m[0m[1m500-InternalError, Out of host capacity.
[2026-01-19 03:19:28] [CMD] [31m│[0m [0mSuggestion: The service for this resource encountered an error. Please contact support for help with service: Core Instance
[2026-01-19 03:19:28] [CMD] [31m│[0m [0mDocumentation: https://registry.terraform.io/providers/oracle/oci/latest/docs/resources/core_instance
[2026-01-19 03:19:28] [CMD] [31m│[0m [0mAPI Reference: https://docs.oracle.com/iaas/api/#/en/iaas/20160918/Instance/LaunchInstance
[2026-01-19 03:19:28] [CMD] [31m│[0m [0mRequest Target: POST https://iaas.eu-zurich-1.oraclecloud.com/20160918/instances
[2026-01-19 03:19:28] [CMD] [31m│[0m [0mProvider version: 7.29.0, released on 2025-12-16. This provider is 4 Update(s) behind to current.
[2026-01-19 03:19:28] [CMD] [31m│[0m [0mService: Core Instance
[2026-01-19 03:19:28] [CMD] [31m│[0m [0mOperation Name: LaunchInstance
[2026-01-19 03:19:28] [CMD] [31m│[0m [0mOPC request ID: 4469d1891791aae41730f4d6c4260ce5/BB007CC05AC50060BFA26D695A524862/EBFD255D3B1B5B1DD8D68D79FA0429CC
[2026-01-19 03:19:28] [CMD] [31m│[0m [0m[0m
[2026-01-19 03:19:28] [CMD] [31m│[0m [0m
[2026-01-19 03:19:28] [CMD] [31m│[0m [0m[0m  with module.oci_workers.oci_core_instance.vm[1],
[2026-01-19 03:19:28] [CMD] [31m│[0m [0m  on ../modules/oci-instance/main.tf line 37, in resource "oci_core_instance" "vm":
[2026-01-19 03:19:28] [CMD] [31m│[0m [0m  37: resource "oci_core_instance" "vm" [4m{[0m[0m
[2026-01-19 03:19:28] [CMD] [31m│[0m [0m
[2026-01-19 03:19:28] [CMD] [31m╵[0m[0m
[2026-01-19 03:19:28] [CMD] [31m╷[0m[0m
[2026-01-19 03:19:28] [CMD] [31m│[0m [0m[1m[31mError: [0m[0m[1m500-InternalError, Out of host capacity.
[2026-01-19 03:19:28] [CMD] [31m│[0m [0mSuggestion: The service for this resource encountered an error. Please contact support for help with service: Core Instance
[2026-01-19 03:19:28] [CMD] [31m│[0m [0mDocumentation: https://registry.terraform.io/providers/oracle/oci/latest/docs/resources/core_instance
[2026-01-19 03:19:28] [CMD] [31m│[0m [0mAPI Reference: https://docs.oracle.com/iaas/api/#/en/iaas/20160918/Instance/LaunchInstance
[2026-01-19 03:19:28] [CMD] [31m│[0m [0mRequest Target: POST https://iaas.eu-zurich-1.oraclecloud.com/20160918/instances
[2026-01-19 03:19:28] [CMD] [31m│[0m [0mProvider version: 7.29.0, released on 2025-12-16. This provider is 4 Update(s) behind to current.
[2026-01-19 03:19:28] [CMD] [31m│[0m [0mService: Core Instance
[2026-01-19 03:19:28] [CMD] [31m│[0m [0mOperation Name: LaunchInstance
[2026-01-19 03:19:28] [CMD] [31m│[0m [0mOPC request ID: 001643a2fb5882cdbdd6d84ca509a60c/BBBC945683F3C5E7BFA26D695A524815/AE6F11979DF51E547FABF37D1E805F89
[2026-01-19 03:19:28] [CMD] [31m│[0m [0m[0m
[2026-01-19 03:19:28] [CMD] [31m│[0m [0m
[2026-01-19 03:19:28] [CMD] [31m│[0m [0m[0m  with module.oci_workers.oci_core_instance.vm[0],
[2026-01-19 03:19:28] [CMD] [31m│[0m [0m  on ../modules/oci-instance/main.tf line 37, in resource "oci_core_instance" "vm":
[2026-01-19 03:19:28] [CMD] [31m│[0m [0m  37: resource "oci_core_instance" "vm" [4m{[0m[0m
[2026-01-19 03:19:28] [CMD] [31m│[0m [0m
[2026-01-19 03:19:28] [CMD] [31m╵[0m[0m
[2026-01-19 03:19:28] Command failed with exit code 1.
[2026-01-19 03:19:28] Task failed. Retrying in 300 seconds...
[2026-01-19 03:24:28] Attempting to run: terraform apply --auto-approve
[2026-01-19 03:24:28] Working Directory: /home/buffalo/Documents/Project/kubernetes-infra/terraform/kls-infra-02
[2026-01-19 03:24:34] [CMD] [0m[1mmodule.oci_controlplane.data.oci_core_images.ubuntu_amd: Reading...[0m[0m
[2026-01-19 03:24:34] [CMD] [0m[1mmodule.oci_workers.data.oci_identity_availability_domains.ads: Reading...[0m[0m
[2026-01-19 03:24:34] [CMD] [0m[1mmodule.oci_workers.data.oci_core_images.ubuntu_arm: Reading...[0m[0m
[2026-01-19 03:24:34] [CMD] [0m[1mmodule.oci_controlplane.data.oci_identity_availability_domains.ads: Reading...[0m[0m
[2026-01-19 03:24:34] [CMD] [0m[1mmodule.oci_controlplane.data.oci_core_images.ubuntu_arm: Reading...[0m[0m
[2026-01-19 03:24:34] [CMD] [0m[1mmodule.oci_workers.data.oci_core_images.ubuntu_amd: Reading...[0m[0m
[2026-01-19 03:24:35] [CMD] [0m[1mmodule.oci_controlplane.data.oci_identity_availability_domains.ads: Read complete after 2s [id=IdentityAvailabilityDomainsDataSource-2634143273][0m
[2026-01-19 03:24:35] [CMD] [0m[1mmodule.oci_workers.data.oci_identity_availability_domains.ads: Read complete after 2s [id=IdentityAvailabilityDomainsDataSource-2634143273][0m
[2026-01-19 03:24:35] [CMD] [0m[1mmodule.oci_controlplane.data.oci_core_images.ubuntu_amd: Read complete after 2s [id=CoreImagesDataSource-4182059877][0m
[2026-01-19 03:24:35] [CMD] [0m[1mmodule.oci_workers.data.oci_core_images.ubuntu_amd: Read complete after 2s [id=CoreImagesDataSource-4182059877][0m
[2026-01-19 03:24:35] [CMD] [0m[1mmodule.oci_controlplane.data.oci_core_images.ubuntu_arm: Read complete after 2s [id=CoreImagesDataSource-1596659991][0m
[2026-01-19 03:24:35] [CMD] [0m[1mmodule.oci_workers.data.oci_core_images.ubuntu_arm: Read complete after 2s [id=CoreImagesDataSource-1596659991][0m
[2026-01-19 03:24:35] [CMD] [0m[1mmodule.gcp_worker.data.google_compute_image.ubuntu: Reading...[0m[0m
[2026-01-19 03:24:35] [CMD] [0m[1mmodule.aws_worker.data.aws_ami.ubuntu: Reading...[0m[0m
[2026-01-19 03:24:36] [CMD] [0m[1mmodule.gcp_worker.data.google_compute_image.ubuntu: Read complete after 1s [id=projects/ubuntu-os-cloud/global/images/ubuntu-2404-noble-amd64-v20260117][0m
[2026-01-19 03:24:37] [CMD] [0m[1mmodule.aws_worker.data.aws_ami.ubuntu: Read complete after 1s [id=ami-01637463b2cbe7cb6][0m
[2026-01-19 03:24:37] [CMD] 
[2026-01-19 03:24:37] [CMD] Terraform used the selected providers to generate the following execution
[2026-01-19 03:24:37] [CMD] plan. Resource actions are indicated with the following symbols:
[2026-01-19 03:24:37] [CMD] [32m+[0m create[0m
[2026-01-19 03:24:37] [CMD] 
[2026-01-19 03:24:37] [CMD] Terraform will perform the following actions:
[2026-01-19 03:24:37] [CMD] 
[2026-01-19 03:24:37] [CMD] [1m  # module.oci_workers.oci_core_instance.vm[0][0m will be created
[2026-01-19 03:24:37] [CMD] [0m  [32m+[0m[0m resource "oci_core_instance" "vm" {
[2026-01-19 03:24:37] [CMD] [32m+[0m[0m availability_domain                 = "Okvh:EU-ZURICH-1-AD-1"
[2026-01-19 03:24:37] [CMD] [32m+[0m[0m boot_volume_id                      = (known after apply)
[2026-01-19 03:24:37] [CMD] [32m+[0m[0m capacity_reservation_id             = (known after apply)
[2026-01-19 03:24:37] [CMD] [32m+[0m[0m compartment_id                      = "ocid1.compartment.oc1..aaaaaaaaqosxqzxlkkoruo6yxntlv2u6653ox7uqc46fhpid6ezj6gi73zzq"
[2026-01-19 03:24:37] [CMD] [32m+[0m[0m compute_cluster_id                  = (known after apply)
[2026-01-19 03:24:37] [CMD] [32m+[0m[0m dedicated_vm_host_id                = (known after apply)
[2026-01-19 03:24:37] [CMD] [32m+[0m[0m defined_tags                        = (known after apply)
[2026-01-19 03:24:37] [CMD] [32m+[0m[0m display_name                        = "oci-kls-worker-201"
[2026-01-19 03:24:37] [CMD] [32m+[0m[0m extended_metadata                   = (known after apply)
[2026-01-19 03:24:37] [CMD] [32m+[0m[0m fault_domain                        = (known after apply)
[2026-01-19 03:24:37] [CMD] [32m+[0m[0m freeform_tags                       = {
[2026-01-19 03:24:37] [CMD] [32m+[0m[0m "Role" = "worker"
[2026-01-19 03:24:37] [CMD] }
[2026-01-19 03:24:37] [CMD] [32m+[0m[0m hostname_label                      = (known after apply)
[2026-01-19 03:24:37] [CMD] [32m+[0m[0m id                                  = (known after apply)
[2026-01-19 03:24:37] [CMD] [32m+[0m[0m image                               = (known after apply)
[2026-01-19 03:24:37] [CMD] [32m+[0m[0m instance_configuration_id           = (known after apply)
[2026-01-19 03:24:37] [CMD] [32m+[0m[0m ipxe_script                         = (known after apply)
[2026-01-19 03:24:37] [CMD] [32m+[0m[0m is_ai_enterprise_enabled            = (known after apply)
[2026-01-19 03:24:37] [CMD] [32m+[0m[0m is_cross_numa_node                  = (known after apply)
[2026-01-19 03:24:37] [CMD] [32m+[0m[0m is_pv_encryption_in_transit_enabled = (known after apply)
[2026-01-19 03:24:37] [CMD] [32m+[0m[0m launch_mode                         = (known after apply)
[2026-01-19 03:24:37] [CMD] [32m+[0m[0m metadata                            = {
[2026-01-19 03:24:37] [CMD] [32m+[0m[0m "ssh_authorized_keys" = <<-EOT
[2026-01-19 03:24:37] [CMD] ssh-rsa AAAAB3NzaC1yc2EAAAADAQABAAABAQDGgVhlH0TFnfQFaCNk5ZHRBYiQgXjS+GiWKUK4iChAdMxHAupZf6kMVTWJZi5tHfsUqYdopwPAmoqpmYc/5AXrkYXyepRHNf/gGSp3Q1BrWH6+jhPBF/2fx65NrUqFTm3muuD3aPvepWA4oobcrT9FJN7HPZQ6N+N32GpM3IY5pbDhlTOkAwR6HLEFXdem8hJ7/GlV5Aw8qiQxhOsqLScN5deJlLsncsQfdSxEFhgrWrNOvAZaItk2q/jzq6I+zQE6WS8pGYu0vRA5hHNXxVdh+PnMavmA2rTzh4g+ATfAqjeA2gYlfQH5Nz9HhzXQGciQDZpUlsjGWWX0OcQ7+1tB buffalo@buffalo-IdeaPad-1
[2026-01-19 03:24:37] [CMD] EOT
[2026-01-19 03:24:37] [CMD] }
[2026-01-19 03:24:37] [CMD] [32m+[0m[0m private_ip                          = (known after apply)
[2026-01-19 03:24:37] [CMD] [32m+[0m[0m public_ip                           = (known after apply)
[2026-01-19 03:24:37] [CMD] [32m+[0m[0m region                              = (known after apply)
[2026-01-19 03:24:37] [CMD] [32m+[0m[0m security_attributes                 = (known after apply)
[2026-01-19 03:24:37] [CMD] [32m+[0m[0m security_attributes_state           = (known after apply)
[2026-01-19 03:24:37] [CMD] [32m+[0m[0m shape                               = "VM.Standard.A1.Flex"
[2026-01-19 03:24:37] [CMD] [32m+[0m[0m state                               = (known after apply)
[2026-01-19 03:24:37] [CMD] [32m+[0m[0m subnet_id                           = (known after apply)
[2026-01-19 03:24:37] [CMD] [32m+[0m[0m system_tags                         = (known after apply)
[2026-01-19 03:24:37] [CMD] [32m+[0m[0m time_created                        = (known after apply)
[2026-01-19 03:24:37] [CMD] [32m+[0m[0m time_maintenance_reboot_due         = (known after apply)
[2026-01-19 03:24:37] [CMD] 
[2026-01-19 03:24:37] [CMD] [32m+[0m[0m agent_config (known after apply)
[2026-01-19 03:24:37] [CMD] 
[2026-01-19 03:24:37] [CMD] [32m+[0m[0m availability_config (known after apply)
[2026-01-19 03:24:37] [CMD] 
[2026-01-19 03:24:37] [CMD] [32m+[0m[0m create_vnic_details {
[2026-01-19 03:24:37] [CMD] [32m+[0m[0m assign_ipv6ip          = (known after apply)
[2026-01-19 03:24:37] [CMD] [32m+[0m[0m assign_public_ip       = "true"
[2026-01-19 03:24:37] [CMD] [32m+[0m[0m defined_tags           = (known after apply)
[2026-01-19 03:24:37] [CMD] [32m+[0m[0m display_name           = (known after apply)
[2026-01-19 03:24:37] [CMD] [32m+[0m[0m freeform_tags          = (known after apply)
[2026-01-19 03:24:37] [CMD] [32m+[0m[0m hostname_label         = (known after apply)
[2026-01-19 03:24:37] [CMD] [32m+[0m[0m nsg_ids                = (known after apply)
[2026-01-19 03:24:37] [CMD] [32m+[0m[0m private_ip             = (known after apply)
[2026-01-19 03:24:37] [CMD] [32m+[0m[0m security_attributes    = (known after apply)
[2026-01-19 03:24:37] [CMD] [32m+[0m[0m skip_source_dest_check = (known after apply)
[2026-01-19 03:24:37] [CMD] [32m+[0m[0m subnet_cidr            = (known after apply)
[2026-01-19 03:24:37] [CMD] [32m+[0m[0m subnet_id              = "ocid1.subnet.oc1.eu-zurich-1.aaaaaaaaptp3u3on7sblkoxaxhcdb25kke42i7u3j3gqgynzhl3672i3fqwa"
[2026-01-19 03:24:37] [CMD] [32m+[0m[0m vlan_id                = (known after apply)
[2026-01-19 03:24:37] [CMD] 
[2026-01-19 03:24:37] [CMD] [32m+[0m[0m ipv6address_ipv6subnet_cidr_pair_details (known after apply)
[2026-01-19 03:24:37] [CMD] }
[2026-01-19 03:24:37] [CMD] 
[2026-01-19 03:24:37] [CMD] [32m+[0m[0m instance_options (known after apply)
[2026-01-19 03:24:37] [CMD] 
[2026-01-19 03:24:37] [CMD] [32m+[0m[0m launch_options (known after apply)
[2026-01-19 03:24:37] [CMD] 
[2026-01-19 03:24:37] [CMD] [32m+[0m[0m launch_volume_attachments (known after apply)
[2026-01-19 03:24:37] [CMD] 
[2026-01-19 03:24:37] [CMD] [32m+[0m[0m licensing_configs (known after apply)
[2026-01-19 03:24:37] [CMD] 
[2026-01-19 03:24:37] [CMD] [32m+[0m[0m placement_constraint_details (known after apply)
[2026-01-19 03:24:37] [CMD] 
[2026-01-19 03:24:37] [CMD] [32m+[0m[0m platform_config (known after apply)
[2026-01-19 03:24:37] [CMD] 
[2026-01-19 03:24:37] [CMD] [32m+[0m[0m preemptible_instance_config (known after apply)
[2026-01-19 03:24:37] [CMD] 
[2026-01-19 03:24:37] [CMD] [32m+[0m[0m shape_config {
[2026-01-19 03:24:37] [CMD] [32m+[0m[0m baseline_ocpu_utilization     = (known after apply)
[2026-01-19 03:24:37] [CMD] [32m+[0m[0m gpu_description               = (known after apply)
[2026-01-19 03:24:37] [CMD] [32m+[0m[0m gpus                          = (known after apply)
[2026-01-19 03:24:37] [CMD] [32m+[0m[0m local_disk_description        = (known after apply)
[2026-01-19 03:24:37] [CMD] [32m+[0m[0m local_disks                   = (known after apply)
[2026-01-19 03:24:37] [CMD] [32m+[0m[0m local_disks_total_size_in_gbs = (known after apply)
[2026-01-19 03:24:37] [CMD] [32m+[0m[0m max_vnic_attachments          = (known after apply)
[2026-01-19 03:24:37] [CMD] [32m+[0m[0m memory_in_gbs                 = 12
[2026-01-19 03:24:37] [CMD] [32m+[0m[0m networking_bandwidth_in_gbps  = (known after apply)
[2026-01-19 03:24:37] [CMD] [32m+[0m[0m nvmes                         = (known after apply)
[2026-01-19 03:24:37] [CMD] [32m+[0m[0m ocpus                         = 2
[2026-01-19 03:24:37] [CMD] [32m+[0m[0m processor_description         = (known after apply)
[2026-01-19 03:24:37] [CMD] [32m+[0m[0m resource_management           = (known after apply)
[2026-01-19 03:24:37] [CMD] [32m+[0m[0m vcpus                         = (known after apply)
[2026-01-19 03:24:37] [CMD] }
[2026-01-19 03:24:37] [CMD] 
[2026-01-19 03:24:37] [CMD] [32m+[0m[0m source_details {
[2026-01-19 03:24:37] [CMD] [32m+[0m[0m boot_volume_size_in_gbs = "100"
[2026-01-19 03:24:37] [CMD] [32m+[0m[0m boot_volume_vpus_per_gb = (known after apply)
[2026-01-19 03:24:37] [CMD] [32m+[0m[0m source_id               = "ocid1.image.oc1.eu-zurich-1.aaaaaaaaeiej3u3vj6qwpezhuzfvttqizv5hs424weni5dffwryitayitiia"
[2026-01-19 03:24:37] [CMD] [32m+[0m[0m source_type             = "image"
[2026-01-19 03:24:37] [CMD] 
[2026-01-19 03:24:37] [CMD] [32m+[0m[0m instance_source_image_filter_details (known after apply)
[2026-01-19 03:24:37] [CMD] }
[2026-01-19 03:24:37] [CMD] }
[2026-01-19 03:24:37] [CMD] 
[2026-01-19 03:24:37] [CMD] [1m  # module.oci_workers.oci_core_instance.vm[1][0m will be created
[2026-01-19 03:24:37] [CMD] [0m  [32m+[0m[0m resource "oci_core_instance" "vm" {
[2026-01-19 03:24:37] [CMD] [32m+[0m[0m availability_domain                 = "Okvh:EU-ZURICH-1-AD-1"
[2026-01-19 03:24:37] [CMD] [32m+[0m[0m boot_volume_id                      = (known after apply)
[2026-01-19 03:24:37] [CMD] [32m+[0m[0m capacity_reservation_id             = (known after apply)
[2026-01-19 03:24:37] [CMD] [32m+[0m[0m compartment_id                      = "ocid1.compartment.oc1..aaaaaaaaqosxqzxlkkoruo6yxntlv2u6653ox7uqc46fhpid6ezj6gi73zzq"
[2026-01-19 03:24:37] [CMD] [32m+[0m[0m compute_cluster_id                  = (known after apply)
[2026-01-19 03:24:37] [CMD] [32m+[0m[0m dedicated_vm_host_id                = (known after apply)
[2026-01-19 03:24:37] [CMD] [32m+[0m[0m defined_tags                        = (known after apply)
[2026-01-19 03:24:37] [CMD] [32m+[0m[0m display_name                        = "oci-kls-worker-202"
[2026-01-19 03:24:37] [CMD] [32m+[0m[0m extended_metadata                   = (known after apply)
[2026-01-19 03:24:37] [CMD] [32m+[0m[0m fault_domain                        = (known after apply)
[2026-01-19 03:24:37] [CMD] [32m+[0m[0m freeform_tags                       = {
[2026-01-19 03:24:37] [CMD] [32m+[0m[0m "Role" = "worker"
[2026-01-19 03:24:37] [CMD] }
[2026-01-19 03:24:37] [CMD] [32m+[0m[0m hostname_label                      = (known after apply)
[2026-01-19 03:24:37] [CMD] [32m+[0m[0m id                                  = (known after apply)
[2026-01-19 03:24:37] [CMD] [32m+[0m[0m image                               = (known after apply)
[2026-01-19 03:24:37] [CMD] [32m+[0m[0m instance_configuration_id           = (known after apply)
[2026-01-19 03:24:37] [CMD] [32m+[0m[0m ipxe_script                         = (known after apply)
[2026-01-19 03:24:37] [CMD] [32m+[0m[0m is_ai_enterprise_enabled            = (known after apply)
[2026-01-19 03:24:37] [CMD] [32m+[0m[0m is_cross_numa_node                  = (known after apply)
[2026-01-19 03:24:37] [CMD] [32m+[0m[0m is_pv_encryption_in_transit_enabled = (known after apply)
[2026-01-19 03:24:37] [CMD] [32m+[0m[0m launch_mode                         = (known after apply)
[2026-01-19 03:24:37] [CMD] [32m+[0m[0m metadata                            = {
[2026-01-19 03:24:37] [CMD] [32m+[0m[0m "ssh_authorized_keys" = <<-EOT
[2026-01-19 03:24:37] [CMD] ssh-rsa AAAAB3NzaC1yc2EAAAADAQABAAABAQDGgVhlH0TFnfQFaCNk5ZHRBYiQgXjS+GiWKUK4iChAdMxHAupZf6kMVTWJZi5tHfsUqYdopwPAmoqpmYc/5AXrkYXyepRHNf/gGSp3Q1BrWH6+jhPBF/2fx65NrUqFTm3muuD3aPvepWA4oobcrT9FJN7HPZQ6N+N32GpM3IY5pbDhlTOkAwR6HLEFXdem8hJ7/GlV5Aw8qiQxhOsqLScN5deJlLsncsQfdSxEFhgrWrNOvAZaItk2q/jzq6I+zQE6WS8pGYu0vRA5hHNXxVdh+PnMavmA2rTzh4g+ATfAqjeA2gYlfQH5Nz9HhzXQGciQDZpUlsjGWWX0OcQ7+1tB buffalo@buffalo-IdeaPad-1
[2026-01-19 03:24:37] [CMD] EOT
[2026-01-19 03:24:37] [CMD] }
[2026-01-19 03:24:37] [CMD] [32m+[0m[0m private_ip                          = (known after apply)
[2026-01-19 03:24:37] [CMD] [32m+[0m[0m public_ip                           = (known after apply)
[2026-01-19 03:24:37] [CMD] [32m+[0m[0m region                              = (known after apply)
[2026-01-19 03:24:37] [CMD] [32m+[0m[0m security_attributes                 = (known after apply)
[2026-01-19 03:24:37] [CMD] [32m+[0m[0m security_attributes_state           = (known after apply)
[2026-01-19 03:24:37] [CMD] [32m+[0m[0m shape                               = "VM.Standard.A1.Flex"
[2026-01-19 03:24:37] [CMD] [32m+[0m[0m state                               = (known after apply)
[2026-01-19 03:24:37] [CMD] [32m+[0m[0m subnet_id                           = (known after apply)
[2026-01-19 03:24:37] [CMD] [32m+[0m[0m system_tags                         = (known after apply)
[2026-01-19 03:24:37] [CMD] [32m+[0m[0m time_created                        = (known after apply)
[2026-01-19 03:24:37] [CMD] [32m+[0m[0m time_maintenance_reboot_due         = (known after apply)
[2026-01-19 03:24:37] [CMD] 
[2026-01-19 03:24:37] [CMD] [32m+[0m[0m agent_config (known after apply)
[2026-01-19 03:24:37] [CMD] 
[2026-01-19 03:24:37] [CMD] [32m+[0m[0m availability_config (known after apply)
[2026-01-19 03:24:37] [CMD] 
[2026-01-19 03:24:37] [CMD] [32m+[0m[0m create_vnic_details {
[2026-01-19 03:24:37] [CMD] [32m+[0m[0m assign_ipv6ip          = (known after apply)
[2026-01-19 03:24:37] [CMD] [32m+[0m[0m assign_public_ip       = "true"
[2026-01-19 03:24:37] [CMD] [32m+[0m[0m defined_tags           = (known after apply)
[2026-01-19 03:24:37] [CMD] [32m+[0m[0m display_name           = (known after apply)
[2026-01-19 03:24:37] [CMD] [32m+[0m[0m freeform_tags          = (known after apply)
[2026-01-19 03:24:37] [CMD] [32m+[0m[0m hostname_label         = (known after apply)
[2026-01-19 03:24:37] [CMD] [32m+[0m[0m nsg_ids                = (known after apply)
[2026-01-19 03:24:37] [CMD] [32m+[0m[0m private_ip             = (known after apply)
[2026-01-19 03:24:37] [CMD] [32m+[0m[0m security_attributes    = (known after apply)
[2026-01-19 03:24:37] [CMD] [32m+[0m[0m skip_source_dest_check = (known after apply)
[2026-01-19 03:24:37] [CMD] [32m+[0m[0m subnet_cidr            = (known after apply)
[2026-01-19 03:24:37] [CMD] [32m+[0m[0m subnet_id              = "ocid1.subnet.oc1.eu-zurich-1.aaaaaaaaptp3u3on7sblkoxaxhcdb25kke42i7u3j3gqgynzhl3672i3fqwa"
[2026-01-19 03:24:37] [CMD] [32m+[0m[0m vlan_id                = (known after apply)
[2026-01-19 03:24:37] [CMD] 
[2026-01-19 03:24:37] [CMD] [32m+[0m[0m ipv6address_ipv6subnet_cidr_pair_details (known after apply)
[2026-01-19 03:24:37] [CMD] }
[2026-01-19 03:24:37] [CMD] 
[2026-01-19 03:24:37] [CMD] [32m+[0m[0m instance_options (known after apply)
[2026-01-19 03:24:37] [CMD] 
[2026-01-19 03:24:37] [CMD] [32m+[0m[0m launch_options (known after apply)
[2026-01-19 03:24:37] [CMD] 
[2026-01-19 03:24:37] [CMD] [32m+[0m[0m launch_volume_attachments (known after apply)
[2026-01-19 03:24:37] [CMD] 
[2026-01-19 03:24:37] [CMD] [32m+[0m[0m licensing_configs (known after apply)
[2026-01-19 03:24:37] [CMD] 
[2026-01-19 03:24:37] [CMD] [32m+[0m[0m placement_constraint_details (known after apply)
[2026-01-19 03:24:37] [CMD] 
[2026-01-19 03:24:37] [CMD] [32m+[0m[0m platform_config (known after apply)
[2026-01-19 03:24:37] [CMD] 
[2026-01-19 03:24:37] [CMD] [32m+[0m[0m preemptible_instance_config (known after apply)
[2026-01-19 03:24:37] [CMD] 
[2026-01-19 03:24:37] [CMD] [32m+[0m[0m shape_config {
[2026-01-19 03:24:37] [CMD] [32m+[0m[0m baseline_ocpu_utilization     = (known after apply)
[2026-01-19 03:24:37] [CMD] [32m+[0m[0m gpu_description               = (known after apply)
[2026-01-19 03:24:37] [CMD] [32m+[0m[0m gpus                          = (known after apply)
[2026-01-19 03:24:37] [CMD] [32m+[0m[0m local_disk_description        = (known after apply)
[2026-01-19 03:24:37] [CMD] [32m+[0m[0m local_disks                   = (known after apply)
[2026-01-19 03:24:37] [CMD] [32m+[0m[0m local_disks_total_size_in_gbs = (known after apply)
[2026-01-19 03:24:37] [CMD] [32m+[0m[0m max_vnic_attachments          = (known after apply)
[2026-01-19 03:24:37] [CMD] [32m+[0m[0m memory_in_gbs                 = 12
[2026-01-19 03:24:37] [CMD] [32m+[0m[0m networking_bandwidth_in_gbps  = (known after apply)
[2026-01-19 03:24:37] [CMD] [32m+[0m[0m nvmes                         = (known after apply)
[2026-01-19 03:24:37] [CMD] [32m+[0m[0m ocpus                         = 2
[2026-01-19 03:24:37] [CMD] [32m+[0m[0m processor_description         = (known after apply)
[2026-01-19 03:24:37] [CMD] [32m+[0m[0m resource_management           = (known after apply)
[2026-01-19 03:24:37] [CMD] [32m+[0m[0m vcpus                         = (known after apply)
[2026-01-19 03:24:37] [CMD] }
[2026-01-19 03:24:37] [CMD] 
[2026-01-19 03:24:37] [CMD] [32m+[0m[0m source_details {
[2026-01-19 03:24:37] [CMD] [32m+[0m[0m boot_volume_size_in_gbs = "100"
[2026-01-19 03:24:37] [CMD] [32m+[0m[0m boot_volume_vpus_per_gb = (known after apply)
[2026-01-19 03:24:37] [CMD] [32m+[0m[0m source_id               = "ocid1.image.oc1.eu-zurich-1.aaaaaaaaeiej3u3vj6qwpezhuzfvttqizv5hs424weni5dffwryitayitiia"
[2026-01-19 03:24:37] [CMD] [32m+[0m[0m source_type             = "image"
[2026-01-19 03:24:37] [CMD] 
[2026-01-19 03:24:37] [CMD] [32m+[0m[0m instance_source_image_filter_details (known after apply)
[2026-01-19 03:24:37] [CMD] }
[2026-01-19 03:24:37] [CMD] }
[2026-01-19 03:24:37] [CMD] 
[2026-01-19 03:24:37] [CMD] [1mPlan:[0m [0m2 to add, 0 to change, 0 to destroy.
[2026-01-19 03:24:37] [CMD] 
[2026-01-19 03:24:37] [CMD] Changes to Outputs:
[2026-01-19 03:24:37] [CMD] [32m+[0m[0m oci_worker_ips       = [
[2026-01-19 03:24:37] [CMD] [32m+[0m[0m (known after apply),
[2026-01-19 03:24:37] [CMD] [32m+[0m[0m (known after apply),
[2026-01-19 03:24:37] [CMD] ]
[2026-01-19 03:24:38] [CMD] [0m[1mmodule.oci_workers.oci_core_instance.vm[1]: Creating...[0m[0m
[2026-01-19 03:24:38] [CMD] [0m[1mmodule.oci_workers.oci_core_instance.vm[0]: Creating...[0m[0m
[2026-01-19 03:24:40] [CMD] [33m╷[0m[0m
[2026-01-19 03:24:40] [CMD] [33m│[0m [0m[1m[33mWarning: [0m[0m[1mValue for undeclared variable[0m
[2026-01-19 03:24:40] [CMD] [33m│[0m [0m
[2026-01-19 03:24:40] [CMD] [33m│[0m [0m[0mThe root module does not declare a variable named "gcp_image" but a value
[2026-01-19 03:24:40] [CMD] [33m│[0m [0mwas found in file "terraform.tfvars". If you meant to use this value, add a
[2026-01-19 03:24:40] [CMD] [33m│[0m [0m"variable" block to the configuration.
[2026-01-19 03:24:40] [CMD] [33m│[0m [0m
[2026-01-19 03:24:40] [CMD] [33m│[0m [0mTo silence these warnings, use TF_VAR_... environment variables to provide
[2026-01-19 03:24:40] [CMD] [33m│[0m [0mcertain "global" settings to all configurations in your organization. To
[2026-01-19 03:24:40] [CMD] [33m│[0m [0mreduce the verbosity of these warnings, use the -compact-warnings option.
[2026-01-19 03:24:40] [CMD] [33m╵[0m[0m
[2026-01-19 03:24:40] [CMD] [31m╷[0m[0m
[2026-01-19 03:24:40] [CMD] [31m│[0m [0m[1m[31mError: [0m[0m[1m500-InternalError, Out of host capacity.
[2026-01-19 03:24:40] [CMD] [31m│[0m [0mSuggestion: The service for this resource encountered an error. Please contact support for help with service: Core Instance
[2026-01-19 03:24:40] [CMD] [31m│[0m [0mDocumentation: https://registry.terraform.io/providers/oracle/oci/latest/docs/resources/core_instance
[2026-01-19 03:24:40] [CMD] [31m│[0m [0mAPI Reference: https://docs.oracle.com/iaas/api/#/en/iaas/20160918/Instance/LaunchInstance
[2026-01-19 03:24:40] [CMD] [31m│[0m [0mRequest Target: POST https://iaas.eu-zurich-1.oraclecloud.com/20160918/instances
[2026-01-19 03:24:40] [CMD] [31m│[0m [0mProvider version: 7.29.0, released on 2025-12-16. This provider is 4 Update(s) behind to current.
[2026-01-19 03:24:40] [CMD] [31m│[0m [0mService: Core Instance
[2026-01-19 03:24:40] [CMD] [31m│[0m [0mOperation Name: LaunchInstance
[2026-01-19 03:24:40] [CMD] [31m│[0m [0mOPC request ID: f4207d534ee5b88fd4142e9d1ef9b198/BAE35F35D8E77F09F7A36D695A5248F5/6361264DBB60FECBB66BC084C5F2775D
[2026-01-19 03:24:40] [CMD] [31m│[0m [0m[0m
[2026-01-19 03:24:40] [CMD] [31m│[0m [0m
[2026-01-19 03:24:40] [CMD] [31m│[0m [0m[0m  with module.oci_workers.oci_core_instance.vm[0],
[2026-01-19 03:24:40] [CMD] [31m│[0m [0m  on ../modules/oci-instance/main.tf line 37, in resource "oci_core_instance" "vm":
[2026-01-19 03:24:40] [CMD] [31m│[0m [0m  37: resource "oci_core_instance" "vm" [4m{[0m[0m
[2026-01-19 03:24:40] [CMD] [31m│[0m [0m
[2026-01-19 03:24:40] [CMD] [31m╵[0m[0m
[2026-01-19 03:24:40] [CMD] [31m╷[0m[0m
[2026-01-19 03:24:40] [CMD] [31m│[0m [0m[1m[31mError: [0m[0m[1m500-InternalError, Out of host capacity.
[2026-01-19 03:24:40] [CMD] [31m│[0m [0mSuggestion: The service for this resource encountered an error. Please contact support for help with service: Core Instance
[2026-01-19 03:24:40] [CMD] [31m│[0m [0mDocumentation: https://registry.terraform.io/providers/oracle/oci/latest/docs/resources/core_instance
[2026-01-19 03:24:40] [CMD] [31m│[0m [0mAPI Reference: https://docs.oracle.com/iaas/api/#/en/iaas/20160918/Instance/LaunchInstance
[2026-01-19 03:24:40] [CMD] [31m│[0m [0mRequest Target: POST https://iaas.eu-zurich-1.oraclecloud.com/20160918/instances
[2026-01-19 03:24:40] [CMD] [31m│[0m [0mProvider version: 7.29.0, released on 2025-12-16. This provider is 4 Update(s) behind to current.
[2026-01-19 03:24:40] [CMD] [31m│[0m [0mService: Core Instance
[2026-01-19 03:24:40] [CMD] [31m│[0m [0mOperation Name: LaunchInstance
[2026-01-19 03:24:40] [CMD] [31m│[0m [0mOPC request ID: 6ece26dea383866db3f7339e88401b17/A3D855F3410CEF07F7A36D695A524851/DB0D4297F272C3436190FE21CAA6653D
[2026-01-19 03:24:40] [CMD] [31m│[0m [0m[0m
[2026-01-19 03:24:40] [CMD] [31m│[0m [0m
[2026-01-19 03:24:40] [CMD] [31m│[0m [0m[0m  with module.oci_workers.oci_core_instance.vm[1],
[2026-01-19 03:24:40] [CMD] [31m│[0m [0m  on ../modules/oci-instance/main.tf line 37, in resource "oci_core_instance" "vm":
[2026-01-19 03:24:40] [CMD] [31m│[0m [0m  37: resource "oci_core_instance" "vm" [4m{[0m[0m
[2026-01-19 03:24:40] [CMD] [31m│[0m [0m
[2026-01-19 03:24:40] [CMD] [31m╵[0m[0m
[2026-01-19 03:24:40] Command failed with exit code 1.
[2026-01-19 03:24:40] Task failed. Retrying in 300 seconds...
[2026-01-19 03:29:40] Attempting to run: terraform apply --auto-approve
[2026-01-19 03:29:40] Working Directory: /home/buffalo/Documents/Project/kubernetes-infra/terraform/kls-infra-02
[2026-01-19 03:29:44] [CMD] [0m[1mmodule.oci_controlplane.data.oci_identity_availability_domains.ads: Reading...[0m[0m
[2026-01-19 03:29:44] [CMD] [0m[1mmodule.oci_controlplane.data.oci_core_images.ubuntu_arm: Reading...[0m[0m
[2026-01-19 03:29:44] [CMD] [0m[1mmodule.oci_workers.data.oci_core_images.ubuntu_arm: Reading...[0m[0m
[2026-01-19 03:29:44] [CMD] [0m[1mmodule.oci_workers.data.oci_identity_availability_domains.ads: Reading...[0m[0m
[2026-01-19 03:29:44] [CMD] [0m[1mmodule.oci_controlplane.data.oci_core_images.ubuntu_amd: Reading...[0m[0m
[2026-01-19 03:29:44] [CMD] [0m[1mmodule.oci_workers.data.oci_core_images.ubuntu_amd: Reading...[0m[0m
[2026-01-19 03:29:46] [CMD] [0m[1mmodule.gcp_worker.data.google_compute_image.ubuntu: Reading...[0m[0m
[2026-01-19 03:29:46] [CMD] [0m[1mmodule.aws_worker.data.aws_ami.ubuntu: Reading...[0m[0m
[2026-01-19 03:29:46] [CMD] [0m[1mmodule.oci_workers.data.oci_identity_availability_domains.ads: Read complete after 2s [id=IdentityAvailabilityDomainsDataSource-2634143273][0m
[2026-01-19 03:29:46] [CMD] [0m[1mmodule.oci_controlplane.data.oci_identity_availability_domains.ads: Read complete after 2s [id=IdentityAvailabilityDomainsDataSource-2634143273][0m
[2026-01-19 03:29:46] [CMD] [0m[1mmodule.oci_controlplane.data.oci_core_images.ubuntu_arm: Read complete after 2s [id=CoreImagesDataSource-1596659991][0m
[2026-01-19 03:29:46] [CMD] [0m[1mmodule.oci_controlplane.data.oci_core_images.ubuntu_amd: Read complete after 2s [id=CoreImagesDataSource-4182059877][0m
[2026-01-19 03:29:46] [CMD] [0m[1mmodule.oci_workers.data.oci_core_images.ubuntu_arm: Read complete after 2s [id=CoreImagesDataSource-1596659991][0m
[2026-01-19 03:29:46] [CMD] [0m[1mmodule.oci_workers.data.oci_core_images.ubuntu_amd: Read complete after 2s [id=CoreImagesDataSource-4182059877][0m
[2026-01-19 03:29:49] [CMD] [0m[1mmodule.gcp_worker.data.google_compute_image.ubuntu: Read complete after 2s [id=projects/ubuntu-os-cloud/global/images/ubuntu-2404-noble-amd64-v20260117][0m
[2026-01-19 03:29:49] [CMD] [0m[1mmodule.aws_worker.data.aws_ami.ubuntu: Read complete after 3s [id=ami-01637463b2cbe7cb6][0m
[2026-01-19 03:29:50] [CMD] 
[2026-01-19 03:29:50] [CMD] Terraform used the selected providers to generate the following execution
[2026-01-19 03:29:50] [CMD] plan. Resource actions are indicated with the following symbols:
[2026-01-19 03:29:50] [CMD] [32m+[0m create[0m
[2026-01-19 03:29:50] [CMD] 
[2026-01-19 03:29:50] [CMD] Terraform will perform the following actions:
[2026-01-19 03:29:50] [CMD] 
[2026-01-19 03:29:50] [CMD] [1m  # module.oci_workers.oci_core_instance.vm[0][0m will be created
[2026-01-19 03:29:50] [CMD] [0m  [32m+[0m[0m resource "oci_core_instance" "vm" {
[2026-01-19 03:29:50] [CMD] [32m+[0m[0m availability_domain                 = "Okvh:EU-ZURICH-1-AD-1"
[2026-01-19 03:29:50] [CMD] [32m+[0m[0m boot_volume_id                      = (known after apply)
[2026-01-19 03:29:50] [CMD] [32m+[0m[0m capacity_reservation_id             = (known after apply)
[2026-01-19 03:29:50] [CMD] [32m+[0m[0m compartment_id                      = "ocid1.compartment.oc1..aaaaaaaaqosxqzxlkkoruo6yxntlv2u6653ox7uqc46fhpid6ezj6gi73zzq"
[2026-01-19 03:29:50] [CMD] [32m+[0m[0m compute_cluster_id                  = (known after apply)
[2026-01-19 03:29:50] [CMD] [32m+[0m[0m dedicated_vm_host_id                = (known after apply)
[2026-01-19 03:29:50] [CMD] [32m+[0m[0m defined_tags                        = (known after apply)
[2026-01-19 03:29:50] [CMD] [32m+[0m[0m display_name                        = "oci-kls-worker-201"
[2026-01-19 03:29:50] [CMD] [32m+[0m[0m extended_metadata                   = (known after apply)
[2026-01-19 03:29:50] [CMD] [32m+[0m[0m fault_domain                        = (known after apply)
[2026-01-19 03:29:50] [CMD] [32m+[0m[0m freeform_tags                       = {
[2026-01-19 03:29:50] [CMD] [32m+[0m[0m "Role" = "worker"
[2026-01-19 03:29:50] [CMD] }
[2026-01-19 03:29:50] [CMD] [32m+[0m[0m hostname_label                      = (known after apply)
[2026-01-19 03:29:50] [CMD] [32m+[0m[0m id                                  = (known after apply)
[2026-01-19 03:29:50] [CMD] [32m+[0m[0m image                               = (known after apply)
[2026-01-19 03:29:50] [CMD] [32m+[0m[0m instance_configuration_id           = (known after apply)
[2026-01-19 03:29:50] [CMD] [32m+[0m[0m ipxe_script                         = (known after apply)
[2026-01-19 03:29:50] [CMD] [32m+[0m[0m is_ai_enterprise_enabled            = (known after apply)
[2026-01-19 03:29:50] [CMD] [32m+[0m[0m is_cross_numa_node                  = (known after apply)
[2026-01-19 03:29:50] [CMD] [32m+[0m[0m is_pv_encryption_in_transit_enabled = (known after apply)
[2026-01-19 03:29:50] [CMD] [32m+[0m[0m launch_mode                         = (known after apply)
[2026-01-19 03:29:50] [CMD] [32m+[0m[0m metadata                            = {
[2026-01-19 03:29:50] [CMD] [32m+[0m[0m "ssh_authorized_keys" = <<-EOT
[2026-01-19 03:29:50] [CMD] ssh-rsa AAAAB3NzaC1yc2EAAAADAQABAAABAQDGgVhlH0TFnfQFaCNk5ZHRBYiQgXjS+GiWKUK4iChAdMxHAupZf6kMVTWJZi5tHfsUqYdopwPAmoqpmYc/5AXrkYXyepRHNf/gGSp3Q1BrWH6+jhPBF/2fx65NrUqFTm3muuD3aPvepWA4oobcrT9FJN7HPZQ6N+N32GpM3IY5pbDhlTOkAwR6HLEFXdem8hJ7/GlV5Aw8qiQxhOsqLScN5deJlLsncsQfdSxEFhgrWrNOvAZaItk2q/jzq6I+zQE6WS8pGYu0vRA5hHNXxVdh+PnMavmA2rTzh4g+ATfAqjeA2gYlfQH5Nz9HhzXQGciQDZpUlsjGWWX0OcQ7+1tB buffalo@buffalo-IdeaPad-1
[2026-01-19 03:29:50] [CMD] EOT
[2026-01-19 03:29:50] [CMD] }
[2026-01-19 03:29:50] [CMD] [32m+[0m[0m private_ip                          = (known after apply)
[2026-01-19 03:29:50] [CMD] [32m+[0m[0m public_ip                           = (known after apply)
[2026-01-19 03:29:50] [CMD] [32m+[0m[0m region                              = (known after apply)
[2026-01-19 03:29:50] [CMD] [32m+[0m[0m security_attributes                 = (known after apply)
[2026-01-19 03:29:50] [CMD] [32m+[0m[0m security_attributes_state           = (known after apply)
[2026-01-19 03:29:50] [CMD] [32m+[0m[0m shape                               = "VM.Standard.A1.Flex"
[2026-01-19 03:29:50] [CMD] [32m+[0m[0m state                               = (known after apply)
[2026-01-19 03:29:50] [CMD] [32m+[0m[0m subnet_id                           = (known after apply)
[2026-01-19 03:29:50] [CMD] [32m+[0m[0m system_tags                         = (known after apply)
[2026-01-19 03:29:50] [CMD] [32m+[0m[0m time_created                        = (known after apply)
[2026-01-19 03:29:50] [CMD] [32m+[0m[0m time_maintenance_reboot_due         = (known after apply)
[2026-01-19 03:29:50] [CMD] 
[2026-01-19 03:29:50] [CMD] [32m+[0m[0m agent_config (known after apply)
[2026-01-19 03:29:50] [CMD] 
[2026-01-19 03:29:50] [CMD] [32m+[0m[0m availability_config (known after apply)
[2026-01-19 03:29:50] [CMD] 
[2026-01-19 03:29:50] [CMD] [32m+[0m[0m create_vnic_details {
[2026-01-19 03:29:50] [CMD] [32m+[0m[0m assign_ipv6ip          = (known after apply)
[2026-01-19 03:29:50] [CMD] [32m+[0m[0m assign_public_ip       = "true"
[2026-01-19 03:29:50] [CMD] [32m+[0m[0m defined_tags           = (known after apply)
[2026-01-19 03:29:50] [CMD] [32m+[0m[0m display_name           = (known after apply)
[2026-01-19 03:29:50] [CMD] [32m+[0m[0m freeform_tags          = (known after apply)
[2026-01-19 03:29:50] [CMD] [32m+[0m[0m hostname_label         = (known after apply)
[2026-01-19 03:29:50] [CMD] [32m+[0m[0m nsg_ids                = (known after apply)
[2026-01-19 03:29:50] [CMD] [32m+[0m[0m private_ip             = (known after apply)
[2026-01-19 03:29:50] [CMD] [32m+[0m[0m security_attributes    = (known after apply)
[2026-01-19 03:29:50] [CMD] [32m+[0m[0m skip_source_dest_check = (known after apply)
[2026-01-19 03:29:50] [CMD] [32m+[0m[0m subnet_cidr            = (known after apply)
[2026-01-19 03:29:50] [CMD] [32m+[0m[0m subnet_id              = "ocid1.subnet.oc1.eu-zurich-1.aaaaaaaaptp3u3on7sblkoxaxhcdb25kke42i7u3j3gqgynzhl3672i3fqwa"
[2026-01-19 03:29:50] [CMD] [32m+[0m[0m vlan_id                = (known after apply)
[2026-01-19 03:29:50] [CMD] 
[2026-01-19 03:29:50] [CMD] [32m+[0m[0m ipv6address_ipv6subnet_cidr_pair_details (known after apply)
[2026-01-19 03:29:50] [CMD] }
[2026-01-19 03:29:50] [CMD] 
[2026-01-19 03:29:50] [CMD] [32m+[0m[0m instance_options (known after apply)
[2026-01-19 03:29:50] [CMD] 
[2026-01-19 03:29:50] [CMD] [32m+[0m[0m launch_options (known after apply)
[2026-01-19 03:29:50] [CMD] 
[2026-01-19 03:29:50] [CMD] [32m+[0m[0m launch_volume_attachments (known after apply)
[2026-01-19 03:29:50] [CMD] 
[2026-01-19 03:29:50] [CMD] [32m+[0m[0m licensing_configs (known after apply)
[2026-01-19 03:29:50] [CMD] 
[2026-01-19 03:29:50] [CMD] [32m+[0m[0m placement_constraint_details (known after apply)
[2026-01-19 03:29:50] [CMD] 
[2026-01-19 03:29:50] [CMD] [32m+[0m[0m platform_config (known after apply)
[2026-01-19 03:29:50] [CMD] 
[2026-01-19 03:29:50] [CMD] [32m+[0m[0m preemptible_instance_config (known after apply)
[2026-01-19 03:29:50] [CMD] 
[2026-01-19 03:29:50] [CMD] [32m+[0m[0m shape_config {
[2026-01-19 03:29:50] [CMD] [32m+[0m[0m baseline_ocpu_utilization     = (known after apply)
[2026-01-19 03:29:50] [CMD] [32m+[0m[0m gpu_description               = (known after apply)
[2026-01-19 03:29:50] [CMD] [32m+[0m[0m gpus                          = (known after apply)
[2026-01-19 03:29:50] [CMD] [32m+[0m[0m local_disk_description        = (known after apply)
[2026-01-19 03:29:50] [CMD] [32m+[0m[0m local_disks                   = (known after apply)
[2026-01-19 03:29:50] [CMD] [32m+[0m[0m local_disks_total_size_in_gbs = (known after apply)
[2026-01-19 03:29:50] [CMD] [32m+[0m[0m max_vnic_attachments          = (known after apply)
[2026-01-19 03:29:50] [CMD] [32m+[0m[0m memory_in_gbs                 = 12
[2026-01-19 03:29:50] [CMD] [32m+[0m[0m networking_bandwidth_in_gbps  = (known after apply)
[2026-01-19 03:29:50] [CMD] [32m+[0m[0m nvmes                         = (known after apply)
[2026-01-19 03:29:50] [CMD] [32m+[0m[0m ocpus                         = 2
[2026-01-19 03:29:50] [CMD] [32m+[0m[0m processor_description         = (known after apply)
[2026-01-19 03:29:50] [CMD] [32m+[0m[0m resource_management           = (known after apply)
[2026-01-19 03:29:50] [CMD] [32m+[0m[0m vcpus                         = (known after apply)
[2026-01-19 03:29:50] [CMD] }
[2026-01-19 03:29:50] [CMD] 
[2026-01-19 03:29:50] [CMD] [32m+[0m[0m source_details {
[2026-01-19 03:29:50] [CMD] [32m+[0m[0m boot_volume_size_in_gbs = "100"
[2026-01-19 03:29:50] [CMD] [32m+[0m[0m boot_volume_vpus_per_gb = (known after apply)
[2026-01-19 03:29:50] [CMD] [32m+[0m[0m source_id               = "ocid1.image.oc1.eu-zurich-1.aaaaaaaaeiej3u3vj6qwpezhuzfvttqizv5hs424weni5dffwryitayitiia"
[2026-01-19 03:29:50] [CMD] [32m+[0m[0m source_type             = "image"
[2026-01-19 03:29:50] [CMD] 
[2026-01-19 03:29:50] [CMD] [32m+[0m[0m instance_source_image_filter_details (known after apply)
[2026-01-19 03:29:50] [CMD] }
[2026-01-19 03:29:50] [CMD] }
[2026-01-19 03:29:50] [CMD] 
[2026-01-19 03:29:50] [CMD] [1m  # module.oci_workers.oci_core_instance.vm[1][0m will be created
[2026-01-19 03:29:50] [CMD] [0m  [32m+[0m[0m resource "oci_core_instance" "vm" {
[2026-01-19 03:29:50] [CMD] [32m+[0m[0m availability_domain                 = "Okvh:EU-ZURICH-1-AD-1"
[2026-01-19 03:29:50] [CMD] [32m+[0m[0m boot_volume_id                      = (known after apply)
[2026-01-19 03:29:50] [CMD] [32m+[0m[0m capacity_reservation_id             = (known after apply)
[2026-01-19 03:29:50] [CMD] [32m+[0m[0m compartment_id                      = "ocid1.compartment.oc1..aaaaaaaaqosxqzxlkkoruo6yxntlv2u6653ox7uqc46fhpid6ezj6gi73zzq"
[2026-01-19 03:29:50] [CMD] [32m+[0m[0m compute_cluster_id                  = (known after apply)
[2026-01-19 03:29:50] [CMD] [32m+[0m[0m dedicated_vm_host_id                = (known after apply)
[2026-01-19 03:29:50] [CMD] [32m+[0m[0m defined_tags                        = (known after apply)
[2026-01-19 03:29:50] [CMD] [32m+[0m[0m display_name                        = "oci-kls-worker-202"
[2026-01-19 03:29:50] [CMD] [32m+[0m[0m extended_metadata                   = (known after apply)
[2026-01-19 03:29:50] [CMD] [32m+[0m[0m fault_domain                        = (known after apply)
[2026-01-19 03:29:50] [CMD] [32m+[0m[0m freeform_tags                       = {
[2026-01-19 03:29:50] [CMD] [32m+[0m[0m "Role" = "worker"
[2026-01-19 03:29:50] [CMD] }
[2026-01-19 03:29:50] [CMD] [32m+[0m[0m hostname_label                      = (known after apply)
[2026-01-19 03:29:50] [CMD] [32m+[0m[0m id                                  = (known after apply)
[2026-01-19 03:29:50] [CMD] [32m+[0m[0m image                               = (known after apply)
[2026-01-19 03:29:50] [CMD] [32m+[0m[0m instance_configuration_id           = (known after apply)
[2026-01-19 03:29:50] [CMD] [32m+[0m[0m ipxe_script                         = (known after apply)
[2026-01-19 03:29:50] [CMD] [32m+[0m[0m is_ai_enterprise_enabled            = (known after apply)
[2026-01-19 03:29:50] [CMD] [32m+[0m[0m is_cross_numa_node                  = (known after apply)
[2026-01-19 03:29:50] [CMD] [32m+[0m[0m is_pv_encryption_in_transit_enabled = (known after apply)
[2026-01-19 03:29:50] [CMD] [32m+[0m[0m launch_mode                         = (known after apply)
[2026-01-19 03:29:50] [CMD] [32m+[0m[0m metadata                            = {
[2026-01-19 03:29:50] [CMD] [32m+[0m[0m "ssh_authorized_keys" = <<-EOT
[2026-01-19 03:29:50] [CMD] ssh-rsa AAAAB3NzaC1yc2EAAAADAQABAAABAQDGgVhlH0TFnfQFaCNk5ZHRBYiQgXjS+GiWKUK4iChAdMxHAupZf6kMVTWJZi5tHfsUqYdopwPAmoqpmYc/5AXrkYXyepRHNf/gGSp3Q1BrWH6+jhPBF/2fx65NrUqFTm3muuD3aPvepWA4oobcrT9FJN7HPZQ6N+N32GpM3IY5pbDhlTOkAwR6HLEFXdem8hJ7/GlV5Aw8qiQxhOsqLScN5deJlLsncsQfdSxEFhgrWrNOvAZaItk2q/jzq6I+zQE6WS8pGYu0vRA5hHNXxVdh+PnMavmA2rTzh4g+ATfAqjeA2gYlfQH5Nz9HhzXQGciQDZpUlsjGWWX0OcQ7+1tB buffalo@buffalo-IdeaPad-1
[2026-01-19 03:29:50] [CMD] EOT
[2026-01-19 03:29:50] [CMD] }
[2026-01-19 03:29:50] [CMD] [32m+[0m[0m private_ip                          = (known after apply)
[2026-01-19 03:29:50] [CMD] [32m+[0m[0m public_ip                           = (known after apply)
[2026-01-19 03:29:50] [CMD] [32m+[0m[0m region                              = (known after apply)
[2026-01-19 03:29:50] [CMD] [32m+[0m[0m security_attributes                 = (known after apply)
[2026-01-19 03:29:50] [CMD] [32m+[0m[0m security_attributes_state           = (known after apply)
[2026-01-19 03:29:50] [CMD] [32m+[0m[0m shape                               = "VM.Standard.A1.Flex"
[2026-01-19 03:29:50] [CMD] [32m+[0m[0m state                               = (known after apply)
[2026-01-19 03:29:50] [CMD] [32m+[0m[0m subnet_id                           = (known after apply)
[2026-01-19 03:29:50] [CMD] [32m+[0m[0m system_tags                         = (known after apply)
[2026-01-19 03:29:50] [CMD] [32m+[0m[0m time_created                        = (known after apply)
[2026-01-19 03:29:50] [CMD] [32m+[0m[0m time_maintenance_reboot_due         = (known after apply)
[2026-01-19 03:29:50] [CMD] 
[2026-01-19 03:29:50] [CMD] [32m+[0m[0m agent_config (known after apply)
[2026-01-19 03:29:50] [CMD] 
[2026-01-19 03:29:50] [CMD] [32m+[0m[0m availability_config (known after apply)
[2026-01-19 03:29:50] [CMD] 
[2026-01-19 03:29:50] [CMD] [32m+[0m[0m create_vnic_details {
[2026-01-19 03:29:50] [CMD] [32m+[0m[0m assign_ipv6ip          = (known after apply)
[2026-01-19 03:29:50] [CMD] [32m+[0m[0m assign_public_ip       = "true"
[2026-01-19 03:29:50] [CMD] [32m+[0m[0m defined_tags           = (known after apply)
[2026-01-19 03:29:50] [CMD] [32m+[0m[0m display_name           = (known after apply)
[2026-01-19 03:29:50] [CMD] [32m+[0m[0m freeform_tags          = (known after apply)
[2026-01-19 03:29:50] [CMD] [32m+[0m[0m hostname_label         = (known after apply)
[2026-01-19 03:29:50] [CMD] [32m+[0m[0m nsg_ids                = (known after apply)
[2026-01-19 03:29:50] [CMD] [32m+[0m[0m private_ip             = (known after apply)
[2026-01-19 03:29:50] [CMD] [32m+[0m[0m security_attributes    = (known after apply)
[2026-01-19 03:29:50] [CMD] [32m+[0m[0m skip_source_dest_check = (known after apply)
[2026-01-19 03:29:50] [CMD] [32m+[0m[0m subnet_cidr            = (known after apply)
[2026-01-19 03:29:50] [CMD] [32m+[0m[0m subnet_id              = "ocid1.subnet.oc1.eu-zurich-1.aaaaaaaaptp3u3on7sblkoxaxhcdb25kke42i7u3j3gqgynzhl3672i3fqwa"
[2026-01-19 03:29:50] [CMD] [32m+[0m[0m vlan_id                = (known after apply)
[2026-01-19 03:29:50] [CMD] 
[2026-01-19 03:29:50] [CMD] [32m+[0m[0m ipv6address_ipv6subnet_cidr_pair_details (known after apply)
[2026-01-19 03:29:50] [CMD] }
[2026-01-19 03:29:50] [CMD] 
[2026-01-19 03:29:50] [CMD] [32m+[0m[0m instance_options (known after apply)
[2026-01-19 03:29:50] [CMD] 
[2026-01-19 03:29:50] [CMD] [32m+[0m[0m launch_options (known after apply)
[2026-01-19 03:29:50] [CMD] 
[2026-01-19 03:29:50] [CMD] [32m+[0m[0m launch_volume_attachments (known after apply)
[2026-01-19 03:29:50] [CMD] 
[2026-01-19 03:29:50] [CMD] [32m+[0m[0m licensing_configs (known after apply)
[2026-01-19 03:29:50] [CMD] 
[2026-01-19 03:29:50] [CMD] [32m+[0m[0m placement_constraint_details (known after apply)
[2026-01-19 03:29:50] [CMD] 
[2026-01-19 03:29:50] [CMD] [32m+[0m[0m platform_config (known after apply)
[2026-01-19 03:29:50] [CMD] 
[2026-01-19 03:29:50] [CMD] [32m+[0m[0m preemptible_instance_config (known after apply)
[2026-01-19 03:29:50] [CMD] 
[2026-01-19 03:29:50] [CMD] [32m+[0m[0m shape_config {
[2026-01-19 03:29:50] [CMD] [32m+[0m[0m baseline_ocpu_utilization     = (known after apply)
[2026-01-19 03:29:50] [CMD] [32m+[0m[0m gpu_description               = (known after apply)
[2026-01-19 03:29:50] [CMD] [32m+[0m[0m gpus                          = (known after apply)
[2026-01-19 03:29:50] [CMD] [32m+[0m[0m local_disk_description        = (known after apply)
[2026-01-19 03:29:50] [CMD] [32m+[0m[0m local_disks                   = (known after apply)
[2026-01-19 03:29:50] [CMD] [32m+[0m[0m local_disks_total_size_in_gbs = (known after apply)
[2026-01-19 03:29:50] [CMD] [32m+[0m[0m max_vnic_attachments          = (known after apply)
[2026-01-19 03:29:50] [CMD] [32m+[0m[0m memory_in_gbs                 = 12
[2026-01-19 03:29:50] [CMD] [32m+[0m[0m networking_bandwidth_in_gbps  = (known after apply)
[2026-01-19 03:29:50] [CMD] [32m+[0m[0m nvmes                         = (known after apply)
[2026-01-19 03:29:50] [CMD] [32m+[0m[0m ocpus                         = 2
[2026-01-19 03:29:50] [CMD] [32m+[0m[0m processor_description         = (known after apply)
[2026-01-19 03:29:50] [CMD] [32m+[0m[0m resource_management           = (known after apply)
[2026-01-19 03:29:50] [CMD] [32m+[0m[0m vcpus                         = (known after apply)
[2026-01-19 03:29:50] [CMD] }
[2026-01-19 03:29:50] [CMD] 
[2026-01-19 03:29:50] [CMD] [32m+[0m[0m source_details {
[2026-01-19 03:29:50] [CMD] [32m+[0m[0m boot_volume_size_in_gbs = "100"
[2026-01-19 03:29:50] [CMD] [32m+[0m[0m boot_volume_vpus_per_gb = (known after apply)
[2026-01-19 03:29:50] [CMD] [32m+[0m[0m source_id               = "ocid1.image.oc1.eu-zurich-1.aaaaaaaaeiej3u3vj6qwpezhuzfvttqizv5hs424weni5dffwryitayitiia"
[2026-01-19 03:29:50] [CMD] [32m+[0m[0m source_type             = "image"
[2026-01-19 03:29:50] [CMD] 
[2026-01-19 03:29:50] [CMD] [32m+[0m[0m instance_source_image_filter_details (known after apply)
[2026-01-19 03:29:50] [CMD] }
[2026-01-19 03:29:50] [CMD] }
[2026-01-19 03:29:50] [CMD] 
[2026-01-19 03:29:50] [CMD] [1mPlan:[0m [0m2 to add, 0 to change, 0 to destroy.
[2026-01-19 03:29:50] [CMD] 
[2026-01-19 03:29:50] [CMD] Changes to Outputs:
[2026-01-19 03:29:50] [CMD] [32m+[0m[0m oci_worker_ips       = [
[2026-01-19 03:29:50] [CMD] [32m+[0m[0m (known after apply),
[2026-01-19 03:29:50] [CMD] [32m+[0m[0m (known after apply),
[2026-01-19 03:29:50] [CMD] ]
[2026-01-19 03:29:50] [CMD] [0m[1mmodule.oci_workers.oci_core_instance.vm[1]: Creating...[0m[0m
[2026-01-19 03:29:50] [CMD] [0m[1mmodule.oci_workers.oci_core_instance.vm[0]: Creating...[0m[0m
[2026-01-19 03:29:52] [CMD] [33m╷[0m[0m
[2026-01-19 03:29:52] [CMD] [33m│[0m [0m[1m[33mWarning: [0m[0m[1mValue for undeclared variable[0m
[2026-01-19 03:29:52] [CMD] [33m│[0m [0m
[2026-01-19 03:29:52] [CMD] [33m│[0m [0m[0mThe root module does not declare a variable named "gcp_image" but a value
[2026-01-19 03:29:52] [CMD] [33m│[0m [0mwas found in file "terraform.tfvars". If you meant to use this value, add a
[2026-01-19 03:29:52] [CMD] [33m│[0m [0m"variable" block to the configuration.
[2026-01-19 03:29:52] [CMD] [33m│[0m [0m
[2026-01-19 03:29:52] [CMD] [33m│[0m [0mTo silence these warnings, use TF_VAR_... environment variables to provide
[2026-01-19 03:29:52] [CMD] [33m│[0m [0mcertain "global" settings to all configurations in your organization. To
[2026-01-19 03:29:52] [CMD] [33m│[0m [0mreduce the verbosity of these warnings, use the -compact-warnings option.
[2026-01-19 03:29:52] [CMD] [33m╵[0m[0m
[2026-01-19 03:29:52] [CMD] [31m╷[0m[0m
[2026-01-19 03:29:52] [CMD] [31m│[0m [0m[1m[31mError: [0m[0m[1m500-InternalError, Out of host capacity.
[2026-01-19 03:29:52] [CMD] [31m│[0m [0mSuggestion: The service for this resource encountered an error. Please contact support for help with service: Core Instance
[2026-01-19 03:29:52] [CMD] [31m│[0m [0mDocumentation: https://registry.terraform.io/providers/oracle/oci/latest/docs/resources/core_instance
[2026-01-19 03:29:52] [CMD] [31m│[0m [0mAPI Reference: https://docs.oracle.com/iaas/api/#/en/iaas/20160918/Instance/LaunchInstance
[2026-01-19 03:29:52] [CMD] [31m│[0m [0mRequest Target: POST https://iaas.eu-zurich-1.oraclecloud.com/20160918/instances
[2026-01-19 03:29:52] [CMD] [31m│[0m [0mProvider version: 7.29.0, released on 2025-12-16. This provider is 4 Update(s) behind to current.
[2026-01-19 03:29:52] [CMD] [31m│[0m [0mService: Core Instance
[2026-01-19 03:29:52] [CMD] [31m│[0m [0mOperation Name: LaunchInstance
[2026-01-19 03:29:52] [CMD] [31m│[0m [0mOPC request ID: bb21d14549bbad415122a3844ed825df/79AF1CBC3EBA97D22FA56D695A524825/2C0B78397E0DFE23FF89B0BDBC3A55D1
[2026-01-19 03:29:52] [CMD] [31m│[0m [0m[0m
[2026-01-19 03:29:52] [CMD] [31m│[0m [0m
[2026-01-19 03:29:52] [CMD] [31m│[0m [0m[0m  with module.oci_workers.oci_core_instance.vm[1],
[2026-01-19 03:29:52] [CMD] [31m│[0m [0m  on ../modules/oci-instance/main.tf line 37, in resource "oci_core_instance" "vm":
[2026-01-19 03:29:52] [CMD] [31m│[0m [0m  37: resource "oci_core_instance" "vm" [4m{[0m[0m
[2026-01-19 03:29:52] [CMD] [31m│[0m [0m
[2026-01-19 03:29:52] [CMD] [31m╵[0m[0m
[2026-01-19 03:29:52] [CMD] [31m╷[0m[0m
[2026-01-19 03:29:52] [CMD] [31m│[0m [0m[1m[31mError: [0m[0m[1m500-InternalError, Out of host capacity.
[2026-01-19 03:29:52] [CMD] [31m│[0m [0mSuggestion: The service for this resource encountered an error. Please contact support for help with service: Core Instance
[2026-01-19 03:29:52] [CMD] [31m│[0m [0mDocumentation: https://registry.terraform.io/providers/oracle/oci/latest/docs/resources/core_instance
[2026-01-19 03:29:52] [CMD] [31m│[0m [0mAPI Reference: https://docs.oracle.com/iaas/api/#/en/iaas/20160918/Instance/LaunchInstance
[2026-01-19 03:29:52] [CMD] [31m│[0m [0mRequest Target: POST https://iaas.eu-zurich-1.oraclecloud.com/20160918/instances
[2026-01-19 03:29:52] [CMD] [31m│[0m [0mProvider version: 7.29.0, released on 2025-12-16. This provider is 4 Update(s) behind to current.
[2026-01-19 03:29:52] [CMD] [31m│[0m [0mService: Core Instance
[2026-01-19 03:29:52] [CMD] [31m│[0m [0mOperation Name: LaunchInstance
[2026-01-19 03:29:52] [CMD] [31m│[0m [0mOPC request ID: 4ddea1c2ec6a753e256d4007540d7723/2ABCB63B398C21D42FA56D695A524882/13313801F80D9466BCFFCF32A63BB4D6
[2026-01-19 03:29:52] [CMD] [31m│[0m [0m[0m
[2026-01-19 03:29:52] [CMD] [31m│[0m [0m
[2026-01-19 03:29:52] [CMD] [31m│[0m [0m[0m  with module.oci_workers.oci_core_instance.vm[0],
[2026-01-19 03:29:52] [CMD] [31m│[0m [0m  on ../modules/oci-instance/main.tf line 37, in resource "oci_core_instance" "vm":
[2026-01-19 03:29:52] [CMD] [31m│[0m [0m  37: resource "oci_core_instance" "vm" [4m{[0m[0m
[2026-01-19 03:29:52] [CMD] [31m│[0m [0m
[2026-01-19 03:29:52] [CMD] [31m╵[0m[0m
[2026-01-19 03:29:52] Command failed with exit code 1.
[2026-01-19 03:29:52] Task failed. Retrying in 300 seconds...
[2026-01-19 03:34:52] Attempting to run: terraform apply --auto-approve
[2026-01-19 03:34:52] Working Directory: /home/buffalo/Documents/Project/kubernetes-infra/terraform/kls-infra-02
[2026-01-19 03:34:58] [CMD] [0m[1mmodule.oci_controlplane.data.oci_identity_availability_domains.ads: Reading...[0m[0m
[2026-01-19 03:34:58] [CMD] [0m[1mmodule.oci_workers.data.oci_identity_availability_domains.ads: Reading...[0m[0m
[2026-01-19 03:34:58] [CMD] [0m[1mmodule.oci_workers.data.oci_core_images.ubuntu_amd: Reading...[0m[0m
[2026-01-19 03:34:58] [CMD] [0m[1mmodule.oci_workers.data.oci_core_images.ubuntu_arm: Reading...[0m[0m
[2026-01-19 03:34:58] [CMD] [0m[1mmodule.oci_controlplane.data.oci_core_images.ubuntu_arm: Reading...[0m[0m
[2026-01-19 03:34:58] [CMD] [0m[1mmodule.oci_controlplane.data.oci_core_images.ubuntu_amd: Reading...[0m[0m
[2026-01-19 03:35:01] [CMD] [0m[1mmodule.oci_controlplane.data.oci_identity_availability_domains.ads: Read complete after 3s [id=IdentityAvailabilityDomainsDataSource-2634143273][0m
[2026-01-19 03:35:01] [CMD] [0m[1mmodule.oci_workers.data.oci_identity_availability_domains.ads: Read complete after 3s [id=IdentityAvailabilityDomainsDataSource-2634143273][0m
[2026-01-19 03:35:01] [CMD] [0m[1mmodule.oci_workers.data.oci_core_images.ubuntu_arm: Read complete after 3s [id=CoreImagesDataSource-1596659991][0m
[2026-01-19 03:35:01] [CMD] [0m[1mmodule.oci_workers.data.oci_core_images.ubuntu_amd: Read complete after 3s [id=CoreImagesDataSource-4182059877][0m
[2026-01-19 03:35:01] [CMD] [0m[1mmodule.oci_controlplane.data.oci_core_images.ubuntu_arm: Read complete after 3s [id=CoreImagesDataSource-1596659991][0m
[2026-01-19 03:35:01] [CMD] [0m[1mmodule.aws_worker.data.aws_ami.ubuntu: Reading...[0m[0m
[2026-01-19 03:35:01] [CMD] [0m[1mmodule.oci_controlplane.data.oci_core_images.ubuntu_amd: Read complete after 3s [id=CoreImagesDataSource-4182059877][0m
[2026-01-19 03:35:02] [CMD] [0m[1mmodule.gcp_worker.data.google_compute_image.ubuntu: Reading...[0m[0m
[2026-01-19 03:35:03] [CMD] [0m[1mmodule.aws_worker.data.aws_ami.ubuntu: Read complete after 2s [id=ami-01637463b2cbe7cb6][0m
[2026-01-19 03:35:04] [CMD] [0m[1mmodule.gcp_worker.data.google_compute_image.ubuntu: Read complete after 2s [id=projects/ubuntu-os-cloud/global/images/ubuntu-2404-noble-amd64-v20260117][0m
[2026-01-19 03:35:04] [CMD] 
[2026-01-19 03:35:04] [CMD] Terraform used the selected providers to generate the following execution
[2026-01-19 03:35:04] [CMD] plan. Resource actions are indicated with the following symbols:
[2026-01-19 03:35:04] [CMD] [32m+[0m create[0m
[2026-01-19 03:35:04] [CMD] 
[2026-01-19 03:35:04] [CMD] Terraform will perform the following actions:
[2026-01-19 03:35:04] [CMD] 
[2026-01-19 03:35:04] [CMD] [1m  # module.oci_workers.oci_core_instance.vm[0][0m will be created
[2026-01-19 03:35:04] [CMD] [0m  [32m+[0m[0m resource "oci_core_instance" "vm" {
[2026-01-19 03:35:04] [CMD] [32m+[0m[0m availability_domain                 = "Okvh:EU-ZURICH-1-AD-1"
[2026-01-19 03:35:04] [CMD] [32m+[0m[0m boot_volume_id                      = (known after apply)
[2026-01-19 03:35:04] [CMD] [32m+[0m[0m capacity_reservation_id             = (known after apply)
[2026-01-19 03:35:04] [CMD] [32m+[0m[0m compartment_id                      = "ocid1.compartment.oc1..aaaaaaaaqosxqzxlkkoruo6yxntlv2u6653ox7uqc46fhpid6ezj6gi73zzq"
[2026-01-19 03:35:04] [CMD] [32m+[0m[0m compute_cluster_id                  = (known after apply)
[2026-01-19 03:35:04] [CMD] [32m+[0m[0m dedicated_vm_host_id                = (known after apply)
[2026-01-19 03:35:04] [CMD] [32m+[0m[0m defined_tags                        = (known after apply)
[2026-01-19 03:35:04] [CMD] [32m+[0m[0m display_name                        = "oci-kls-worker-201"
[2026-01-19 03:35:04] [CMD] [32m+[0m[0m extended_metadata                   = (known after apply)
[2026-01-19 03:35:04] [CMD] [32m+[0m[0m fault_domain                        = (known after apply)
[2026-01-19 03:35:04] [CMD] [32m+[0m[0m freeform_tags                       = {
[2026-01-19 03:35:04] [CMD] [32m+[0m[0m "Role" = "worker"
[2026-01-19 03:35:04] [CMD] }
[2026-01-19 03:35:04] [CMD] [32m+[0m[0m hostname_label                      = (known after apply)
[2026-01-19 03:35:04] [CMD] [32m+[0m[0m id                                  = (known after apply)
[2026-01-19 03:35:04] [CMD] [32m+[0m[0m image                               = (known after apply)
[2026-01-19 03:35:04] [CMD] [32m+[0m[0m instance_configuration_id           = (known after apply)
[2026-01-19 03:35:04] [CMD] [32m+[0m[0m ipxe_script                         = (known after apply)
[2026-01-19 03:35:04] [CMD] [32m+[0m[0m is_ai_enterprise_enabled            = (known after apply)
[2026-01-19 03:35:04] [CMD] [32m+[0m[0m is_cross_numa_node                  = (known after apply)
[2026-01-19 03:35:04] [CMD] [32m+[0m[0m is_pv_encryption_in_transit_enabled = (known after apply)
[2026-01-19 03:35:04] [CMD] [32m+[0m[0m launch_mode                         = (known after apply)
[2026-01-19 03:35:04] [CMD] [32m+[0m[0m metadata                            = {
[2026-01-19 03:35:04] [CMD] [32m+[0m[0m "ssh_authorized_keys" = <<-EOT
[2026-01-19 03:35:04] [CMD] ssh-rsa AAAAB3NzaC1yc2EAAAADAQABAAABAQDGgVhlH0TFnfQFaCNk5ZHRBYiQgXjS+GiWKUK4iChAdMxHAupZf6kMVTWJZi5tHfsUqYdopwPAmoqpmYc/5AXrkYXyepRHNf/gGSp3Q1BrWH6+jhPBF/2fx65NrUqFTm3muuD3aPvepWA4oobcrT9FJN7HPZQ6N+N32GpM3IY5pbDhlTOkAwR6HLEFXdem8hJ7/GlV5Aw8qiQxhOsqLScN5deJlLsncsQfdSxEFhgrWrNOvAZaItk2q/jzq6I+zQE6WS8pGYu0vRA5hHNXxVdh+PnMavmA2rTzh4g+ATfAqjeA2gYlfQH5Nz9HhzXQGciQDZpUlsjGWWX0OcQ7+1tB buffalo@buffalo-IdeaPad-1
[2026-01-19 03:35:04] [CMD] EOT
[2026-01-19 03:35:04] [CMD] }
[2026-01-19 03:35:04] [CMD] [32m+[0m[0m private_ip                          = (known after apply)
[2026-01-19 03:35:04] [CMD] [32m+[0m[0m public_ip                           = (known after apply)
[2026-01-19 03:35:04] [CMD] [32m+[0m[0m region                              = (known after apply)
[2026-01-19 03:35:04] [CMD] [32m+[0m[0m security_attributes                 = (known after apply)
[2026-01-19 03:35:04] [CMD] [32m+[0m[0m security_attributes_state           = (known after apply)
[2026-01-19 03:35:04] [CMD] [32m+[0m[0m shape                               = "VM.Standard.A1.Flex"
[2026-01-19 03:35:04] [CMD] [32m+[0m[0m state                               = (known after apply)
[2026-01-19 03:35:04] [CMD] [32m+[0m[0m subnet_id                           = (known after apply)
[2026-01-19 03:35:04] [CMD] [32m+[0m[0m system_tags                         = (known after apply)
[2026-01-19 03:35:04] [CMD] [32m+[0m[0m time_created                        = (known after apply)
[2026-01-19 03:35:04] [CMD] [32m+[0m[0m time_maintenance_reboot_due         = (known after apply)
[2026-01-19 03:35:04] [CMD] 
[2026-01-19 03:35:04] [CMD] [32m+[0m[0m agent_config (known after apply)
[2026-01-19 03:35:04] [CMD] 
[2026-01-19 03:35:04] [CMD] [32m+[0m[0m availability_config (known after apply)
[2026-01-19 03:35:04] [CMD] 
[2026-01-19 03:35:04] [CMD] [32m+[0m[0m create_vnic_details {
[2026-01-19 03:35:04] [CMD] [32m+[0m[0m assign_ipv6ip          = (known after apply)
[2026-01-19 03:35:04] [CMD] [32m+[0m[0m assign_public_ip       = "true"
[2026-01-19 03:35:04] [CMD] [32m+[0m[0m defined_tags           = (known after apply)
[2026-01-19 03:35:04] [CMD] [32m+[0m[0m display_name           = (known after apply)
[2026-01-19 03:35:04] [CMD] [32m+[0m[0m freeform_tags          = (known after apply)
[2026-01-19 03:35:04] [CMD] [32m+[0m[0m hostname_label         = (known after apply)
[2026-01-19 03:35:04] [CMD] [32m+[0m[0m nsg_ids                = (known after apply)
[2026-01-19 03:35:04] [CMD] [32m+[0m[0m private_ip             = (known after apply)
[2026-01-19 03:35:04] [CMD] [32m+[0m[0m security_attributes    = (known after apply)
[2026-01-19 03:35:04] [CMD] [32m+[0m[0m skip_source_dest_check = (known after apply)
[2026-01-19 03:35:04] [CMD] [32m+[0m[0m subnet_cidr            = (known after apply)
[2026-01-19 03:35:04] [CMD] [32m+[0m[0m subnet_id              = "ocid1.subnet.oc1.eu-zurich-1.aaaaaaaaptp3u3on7sblkoxaxhcdb25kke42i7u3j3gqgynzhl3672i3fqwa"
[2026-01-19 03:35:04] [CMD] [32m+[0m[0m vlan_id                = (known after apply)
[2026-01-19 03:35:04] [CMD] 
[2026-01-19 03:35:04] [CMD] [32m+[0m[0m ipv6address_ipv6subnet_cidr_pair_details (known after apply)
[2026-01-19 03:35:04] [CMD] }
[2026-01-19 03:35:04] [CMD] 
[2026-01-19 03:35:04] [CMD] [32m+[0m[0m instance_options (known after apply)
[2026-01-19 03:35:04] [CMD] 
[2026-01-19 03:35:04] [CMD] [32m+[0m[0m launch_options (known after apply)
[2026-01-19 03:35:04] [CMD] 
[2026-01-19 03:35:04] [CMD] [32m+[0m[0m launch_volume_attachments (known after apply)
[2026-01-19 03:35:04] [CMD] 
[2026-01-19 03:35:04] [CMD] [32m+[0m[0m licensing_configs (known after apply)
[2026-01-19 03:35:04] [CMD] 
[2026-01-19 03:35:04] [CMD] [32m+[0m[0m placement_constraint_details (known after apply)
[2026-01-19 03:35:04] [CMD] 
[2026-01-19 03:35:04] [CMD] [32m+[0m[0m platform_config (known after apply)
[2026-01-19 03:35:04] [CMD] 
[2026-01-19 03:35:04] [CMD] [32m+[0m[0m preemptible_instance_config (known after apply)
[2026-01-19 03:35:04] [CMD] 
[2026-01-19 03:35:04] [CMD] [32m+[0m[0m shape_config {
[2026-01-19 03:35:04] [CMD] [32m+[0m[0m baseline_ocpu_utilization     = (known after apply)
[2026-01-19 03:35:04] [CMD] [32m+[0m[0m gpu_description               = (known after apply)
[2026-01-19 03:35:04] [CMD] [32m+[0m[0m gpus                          = (known after apply)
[2026-01-19 03:35:04] [CMD] [32m+[0m[0m local_disk_description        = (known after apply)
[2026-01-19 03:35:04] [CMD] [32m+[0m[0m local_disks                   = (known after apply)
[2026-01-19 03:35:04] [CMD] [32m+[0m[0m local_disks_total_size_in_gbs = (known after apply)
[2026-01-19 03:35:04] [CMD] [32m+[0m[0m max_vnic_attachments          = (known after apply)
[2026-01-19 03:35:04] [CMD] [32m+[0m[0m memory_in_gbs                 = 12
[2026-01-19 03:35:04] [CMD] [32m+[0m[0m networking_bandwidth_in_gbps  = (known after apply)
[2026-01-19 03:35:04] [CMD] [32m+[0m[0m nvmes                         = (known after apply)
[2026-01-19 03:35:04] [CMD] [32m+[0m[0m ocpus                         = 2
[2026-01-19 03:35:04] [CMD] [32m+[0m[0m processor_description         = (known after apply)
[2026-01-19 03:35:04] [CMD] [32m+[0m[0m resource_management           = (known after apply)
[2026-01-19 03:35:04] [CMD] [32m+[0m[0m vcpus                         = (known after apply)
[2026-01-19 03:35:04] [CMD] }
[2026-01-19 03:35:04] [CMD] 
[2026-01-19 03:35:04] [CMD] [32m+[0m[0m source_details {
[2026-01-19 03:35:04] [CMD] [32m+[0m[0m boot_volume_size_in_gbs = "100"
[2026-01-19 03:35:04] [CMD] [32m+[0m[0m boot_volume_vpus_per_gb = (known after apply)
[2026-01-19 03:35:04] [CMD] [32m+[0m[0m source_id               = "ocid1.image.oc1.eu-zurich-1.aaaaaaaaeiej3u3vj6qwpezhuzfvttqizv5hs424weni5dffwryitayitiia"
[2026-01-19 03:35:04] [CMD] [32m+[0m[0m source_type             = "image"
[2026-01-19 03:35:04] [CMD] 
[2026-01-19 03:35:04] [CMD] [32m+[0m[0m instance_source_image_filter_details (known after apply)
[2026-01-19 03:35:04] [CMD] }
[2026-01-19 03:35:04] [CMD] }
[2026-01-19 03:35:04] [CMD] 
[2026-01-19 03:35:04] [CMD] [1m  # module.oci_workers.oci_core_instance.vm[1][0m will be created
[2026-01-19 03:35:04] [CMD] [0m  [32m+[0m[0m resource "oci_core_instance" "vm" {
[2026-01-19 03:35:04] [CMD] [32m+[0m[0m availability_domain                 = "Okvh:EU-ZURICH-1-AD-1"
[2026-01-19 03:35:04] [CMD] [32m+[0m[0m boot_volume_id                      = (known after apply)
[2026-01-19 03:35:04] [CMD] [32m+[0m[0m capacity_reservation_id             = (known after apply)
[2026-01-19 03:35:04] [CMD] [32m+[0m[0m compartment_id                      = "ocid1.compartment.oc1..aaaaaaaaqosxqzxlkkoruo6yxntlv2u6653ox7uqc46fhpid6ezj6gi73zzq"
[2026-01-19 03:35:04] [CMD] [32m+[0m[0m compute_cluster_id                  = (known after apply)
[2026-01-19 03:35:04] [CMD] [32m+[0m[0m dedicated_vm_host_id                = (known after apply)
[2026-01-19 03:35:04] [CMD] [32m+[0m[0m defined_tags                        = (known after apply)
[2026-01-19 03:35:04] [CMD] [32m+[0m[0m display_name                        = "oci-kls-worker-202"
[2026-01-19 03:35:04] [CMD] [32m+[0m[0m extended_metadata                   = (known after apply)
[2026-01-19 03:35:04] [CMD] [32m+[0m[0m fault_domain                        = (known after apply)
[2026-01-19 03:35:04] [CMD] [32m+[0m[0m freeform_tags                       = {
[2026-01-19 03:35:04] [CMD] [32m+[0m[0m "Role" = "worker"
[2026-01-19 03:35:04] [CMD] }
[2026-01-19 03:35:04] [CMD] [32m+[0m[0m hostname_label                      = (known after apply)
[2026-01-19 03:35:04] [CMD] [32m+[0m[0m id                                  = (known after apply)
[2026-01-19 03:35:04] [CMD] [32m+[0m[0m image                               = (known after apply)
[2026-01-19 03:35:04] [CMD] [32m+[0m[0m instance_configuration_id           = (known after apply)
[2026-01-19 03:35:04] [CMD] [32m+[0m[0m ipxe_script                         = (known after apply)
[2026-01-19 03:35:04] [CMD] [32m+[0m[0m is_ai_enterprise_enabled            = (known after apply)
[2026-01-19 03:35:04] [CMD] [32m+[0m[0m is_cross_numa_node                  = (known after apply)
[2026-01-19 03:35:04] [CMD] [32m+[0m[0m is_pv_encryption_in_transit_enabled = (known after apply)
[2026-01-19 03:35:04] [CMD] [32m+[0m[0m launch_mode                         = (known after apply)
[2026-01-19 03:35:04] [CMD] [32m+[0m[0m metadata                            = {
[2026-01-19 03:35:04] [CMD] [32m+[0m[0m "ssh_authorized_keys" = <<-EOT
[2026-01-19 03:35:04] [CMD] ssh-rsa AAAAB3NzaC1yc2EAAAADAQABAAABAQDGgVhlH0TFnfQFaCNk5ZHRBYiQgXjS+GiWKUK4iChAdMxHAupZf6kMVTWJZi5tHfsUqYdopwPAmoqpmYc/5AXrkYXyepRHNf/gGSp3Q1BrWH6+jhPBF/2fx65NrUqFTm3muuD3aPvepWA4oobcrT9FJN7HPZQ6N+N32GpM3IY5pbDhlTOkAwR6HLEFXdem8hJ7/GlV5Aw8qiQxhOsqLScN5deJlLsncsQfdSxEFhgrWrNOvAZaItk2q/jzq6I+zQE6WS8pGYu0vRA5hHNXxVdh+PnMavmA2rTzh4g+ATfAqjeA2gYlfQH5Nz9HhzXQGciQDZpUlsjGWWX0OcQ7+1tB buffalo@buffalo-IdeaPad-1
[2026-01-19 03:35:04] [CMD] EOT
[2026-01-19 03:35:04] [CMD] }
[2026-01-19 03:35:04] [CMD] [32m+[0m[0m private_ip                          = (known after apply)
[2026-01-19 03:35:04] [CMD] [32m+[0m[0m public_ip                           = (known after apply)
[2026-01-19 03:35:04] [CMD] [32m+[0m[0m region                              = (known after apply)
[2026-01-19 03:35:04] [CMD] [32m+[0m[0m security_attributes                 = (known after apply)
[2026-01-19 03:35:04] [CMD] [32m+[0m[0m security_attributes_state           = (known after apply)
[2026-01-19 03:35:04] [CMD] [32m+[0m[0m shape                               = "VM.Standard.A1.Flex"
[2026-01-19 03:35:04] [CMD] [32m+[0m[0m state                               = (known after apply)
[2026-01-19 03:35:04] [CMD] [32m+[0m[0m subnet_id                           = (known after apply)
[2026-01-19 03:35:04] [CMD] [32m+[0m[0m system_tags                         = (known after apply)
[2026-01-19 03:35:04] [CMD] [32m+[0m[0m time_created                        = (known after apply)
[2026-01-19 03:35:04] [CMD] [32m+[0m[0m time_maintenance_reboot_due         = (known after apply)
[2026-01-19 03:35:04] [CMD] 
[2026-01-19 03:35:04] [CMD] [32m+[0m[0m agent_config (known after apply)
[2026-01-19 03:35:04] [CMD] 
[2026-01-19 03:35:04] [CMD] [32m+[0m[0m availability_config (known after apply)
[2026-01-19 03:35:04] [CMD] 
[2026-01-19 03:35:04] [CMD] [32m+[0m[0m create_vnic_details {
[2026-01-19 03:35:04] [CMD] [32m+[0m[0m assign_ipv6ip          = (known after apply)
[2026-01-19 03:35:04] [CMD] [32m+[0m[0m assign_public_ip       = "true"
[2026-01-19 03:35:04] [CMD] [32m+[0m[0m defined_tags           = (known after apply)
[2026-01-19 03:35:04] [CMD] [32m+[0m[0m display_name           = (known after apply)
[2026-01-19 03:35:04] [CMD] [32m+[0m[0m freeform_tags          = (known after apply)
[2026-01-19 03:35:04] [CMD] [32m+[0m[0m hostname_label         = (known after apply)
[2026-01-19 03:35:04] [CMD] [32m+[0m[0m nsg_ids                = (known after apply)
[2026-01-19 03:35:04] [CMD] [32m+[0m[0m private_ip             = (known after apply)
[2026-01-19 03:35:04] [CMD] [32m+[0m[0m security_attributes    = (known after apply)
[2026-01-19 03:35:04] [CMD] [32m+[0m[0m skip_source_dest_check = (known after apply)
[2026-01-19 03:35:04] [CMD] [32m+[0m[0m subnet_cidr            = (known after apply)
[2026-01-19 03:35:04] [CMD] [32m+[0m[0m subnet_id              = "ocid1.subnet.oc1.eu-zurich-1.aaaaaaaaptp3u3on7sblkoxaxhcdb25kke42i7u3j3gqgynzhl3672i3fqwa"
[2026-01-19 03:35:04] [CMD] [32m+[0m[0m vlan_id                = (known after apply)
[2026-01-19 03:35:04] [CMD] 
[2026-01-19 03:35:04] [CMD] [32m+[0m[0m ipv6address_ipv6subnet_cidr_pair_details (known after apply)
[2026-01-19 03:35:04] [CMD] }
[2026-01-19 03:35:04] [CMD] 
[2026-01-19 03:35:04] [CMD] [32m+[0m[0m instance_options (known after apply)
[2026-01-19 03:35:04] [CMD] 
[2026-01-19 03:35:04] [CMD] [32m+[0m[0m launch_options (known after apply)
[2026-01-19 03:35:04] [CMD] 
[2026-01-19 03:35:04] [CMD] [32m+[0m[0m launch_volume_attachments (known after apply)
[2026-01-19 03:35:04] [CMD] 
[2026-01-19 03:35:04] [CMD] [32m+[0m[0m licensing_configs (known after apply)
[2026-01-19 03:35:04] [CMD] 
[2026-01-19 03:35:04] [CMD] [32m+[0m[0m placement_constraint_details (known after apply)
[2026-01-19 03:35:04] [CMD] 
[2026-01-19 03:35:04] [CMD] [32m+[0m[0m platform_config (known after apply)
[2026-01-19 03:35:04] [CMD] 
[2026-01-19 03:35:04] [CMD] [32m+[0m[0m preemptible_instance_config (known after apply)
[2026-01-19 03:35:04] [CMD] 
[2026-01-19 03:35:04] [CMD] [32m+[0m[0m shape_config {
[2026-01-19 03:35:04] [CMD] [32m+[0m[0m baseline_ocpu_utilization     = (known after apply)
[2026-01-19 03:35:04] [CMD] [32m+[0m[0m gpu_description               = (known after apply)
[2026-01-19 03:35:04] [CMD] [32m+[0m[0m gpus                          = (known after apply)
[2026-01-19 03:35:04] [CMD] [32m+[0m[0m local_disk_description        = (known after apply)
[2026-01-19 03:35:04] [CMD] [32m+[0m[0m local_disks                   = (known after apply)
[2026-01-19 03:35:04] [CMD] [32m+[0m[0m local_disks_total_size_in_gbs = (known after apply)
[2026-01-19 03:35:04] [CMD] [32m+[0m[0m max_vnic_attachments          = (known after apply)
[2026-01-19 03:35:04] [CMD] [32m+[0m[0m memory_in_gbs                 = 12
[2026-01-19 03:35:04] [CMD] [32m+[0m[0m networking_bandwidth_in_gbps  = (known after apply)
[2026-01-19 03:35:04] [CMD] [32m+[0m[0m nvmes                         = (known after apply)
[2026-01-19 03:35:04] [CMD] [32m+[0m[0m ocpus                         = 2
[2026-01-19 03:35:04] [CMD] [32m+[0m[0m processor_description         = (known after apply)
[2026-01-19 03:35:04] [CMD] [32m+[0m[0m resource_management           = (known after apply)
[2026-01-19 03:35:04] [CMD] [32m+[0m[0m vcpus                         = (known after apply)
[2026-01-19 03:35:04] [CMD] }
[2026-01-19 03:35:04] [CMD] 
[2026-01-19 03:35:04] [CMD] [32m+[0m[0m source_details {
[2026-01-19 03:35:04] [CMD] [32m+[0m[0m boot_volume_size_in_gbs = "100"
[2026-01-19 03:35:04] [CMD] [32m+[0m[0m boot_volume_vpus_per_gb = (known after apply)
[2026-01-19 03:35:04] [CMD] [32m+[0m[0m source_id               = "ocid1.image.oc1.eu-zurich-1.aaaaaaaaeiej3u3vj6qwpezhuzfvttqizv5hs424weni5dffwryitayitiia"
[2026-01-19 03:35:04] [CMD] [32m+[0m[0m source_type             = "image"
[2026-01-19 03:35:04] [CMD] 
[2026-01-19 03:35:04] [CMD] [32m+[0m[0m instance_source_image_filter_details (known after apply)
[2026-01-19 03:35:04] [CMD] }
[2026-01-19 03:35:04] [CMD] }
[2026-01-19 03:35:04] [CMD] 
[2026-01-19 03:35:04] [CMD] [1mPlan:[0m [0m2 to add, 0 to change, 0 to destroy.
[2026-01-19 03:35:04] [CMD] 
[2026-01-19 03:35:04] [CMD] Changes to Outputs:
[2026-01-19 03:35:04] [CMD] [32m+[0m[0m oci_worker_ips       = [
[2026-01-19 03:35:04] [CMD] [32m+[0m[0m (known after apply),
[2026-01-19 03:35:04] [CMD] [32m+[0m[0m (known after apply),
[2026-01-19 03:35:04] [CMD] ]
[2026-01-19 03:35:04] [CMD] [0m[1mmodule.oci_workers.oci_core_instance.vm[0]: Creating...[0m[0m
[2026-01-19 03:35:04] [CMD] [0m[1mmodule.oci_workers.oci_core_instance.vm[1]: Creating...[0m[0m
[2026-01-19 03:35:07] [CMD] [33m╷[0m[0m
[2026-01-19 03:35:07] [CMD] [33m│[0m [0m[1m[33mWarning: [0m[0m[1mValue for undeclared variable[0m
[2026-01-19 03:35:07] [CMD] [33m│[0m [0m
[2026-01-19 03:35:07] [CMD] [33m│[0m [0m[0mThe root module does not declare a variable named "gcp_image" but a value
[2026-01-19 03:35:07] [CMD] [33m│[0m [0mwas found in file "terraform.tfvars". If you meant to use this value, add a
[2026-01-19 03:35:07] [CMD] [33m│[0m [0m"variable" block to the configuration.
[2026-01-19 03:35:07] [CMD] [33m│[0m [0m
[2026-01-19 03:35:07] [CMD] [33m│[0m [0mTo silence these warnings, use TF_VAR_... environment variables to provide
[2026-01-19 03:35:07] [CMD] [33m│[0m [0mcertain "global" settings to all configurations in your organization. To
[2026-01-19 03:35:07] [CMD] [33m│[0m [0mreduce the verbosity of these warnings, use the -compact-warnings option.
[2026-01-19 03:35:07] [CMD] [33m╵[0m[0m
[2026-01-19 03:35:07] [CMD] [31m╷[0m[0m
[2026-01-19 03:35:07] [CMD] [31m│[0m [0m[1m[31mError: [0m[0m[1m500-InternalError, Out of host capacity.
[2026-01-19 03:35:07] [CMD] [31m│[0m [0mSuggestion: The service for this resource encountered an error. Please contact support for help with service: Core Instance
[2026-01-19 03:35:07] [CMD] [31m│[0m [0mDocumentation: https://registry.terraform.io/providers/oracle/oci/latest/docs/resources/core_instance
[2026-01-19 03:35:07] [CMD] [31m│[0m [0mAPI Reference: https://docs.oracle.com/iaas/api/#/en/iaas/20160918/Instance/LaunchInstance
[2026-01-19 03:35:07] [CMD] [31m│[0m [0mRequest Target: POST https://iaas.eu-zurich-1.oraclecloud.com/20160918/instances
[2026-01-19 03:35:07] [CMD] [31m│[0m [0mProvider version: 7.29.0, released on 2025-12-16. This provider is 4 Update(s) behind to current.
[2026-01-19 03:35:07] [CMD] [31m│[0m [0mService: Core Instance
[2026-01-19 03:35:07] [CMD] [31m│[0m [0mOperation Name: LaunchInstance
[2026-01-19 03:35:07] [CMD] [31m│[0m [0mOPC request ID: 35944242ea95dededea7af007e5c4698/F8BBE70E9198EB1B6AA66D695A5248D8/20C93FEEB91D002883EAE7DADDB9FAF3
[2026-01-19 03:35:07] [CMD] [31m│[0m [0m[0m
[2026-01-19 03:35:07] [CMD] [31m│[0m [0m
[2026-01-19 03:35:07] [CMD] [31m│[0m [0m[0m  with module.oci_workers.oci_core_instance.vm[1],
[2026-01-19 03:35:07] [CMD] [31m│[0m [0m  on ../modules/oci-instance/main.tf line 37, in resource "oci_core_instance" "vm":
[2026-01-19 03:35:07] [CMD] [31m│[0m [0m  37: resource "oci_core_instance" "vm" [4m{[0m[0m
[2026-01-19 03:35:07] [CMD] [31m│[0m [0m
[2026-01-19 03:35:07] [CMD] [31m╵[0m[0m
[2026-01-19 03:35:07] [CMD] [31m╷[0m[0m
[2026-01-19 03:35:07] [CMD] [31m│[0m [0m[1m[31mError: [0m[0m[1m500-InternalError, Out of host capacity.
[2026-01-19 03:35:07] [CMD] [31m│[0m [0mSuggestion: The service for this resource encountered an error. Please contact support for help with service: Core Instance
[2026-01-19 03:35:07] [CMD] [31m│[0m [0mDocumentation: https://registry.terraform.io/providers/oracle/oci/latest/docs/resources/core_instance
[2026-01-19 03:35:07] [CMD] [31m│[0m [0mAPI Reference: https://docs.oracle.com/iaas/api/#/en/iaas/20160918/Instance/LaunchInstance
[2026-01-19 03:35:07] [CMD] [31m│[0m [0mRequest Target: POST https://iaas.eu-zurich-1.oraclecloud.com/20160918/instances
[2026-01-19 03:35:07] [CMD] [31m│[0m [0mProvider version: 7.29.0, released on 2025-12-16. This provider is 4 Update(s) behind to current.
[2026-01-19 03:35:07] [CMD] [31m│[0m [0mService: Core Instance
[2026-01-19 03:35:07] [CMD] [31m│[0m [0mOperation Name: LaunchInstance
[2026-01-19 03:35:07] [CMD] [31m│[0m [0mOPC request ID: c418b42df633370e4e92608223eab507/94054A4F04B613E46AA66D695A524881/C91582A26203487DDE029806C6A91614
[2026-01-19 03:35:07] [CMD] [31m│[0m [0m[0m
[2026-01-19 03:35:07] [CMD] [31m│[0m [0m
[2026-01-19 03:35:07] [CMD] [31m│[0m [0m[0m  with module.oci_workers.oci_core_instance.vm[0],
[2026-01-19 03:35:07] [CMD] [31m│[0m [0m  on ../modules/oci-instance/main.tf line 37, in resource "oci_core_instance" "vm":
[2026-01-19 03:35:07] [CMD] [31m│[0m [0m  37: resource "oci_core_instance" "vm" [4m{[0m[0m
[2026-01-19 03:35:07] [CMD] [31m│[0m [0m
[2026-01-19 03:35:07] [CMD] [31m╵[0m[0m
[2026-01-19 03:35:07] Command failed with exit code 1.
[2026-01-19 03:35:07] Task failed. Retrying in 300 seconds...
[2026-01-19 03:40:07] Attempting to run: terraform apply --auto-approve
[2026-01-19 03:40:07] Working Directory: /home/buffalo/Documents/Project/kubernetes-infra/terraform/kls-infra-02
[2026-01-19 03:40:13] [CMD] [0m[1mmodule.oci_controlplane.data.oci_identity_availability_domains.ads: Reading...[0m[0m
[2026-01-19 03:40:13] [CMD] [0m[1mmodule.oci_controlplane.data.oci_core_images.ubuntu_arm: Reading...[0m[0m
[2026-01-19 03:40:13] [CMD] [0m[1mmodule.oci_controlplane.data.oci_core_images.ubuntu_amd: Reading...[0m[0m
[2026-01-19 03:40:13] [CMD] [0m[1mmodule.oci_workers.data.oci_core_images.ubuntu_arm: Reading...[0m[0m
[2026-01-19 03:40:13] [CMD] [0m[1mmodule.oci_workers.data.oci_identity_availability_domains.ads: Reading...[0m[0m
[2026-01-19 03:40:13] [CMD] [0m[1mmodule.oci_workers.data.oci_core_images.ubuntu_amd: Reading...[0m[0m
[2026-01-19 03:40:14] [CMD] [0m[1mmodule.oci_workers.data.oci_identity_availability_domains.ads: Read complete after 2s [id=IdentityAvailabilityDomainsDataSource-2634143273][0m
[2026-01-19 03:40:14] [CMD] [0m[1mmodule.oci_controlplane.data.oci_identity_availability_domains.ads: Read complete after 2s [id=IdentityAvailabilityDomainsDataSource-2634143273][0m
[2026-01-19 03:40:14] [CMD] [0m[1mmodule.oci_workers.data.oci_core_images.ubuntu_amd: Read complete after 2s [id=CoreImagesDataSource-4182059877][0m
[2026-01-19 03:40:14] [CMD] [0m[1mmodule.oci_controlplane.data.oci_core_images.ubuntu_arm: Read complete after 2s [id=CoreImagesDataSource-1596659991][0m
[2026-01-19 03:40:14] [CMD] [0m[1mmodule.gcp_worker.data.google_compute_image.ubuntu: Reading...[0m[0m
[2026-01-19 03:40:14] [CMD] [0m[1mmodule.oci_controlplane.data.oci_core_images.ubuntu_amd: Read complete after 2s [id=CoreImagesDataSource-4182059877][0m
[2026-01-19 03:40:14] [CMD] [0m[1mmodule.aws_worker.data.aws_ami.ubuntu: Reading...[0m[0m
[2026-01-19 03:40:14] [CMD] [0m[1mmodule.oci_workers.data.oci_core_images.ubuntu_arm: Read complete after 2s [id=CoreImagesDataSource-1596659991][0m
[2026-01-19 03:40:16] [CMD] [0m[1mmodule.gcp_worker.data.google_compute_image.ubuntu: Read complete after 2s [id=projects/ubuntu-os-cloud/global/images/ubuntu-2404-noble-amd64-v20260117][0m
[2026-01-19 03:40:16] [CMD] [0m[1mmodule.aws_worker.data.aws_ami.ubuntu: Read complete after 2s [id=ami-01637463b2cbe7cb6][0m
[2026-01-19 03:40:17] [CMD] 
[2026-01-19 03:40:17] [CMD] Terraform used the selected providers to generate the following execution
[2026-01-19 03:40:17] [CMD] plan. Resource actions are indicated with the following symbols:
[2026-01-19 03:40:17] [CMD] [32m+[0m create[0m
[2026-01-19 03:40:17] [CMD] 
[2026-01-19 03:40:17] [CMD] Terraform will perform the following actions:
[2026-01-19 03:40:17] [CMD] 
[2026-01-19 03:40:17] [CMD] [1m  # module.oci_workers.oci_core_instance.vm[0][0m will be created
[2026-01-19 03:40:17] [CMD] [0m  [32m+[0m[0m resource "oci_core_instance" "vm" {
[2026-01-19 03:40:17] [CMD] [32m+[0m[0m availability_domain                 = "Okvh:EU-ZURICH-1-AD-1"
[2026-01-19 03:40:17] [CMD] [32m+[0m[0m boot_volume_id                      = (known after apply)
[2026-01-19 03:40:17] [CMD] [32m+[0m[0m capacity_reservation_id             = (known after apply)
[2026-01-19 03:40:17] [CMD] [32m+[0m[0m compartment_id                      = "ocid1.compartment.oc1..aaaaaaaaqosxqzxlkkoruo6yxntlv2u6653ox7uqc46fhpid6ezj6gi73zzq"
[2026-01-19 03:40:17] [CMD] [32m+[0m[0m compute_cluster_id                  = (known after apply)
[2026-01-19 03:40:17] [CMD] [32m+[0m[0m dedicated_vm_host_id                = (known after apply)
[2026-01-19 03:40:17] [CMD] [32m+[0m[0m defined_tags                        = (known after apply)
[2026-01-19 03:40:17] [CMD] [32m+[0m[0m display_name                        = "oci-kls-worker-201"
[2026-01-19 03:40:17] [CMD] [32m+[0m[0m extended_metadata                   = (known after apply)
[2026-01-19 03:40:17] [CMD] [32m+[0m[0m fault_domain                        = (known after apply)
[2026-01-19 03:40:17] [CMD] [32m+[0m[0m freeform_tags                       = {
[2026-01-19 03:40:17] [CMD] [32m+[0m[0m "Role" = "worker"
[2026-01-19 03:40:17] [CMD] }
[2026-01-19 03:40:17] [CMD] [32m+[0m[0m hostname_label                      = (known after apply)
[2026-01-19 03:40:17] [CMD] [32m+[0m[0m id                                  = (known after apply)
[2026-01-19 03:40:17] [CMD] [32m+[0m[0m image                               = (known after apply)
[2026-01-19 03:40:17] [CMD] [32m+[0m[0m instance_configuration_id           = (known after apply)
[2026-01-19 03:40:17] [CMD] [32m+[0m[0m ipxe_script                         = (known after apply)
[2026-01-19 03:40:17] [CMD] [32m+[0m[0m is_ai_enterprise_enabled            = (known after apply)
[2026-01-19 03:40:17] [CMD] [32m+[0m[0m is_cross_numa_node                  = (known after apply)
[2026-01-19 03:40:17] [CMD] [32m+[0m[0m is_pv_encryption_in_transit_enabled = (known after apply)
[2026-01-19 03:40:17] [CMD] [32m+[0m[0m launch_mode                         = (known after apply)
[2026-01-19 03:40:17] [CMD] [32m+[0m[0m metadata                            = {
[2026-01-19 03:40:17] [CMD] [32m+[0m[0m "ssh_authorized_keys" = <<-EOT
[2026-01-19 03:40:17] [CMD] ssh-rsa AAAAB3NzaC1yc2EAAAADAQABAAABAQDGgVhlH0TFnfQFaCNk5ZHRBYiQgXjS+GiWKUK4iChAdMxHAupZf6kMVTWJZi5tHfsUqYdopwPAmoqpmYc/5AXrkYXyepRHNf/gGSp3Q1BrWH6+jhPBF/2fx65NrUqFTm3muuD3aPvepWA4oobcrT9FJN7HPZQ6N+N32GpM3IY5pbDhlTOkAwR6HLEFXdem8hJ7/GlV5Aw8qiQxhOsqLScN5deJlLsncsQfdSxEFhgrWrNOvAZaItk2q/jzq6I+zQE6WS8pGYu0vRA5hHNXxVdh+PnMavmA2rTzh4g+ATfAqjeA2gYlfQH5Nz9HhzXQGciQDZpUlsjGWWX0OcQ7+1tB buffalo@buffalo-IdeaPad-1
[2026-01-19 03:40:17] [CMD] EOT
[2026-01-19 03:40:17] [CMD] }
[2026-01-19 03:40:17] [CMD] [32m+[0m[0m private_ip                          = (known after apply)
[2026-01-19 03:40:17] [CMD] [32m+[0m[0m public_ip                           = (known after apply)
[2026-01-19 03:40:17] [CMD] [32m+[0m[0m region                              = (known after apply)
[2026-01-19 03:40:17] [CMD] [32m+[0m[0m security_attributes                 = (known after apply)
[2026-01-19 03:40:17] [CMD] [32m+[0m[0m security_attributes_state           = (known after apply)
[2026-01-19 03:40:17] [CMD] [32m+[0m[0m shape                               = "VM.Standard.A1.Flex"
[2026-01-19 03:40:17] [CMD] [32m+[0m[0m state                               = (known after apply)
[2026-01-19 03:40:17] [CMD] [32m+[0m[0m subnet_id                           = (known after apply)
[2026-01-19 03:40:17] [CMD] [32m+[0m[0m system_tags                         = (known after apply)
[2026-01-19 03:40:17] [CMD] [32m+[0m[0m time_created                        = (known after apply)
[2026-01-19 03:40:17] [CMD] [32m+[0m[0m time_maintenance_reboot_due         = (known after apply)
[2026-01-19 03:40:17] [CMD] 
[2026-01-19 03:40:17] [CMD] [32m+[0m[0m agent_config (known after apply)
[2026-01-19 03:40:17] [CMD] 
[2026-01-19 03:40:17] [CMD] [32m+[0m[0m availability_config (known after apply)
[2026-01-19 03:40:17] [CMD] 
[2026-01-19 03:40:17] [CMD] [32m+[0m[0m create_vnic_details {
[2026-01-19 03:40:17] [CMD] [32m+[0m[0m assign_ipv6ip          = (known after apply)
[2026-01-19 03:40:17] [CMD] [32m+[0m[0m assign_public_ip       = "true"
[2026-01-19 03:40:17] [CMD] [32m+[0m[0m defined_tags           = (known after apply)
[2026-01-19 03:40:17] [CMD] [32m+[0m[0m display_name           = (known after apply)
[2026-01-19 03:40:17] [CMD] [32m+[0m[0m freeform_tags          = (known after apply)
[2026-01-19 03:40:17] [CMD] [32m+[0m[0m hostname_label         = (known after apply)
[2026-01-19 03:40:17] [CMD] [32m+[0m[0m nsg_ids                = (known after apply)
[2026-01-19 03:40:17] [CMD] [32m+[0m[0m private_ip             = (known after apply)
[2026-01-19 03:40:17] [CMD] [32m+[0m[0m security_attributes    = (known after apply)
[2026-01-19 03:40:17] [CMD] [32m+[0m[0m skip_source_dest_check = (known after apply)
[2026-01-19 03:40:17] [CMD] [32m+[0m[0m subnet_cidr            = (known after apply)
[2026-01-19 03:40:17] [CMD] [32m+[0m[0m subnet_id              = "ocid1.subnet.oc1.eu-zurich-1.aaaaaaaaptp3u3on7sblkoxaxhcdb25kke42i7u3j3gqgynzhl3672i3fqwa"
[2026-01-19 03:40:17] [CMD] [32m+[0m[0m vlan_id                = (known after apply)
[2026-01-19 03:40:17] [CMD] 
[2026-01-19 03:40:17] [CMD] [32m+[0m[0m ipv6address_ipv6subnet_cidr_pair_details (known after apply)
[2026-01-19 03:40:17] [CMD] }
[2026-01-19 03:40:17] [CMD] 
[2026-01-19 03:40:17] [CMD] [32m+[0m[0m instance_options (known after apply)
[2026-01-19 03:40:17] [CMD] 
[2026-01-19 03:40:17] [CMD] [32m+[0m[0m launch_options (known after apply)
[2026-01-19 03:40:17] [CMD] 
[2026-01-19 03:40:17] [CMD] [32m+[0m[0m launch_volume_attachments (known after apply)
[2026-01-19 03:40:17] [CMD] 
[2026-01-19 03:40:17] [CMD] [32m+[0m[0m licensing_configs (known after apply)
[2026-01-19 03:40:17] [CMD] 
[2026-01-19 03:40:17] [CMD] [32m+[0m[0m placement_constraint_details (known after apply)
[2026-01-19 03:40:17] [CMD] 
[2026-01-19 03:40:17] [CMD] [32m+[0m[0m platform_config (known after apply)
[2026-01-19 03:40:17] [CMD] 
[2026-01-19 03:40:17] [CMD] [32m+[0m[0m preemptible_instance_config (known after apply)
[2026-01-19 03:40:17] [CMD] 
[2026-01-19 03:40:17] [CMD] [32m+[0m[0m shape_config {
[2026-01-19 03:40:17] [CMD] [32m+[0m[0m baseline_ocpu_utilization     = (known after apply)
[2026-01-19 03:40:17] [CMD] [32m+[0m[0m gpu_description               = (known after apply)
[2026-01-19 03:40:17] [CMD] [32m+[0m[0m gpus                          = (known after apply)
[2026-01-19 03:40:17] [CMD] [32m+[0m[0m local_disk_description        = (known after apply)
[2026-01-19 03:40:17] [CMD] [32m+[0m[0m local_disks                   = (known after apply)
[2026-01-19 03:40:17] [CMD] [32m+[0m[0m local_disks_total_size_in_gbs = (known after apply)
[2026-01-19 03:40:17] [CMD] [32m+[0m[0m max_vnic_attachments          = (known after apply)
[2026-01-19 03:40:17] [CMD] [32m+[0m[0m memory_in_gbs                 = 12
[2026-01-19 03:40:17] [CMD] [32m+[0m[0m networking_bandwidth_in_gbps  = (known after apply)
[2026-01-19 03:40:17] [CMD] [32m+[0m[0m nvmes                         = (known after apply)
[2026-01-19 03:40:17] [CMD] [32m+[0m[0m ocpus                         = 2
[2026-01-19 03:40:17] [CMD] [32m+[0m[0m processor_description         = (known after apply)
[2026-01-19 03:40:17] [CMD] [32m+[0m[0m resource_management           = (known after apply)
[2026-01-19 03:40:17] [CMD] [32m+[0m[0m vcpus                         = (known after apply)
[2026-01-19 03:40:17] [CMD] }
[2026-01-19 03:40:17] [CMD] 
[2026-01-19 03:40:17] [CMD] [32m+[0m[0m source_details {
[2026-01-19 03:40:17] [CMD] [32m+[0m[0m boot_volume_size_in_gbs = "100"
[2026-01-19 03:40:17] [CMD] [32m+[0m[0m boot_volume_vpus_per_gb = (known after apply)
[2026-01-19 03:40:17] [CMD] [32m+[0m[0m source_id               = "ocid1.image.oc1.eu-zurich-1.aaaaaaaaeiej3u3vj6qwpezhuzfvttqizv5hs424weni5dffwryitayitiia"
[2026-01-19 03:40:17] [CMD] [32m+[0m[0m source_type             = "image"
[2026-01-19 03:40:17] [CMD] 
[2026-01-19 03:40:17] [CMD] [32m+[0m[0m instance_source_image_filter_details (known after apply)
[2026-01-19 03:40:17] [CMD] }
[2026-01-19 03:40:17] [CMD] }
[2026-01-19 03:40:17] [CMD] 
[2026-01-19 03:40:17] [CMD] [1m  # module.oci_workers.oci_core_instance.vm[1][0m will be created
[2026-01-19 03:40:17] [CMD] [0m  [32m+[0m[0m resource "oci_core_instance" "vm" {
[2026-01-19 03:40:17] [CMD] [32m+[0m[0m availability_domain                 = "Okvh:EU-ZURICH-1-AD-1"
[2026-01-19 03:40:17] [CMD] [32m+[0m[0m boot_volume_id                      = (known after apply)
[2026-01-19 03:40:17] [CMD] [32m+[0m[0m capacity_reservation_id             = (known after apply)
[2026-01-19 03:40:17] [CMD] [32m+[0m[0m compartment_id                      = "ocid1.compartment.oc1..aaaaaaaaqosxqzxlkkoruo6yxntlv2u6653ox7uqc46fhpid6ezj6gi73zzq"
[2026-01-19 03:40:17] [CMD] [32m+[0m[0m compute_cluster_id                  = (known after apply)
[2026-01-19 03:40:17] [CMD] [32m+[0m[0m dedicated_vm_host_id                = (known after apply)
[2026-01-19 03:40:17] [CMD] [32m+[0m[0m defined_tags                        = (known after apply)
[2026-01-19 03:40:17] [CMD] [32m+[0m[0m display_name                        = "oci-kls-worker-202"
[2026-01-19 03:40:17] [CMD] [32m+[0m[0m extended_metadata                   = (known after apply)
[2026-01-19 03:40:17] [CMD] [32m+[0m[0m fault_domain                        = (known after apply)
[2026-01-19 03:40:17] [CMD] [32m+[0m[0m freeform_tags                       = {
[2026-01-19 03:40:17] [CMD] [32m+[0m[0m "Role" = "worker"
[2026-01-19 03:40:17] [CMD] }
[2026-01-19 03:40:17] [CMD] [32m+[0m[0m hostname_label                      = (known after apply)
[2026-01-19 03:40:17] [CMD] [32m+[0m[0m id                                  = (known after apply)
[2026-01-19 03:40:17] [CMD] [32m+[0m[0m image                               = (known after apply)
[2026-01-19 03:40:17] [CMD] [32m+[0m[0m instance_configuration_id           = (known after apply)
[2026-01-19 03:40:17] [CMD] [32m+[0m[0m ipxe_script                         = (known after apply)
[2026-01-19 03:40:17] [CMD] [32m+[0m[0m is_ai_enterprise_enabled            = (known after apply)
[2026-01-19 03:40:17] [CMD] [32m+[0m[0m is_cross_numa_node                  = (known after apply)
[2026-01-19 03:40:17] [CMD] [32m+[0m[0m is_pv_encryption_in_transit_enabled = (known after apply)
[2026-01-19 03:40:17] [CMD] [32m+[0m[0m launch_mode                         = (known after apply)
[2026-01-19 03:40:17] [CMD] [32m+[0m[0m metadata                            = {
[2026-01-19 03:40:17] [CMD] [32m+[0m[0m "ssh_authorized_keys" = <<-EOT
[2026-01-19 03:40:17] [CMD] ssh-rsa AAAAB3NzaC1yc2EAAAADAQABAAABAQDGgVhlH0TFnfQFaCNk5ZHRBYiQgXjS+GiWKUK4iChAdMxHAupZf6kMVTWJZi5tHfsUqYdopwPAmoqpmYc/5AXrkYXyepRHNf/gGSp3Q1BrWH6+jhPBF/2fx65NrUqFTm3muuD3aPvepWA4oobcrT9FJN7HPZQ6N+N32GpM3IY5pbDhlTOkAwR6HLEFXdem8hJ7/GlV5Aw8qiQxhOsqLScN5deJlLsncsQfdSxEFhgrWrNOvAZaItk2q/jzq6I+zQE6WS8pGYu0vRA5hHNXxVdh+PnMavmA2rTzh4g+ATfAqjeA2gYlfQH5Nz9HhzXQGciQDZpUlsjGWWX0OcQ7+1tB buffalo@buffalo-IdeaPad-1
[2026-01-19 03:40:17] [CMD] EOT
[2026-01-19 03:40:17] [CMD] }
[2026-01-19 03:40:17] [CMD] [32m+[0m[0m private_ip                          = (known after apply)
[2026-01-19 03:40:17] [CMD] [32m+[0m[0m public_ip                           = (known after apply)
[2026-01-19 03:40:17] [CMD] [32m+[0m[0m region                              = (known after apply)
[2026-01-19 03:40:17] [CMD] [32m+[0m[0m security_attributes                 = (known after apply)
[2026-01-19 03:40:17] [CMD] [32m+[0m[0m security_attributes_state           = (known after apply)
[2026-01-19 03:40:17] [CMD] [32m+[0m[0m shape                               = "VM.Standard.A1.Flex"
[2026-01-19 03:40:17] [CMD] [32m+[0m[0m state                               = (known after apply)
[2026-01-19 03:40:17] [CMD] [32m+[0m[0m subnet_id                           = (known after apply)
[2026-01-19 03:40:17] [CMD] [32m+[0m[0m system_tags                         = (known after apply)
[2026-01-19 03:40:17] [CMD] [32m+[0m[0m time_created                        = (known after apply)
[2026-01-19 03:40:17] [CMD] [32m+[0m[0m time_maintenance_reboot_due         = (known after apply)
[2026-01-19 03:40:17] [CMD] 
[2026-01-19 03:40:17] [CMD] [32m+[0m[0m agent_config (known after apply)
[2026-01-19 03:40:17] [CMD] 
[2026-01-19 03:40:17] [CMD] [32m+[0m[0m availability_config (known after apply)
[2026-01-19 03:40:17] [CMD] 
[2026-01-19 03:40:17] [CMD] [32m+[0m[0m create_vnic_details {
[2026-01-19 03:40:17] [CMD] [32m+[0m[0m assign_ipv6ip          = (known after apply)
[2026-01-19 03:40:17] [CMD] [32m+[0m[0m assign_public_ip       = "true"
[2026-01-19 03:40:17] [CMD] [32m+[0m[0m defined_tags           = (known after apply)
[2026-01-19 03:40:17] [CMD] [32m+[0m[0m display_name           = (known after apply)
[2026-01-19 03:40:17] [CMD] [32m+[0m[0m freeform_tags          = (known after apply)
[2026-01-19 03:40:17] [CMD] [32m+[0m[0m hostname_label         = (known after apply)
[2026-01-19 03:40:17] [CMD] [32m+[0m[0m nsg_ids                = (known after apply)
[2026-01-19 03:40:17] [CMD] [32m+[0m[0m private_ip             = (known after apply)
[2026-01-19 03:40:17] [CMD] [32m+[0m[0m security_attributes    = (known after apply)
[2026-01-19 03:40:17] [CMD] [32m+[0m[0m skip_source_dest_check = (known after apply)
[2026-01-19 03:40:17] [CMD] [32m+[0m[0m subnet_cidr            = (known after apply)
[2026-01-19 03:40:17] [CMD] [32m+[0m[0m subnet_id              = "ocid1.subnet.oc1.eu-zurich-1.aaaaaaaaptp3u3on7sblkoxaxhcdb25kke42i7u3j3gqgynzhl3672i3fqwa"
[2026-01-19 03:40:17] [CMD] [32m+[0m[0m vlan_id                = (known after apply)
[2026-01-19 03:40:17] [CMD] 
[2026-01-19 03:40:17] [CMD] [32m+[0m[0m ipv6address_ipv6subnet_cidr_pair_details (known after apply)
[2026-01-19 03:40:17] [CMD] }
[2026-01-19 03:40:17] [CMD] 
[2026-01-19 03:40:17] [CMD] [32m+[0m[0m instance_options (known after apply)
[2026-01-19 03:40:17] [CMD] 
[2026-01-19 03:40:17] [CMD] [32m+[0m[0m launch_options (known after apply)
[2026-01-19 03:40:17] [CMD] 
[2026-01-19 03:40:17] [CMD] [32m+[0m[0m launch_volume_attachments (known after apply)
[2026-01-19 03:40:17] [CMD] 
[2026-01-19 03:40:17] [CMD] [32m+[0m[0m licensing_configs (known after apply)
[2026-01-19 03:40:17] [CMD] 
[2026-01-19 03:40:17] [CMD] [32m+[0m[0m placement_constraint_details (known after apply)
[2026-01-19 03:40:17] [CMD] 
[2026-01-19 03:40:17] [CMD] [32m+[0m[0m platform_config (known after apply)
[2026-01-19 03:40:17] [CMD] 
[2026-01-19 03:40:17] [CMD] [32m+[0m[0m preemptible_instance_config (known after apply)
[2026-01-19 03:40:17] [CMD] 
[2026-01-19 03:40:17] [CMD] [32m+[0m[0m shape_config {
[2026-01-19 03:40:17] [CMD] [32m+[0m[0m baseline_ocpu_utilization     = (known after apply)
[2026-01-19 03:40:17] [CMD] [32m+[0m[0m gpu_description               = (known after apply)
[2026-01-19 03:40:17] [CMD] [32m+[0m[0m gpus                          = (known after apply)
[2026-01-19 03:40:17] [CMD] [32m+[0m[0m local_disk_description        = (known after apply)
[2026-01-19 03:40:17] [CMD] [32m+[0m[0m local_disks                   = (known after apply)
[2026-01-19 03:40:17] [CMD] [32m+[0m[0m local_disks_total_size_in_gbs = (known after apply)
[2026-01-19 03:40:17] [CMD] [32m+[0m[0m max_vnic_attachments          = (known after apply)
[2026-01-19 03:40:17] [CMD] [32m+[0m[0m memory_in_gbs                 = 12
[2026-01-19 03:40:17] [CMD] [32m+[0m[0m networking_bandwidth_in_gbps  = (known after apply)
[2026-01-19 03:40:17] [CMD] [32m+[0m[0m nvmes                         = (known after apply)
[2026-01-19 03:40:17] [CMD] [32m+[0m[0m ocpus                         = 2
[2026-01-19 03:40:17] [CMD] [32m+[0m[0m processor_description         = (known after apply)
[2026-01-19 03:40:17] [CMD] [32m+[0m[0m resource_management           = (known after apply)
[2026-01-19 03:40:17] [CMD] [32m+[0m[0m vcpus                         = (known after apply)
[2026-01-19 03:40:17] [CMD] }
[2026-01-19 03:40:17] [CMD] 
[2026-01-19 03:40:17] [CMD] [32m+[0m[0m source_details {
[2026-01-19 03:40:17] [CMD] [32m+[0m[0m boot_volume_size_in_gbs = "100"
[2026-01-19 03:40:17] [CMD] [32m+[0m[0m boot_volume_vpus_per_gb = (known after apply)
[2026-01-19 03:40:17] [CMD] [32m+[0m[0m source_id               = "ocid1.image.oc1.eu-zurich-1.aaaaaaaaeiej3u3vj6qwpezhuzfvttqizv5hs424weni5dffwryitayitiia"
[2026-01-19 03:40:17] [CMD] [32m+[0m[0m source_type             = "image"
[2026-01-19 03:40:17] [CMD] 
[2026-01-19 03:40:17] [CMD] [32m+[0m[0m instance_source_image_filter_details (known after apply)
[2026-01-19 03:40:17] [CMD] }
[2026-01-19 03:40:17] [CMD] }
[2026-01-19 03:40:17] [CMD] 
[2026-01-19 03:40:17] [CMD] [1mPlan:[0m [0m2 to add, 0 to change, 0 to destroy.
[2026-01-19 03:40:17] [CMD] 
[2026-01-19 03:40:17] [CMD] Changes to Outputs:
[2026-01-19 03:40:17] [CMD] [32m+[0m[0m oci_worker_ips       = [
[2026-01-19 03:40:17] [CMD] [32m+[0m[0m (known after apply),
[2026-01-19 03:40:17] [CMD] [32m+[0m[0m (known after apply),
[2026-01-19 03:40:17] [CMD] ]
[2026-01-19 03:40:18] [CMD] [0m[1mmodule.oci_workers.oci_core_instance.vm[1]: Creating...[0m[0m
[2026-01-19 03:40:18] [CMD] [0m[1mmodule.oci_workers.oci_core_instance.vm[0]: Creating...[0m[0m
[2026-01-19 03:40:20] [CMD] [33m╷[0m[0m
[2026-01-19 03:40:20] [CMD] [33m│[0m [0m[1m[33mWarning: [0m[0m[1mValue for undeclared variable[0m
[2026-01-19 03:40:20] [CMD] [33m│[0m [0m
[2026-01-19 03:40:20] [CMD] [33m│[0m [0m[0mThe root module does not declare a variable named "gcp_image" but a value
[2026-01-19 03:40:20] [CMD] [33m│[0m [0mwas found in file "terraform.tfvars". If you meant to use this value, add a
[2026-01-19 03:40:20] [CMD] [33m│[0m [0m"variable" block to the configuration.
[2026-01-19 03:40:20] [CMD] [33m│[0m [0m
[2026-01-19 03:40:20] [CMD] [33m│[0m [0mTo silence these warnings, use TF_VAR_... environment variables to provide
[2026-01-19 03:40:20] [CMD] [33m│[0m [0mcertain "global" settings to all configurations in your organization. To
[2026-01-19 03:40:20] [CMD] [33m│[0m [0mreduce the verbosity of these warnings, use the -compact-warnings option.
[2026-01-19 03:40:20] [CMD] [33m╵[0m[0m
[2026-01-19 03:40:20] [CMD] [31m╷[0m[0m
[2026-01-19 03:40:20] [CMD] [31m│[0m [0m[1m[31mError: [0m[0m[1m500-InternalError, Out of host capacity.
[2026-01-19 03:40:20] [CMD] [31m│[0m [0mSuggestion: The service for this resource encountered an error. Please contact support for help with service: Core Instance
[2026-01-19 03:40:20] [CMD] [31m│[0m [0mDocumentation: https://registry.terraform.io/providers/oracle/oci/latest/docs/resources/core_instance
[2026-01-19 03:40:20] [CMD] [31m│[0m [0mAPI Reference: https://docs.oracle.com/iaas/api/#/en/iaas/20160918/Instance/LaunchInstance
[2026-01-19 03:40:20] [CMD] [31m│[0m [0mRequest Target: POST https://iaas.eu-zurich-1.oraclecloud.com/20160918/instances
[2026-01-19 03:40:20] [CMD] [31m│[0m [0mProvider version: 7.29.0, released on 2025-12-16. This provider is 4 Update(s) behind to current.
[2026-01-19 03:40:20] [CMD] [31m│[0m [0mService: Core Instance
[2026-01-19 03:40:20] [CMD] [31m│[0m [0mOperation Name: LaunchInstance
[2026-01-19 03:40:20] [CMD] [31m│[0m [0mOPC request ID: bf0bec5159548804e4d1a855690d95a9/497A3EB68C45DF57A3A76D695A524829/5C481CD9E9FDF9931661DED3923CE99F
[2026-01-19 03:40:20] [CMD] [31m│[0m [0m[0m
[2026-01-19 03:40:20] [CMD] [31m│[0m [0m
[2026-01-19 03:40:20] [CMD] [31m│[0m [0m[0m  with module.oci_workers.oci_core_instance.vm[1],
[2026-01-19 03:40:20] [CMD] [31m│[0m [0m  on ../modules/oci-instance/main.tf line 37, in resource "oci_core_instance" "vm":
[2026-01-19 03:40:20] [CMD] [31m│[0m [0m  37: resource "oci_core_instance" "vm" [4m{[0m[0m
[2026-01-19 03:40:20] [CMD] [31m│[0m [0m
[2026-01-19 03:40:20] [CMD] [31m╵[0m[0m
[2026-01-19 03:40:20] [CMD] [31m╷[0m[0m
[2026-01-19 03:40:20] [CMD] [31m│[0m [0m[1m[31mError: [0m[0m[1m500-InternalError, Out of host capacity.
[2026-01-19 03:40:20] [CMD] [31m│[0m [0mSuggestion: The service for this resource encountered an error. Please contact support for help with service: Core Instance
[2026-01-19 03:40:20] [CMD] [31m│[0m [0mDocumentation: https://registry.terraform.io/providers/oracle/oci/latest/docs/resources/core_instance
[2026-01-19 03:40:20] [CMD] [31m│[0m [0mAPI Reference: https://docs.oracle.com/iaas/api/#/en/iaas/20160918/Instance/LaunchInstance
[2026-01-19 03:40:20] [CMD] [31m│[0m [0mRequest Target: POST https://iaas.eu-zurich-1.oraclecloud.com/20160918/instances
[2026-01-19 03:40:20] [CMD] [31m│[0m [0mProvider version: 7.29.0, released on 2025-12-16. This provider is 4 Update(s) behind to current.
[2026-01-19 03:40:20] [CMD] [31m│[0m [0mService: Core Instance
[2026-01-19 03:40:20] [CMD] [31m│[0m [0mOperation Name: LaunchInstance
[2026-01-19 03:40:20] [CMD] [31m│[0m [0mOPC request ID: 80aad544ecd29daa4374712a61bb38c5/9E399A1A8CF43700A3A76D695A524869/DB6A61AE82CD402DBD5E5DFC98DCD0E7
[2026-01-19 03:40:20] [CMD] [31m│[0m [0m[0m
[2026-01-19 03:40:20] [CMD] [31m│[0m [0m
[2026-01-19 03:40:20] [CMD] [31m│[0m [0m[0m  with module.oci_workers.oci_core_instance.vm[0],
[2026-01-19 03:40:20] [CMD] [31m│[0m [0m  on ../modules/oci-instance/main.tf line 37, in resource "oci_core_instance" "vm":
[2026-01-19 03:40:20] [CMD] [31m│[0m [0m  37: resource "oci_core_instance" "vm" [4m{[0m[0m
[2026-01-19 03:40:20] [CMD] [31m│[0m [0m
[2026-01-19 03:40:20] [CMD] [31m╵[0m[0m
[2026-01-19 03:40:20] Command failed with exit code 1.
[2026-01-19 03:40:20] Task failed. Retrying in 300 seconds...
[2026-01-19 03:45:20] Attempting to run: terraform apply --auto-approve
[2026-01-19 03:45:20] Working Directory: /home/buffalo/Documents/Project/kubernetes-infra/terraform/kls-infra-02
[2026-01-19 03:45:25] [CMD] [0m[1mmodule.oci_controlplane.data.oci_core_images.ubuntu_arm: Reading...[0m[0m
[2026-01-19 03:45:25] [CMD] [0m[1mmodule.oci_workers.data.oci_core_images.ubuntu_amd: Reading...[0m[0m
[2026-01-19 03:45:25] [CMD] [0m[1mmodule.oci_workers.data.oci_core_images.ubuntu_arm: Reading...[0m[0m
[2026-01-19 03:45:25] [CMD] [0m[1mmodule.oci_workers.data.oci_identity_availability_domains.ads: Reading...[0m[0m
[2026-01-19 03:45:25] [CMD] [0m[1mmodule.oci_controlplane.data.oci_core_images.ubuntu_amd: Reading...[0m[0m
[2026-01-19 03:45:25] [CMD] [0m[1mmodule.oci_controlplane.data.oci_identity_availability_domains.ads: Reading...[0m[0m
[2026-01-19 03:45:27] [CMD] [0m[1mmodule.oci_workers.data.oci_core_images.ubuntu_amd: Read complete after 1s [id=CoreImagesDataSource-4182059877][0m
[2026-01-19 03:45:27] [CMD] [0m[1mmodule.oci_workers.data.oci_core_images.ubuntu_arm: Read complete after 1s [id=CoreImagesDataSource-1596659991][0m
[2026-01-19 03:45:27] [CMD] [0m[1mmodule.oci_workers.data.oci_identity_availability_domains.ads: Read complete after 1s [id=IdentityAvailabilityDomainsDataSource-2634143273][0m
[2026-01-19 03:45:27] [CMD] [0m[1mmodule.oci_controlplane.data.oci_identity_availability_domains.ads: Read complete after 1s [id=IdentityAvailabilityDomainsDataSource-2634143273][0m
[2026-01-19 03:45:27] [CMD] [0m[1mmodule.oci_controlplane.data.oci_core_images.ubuntu_arm: Read complete after 1s [id=CoreImagesDataSource-1596659991][0m
[2026-01-19 03:45:27] [CMD] [0m[1mmodule.oci_controlplane.data.oci_core_images.ubuntu_amd: Read complete after 1s [id=CoreImagesDataSource-4182059877][0m
[2026-01-19 03:45:27] [CMD] [0m[1mmodule.gcp_worker.data.google_compute_image.ubuntu: Reading...[0m[0m
[2026-01-19 03:45:27] [CMD] [0m[1mmodule.aws_worker.data.aws_ami.ubuntu: Reading...[0m[0m
[2026-01-19 03:45:28] [CMD] [0m[1mmodule.gcp_worker.data.google_compute_image.ubuntu: Read complete after 2s [id=projects/ubuntu-os-cloud/global/images/ubuntu-2404-noble-amd64-v20260117][0m
[2026-01-19 03:45:28] [CMD] [0m[1mmodule.aws_worker.data.aws_ami.ubuntu: Read complete after 2s [id=ami-01637463b2cbe7cb6][0m
[2026-01-19 03:45:29] [CMD] 
[2026-01-19 03:45:29] [CMD] Terraform used the selected providers to generate the following execution
[2026-01-19 03:45:29] [CMD] plan. Resource actions are indicated with the following symbols:
[2026-01-19 03:45:29] [CMD] [32m+[0m create[0m
[2026-01-19 03:45:29] [CMD] 
[2026-01-19 03:45:29] [CMD] Terraform will perform the following actions:
[2026-01-19 03:45:29] [CMD] 
[2026-01-19 03:45:29] [CMD] [1m  # module.oci_workers.oci_core_instance.vm[0][0m will be created
[2026-01-19 03:45:29] [CMD] [0m  [32m+[0m[0m resource "oci_core_instance" "vm" {
[2026-01-19 03:45:29] [CMD] [32m+[0m[0m availability_domain                 = "Okvh:EU-ZURICH-1-AD-1"
[2026-01-19 03:45:29] [CMD] [32m+[0m[0m boot_volume_id                      = (known after apply)
[2026-01-19 03:45:29] [CMD] [32m+[0m[0m capacity_reservation_id             = (known after apply)
[2026-01-19 03:45:29] [CMD] [32m+[0m[0m compartment_id                      = "ocid1.compartment.oc1..aaaaaaaaqosxqzxlkkoruo6yxntlv2u6653ox7uqc46fhpid6ezj6gi73zzq"
[2026-01-19 03:45:29] [CMD] [32m+[0m[0m compute_cluster_id                  = (known after apply)
[2026-01-19 03:45:29] [CMD] [32m+[0m[0m dedicated_vm_host_id                = (known after apply)
[2026-01-19 03:45:29] [CMD] [32m+[0m[0m defined_tags                        = (known after apply)
[2026-01-19 03:45:29] [CMD] [32m+[0m[0m display_name                        = "oci-kls-worker-201"
[2026-01-19 03:45:29] [CMD] [32m+[0m[0m extended_metadata                   = (known after apply)
[2026-01-19 03:45:29] [CMD] [32m+[0m[0m fault_domain                        = (known after apply)
[2026-01-19 03:45:29] [CMD] [32m+[0m[0m freeform_tags                       = {
[2026-01-19 03:45:29] [CMD] [32m+[0m[0m "Role" = "worker"
[2026-01-19 03:45:29] [CMD] }
[2026-01-19 03:45:29] [CMD] [32m+[0m[0m hostname_label                      = (known after apply)
[2026-01-19 03:45:29] [CMD] [32m+[0m[0m id                                  = (known after apply)
[2026-01-19 03:45:29] [CMD] [32m+[0m[0m image                               = (known after apply)
[2026-01-19 03:45:29] [CMD] [32m+[0m[0m instance_configuration_id           = (known after apply)
[2026-01-19 03:45:29] [CMD] [32m+[0m[0m ipxe_script                         = (known after apply)
[2026-01-19 03:45:29] [CMD] [32m+[0m[0m is_ai_enterprise_enabled            = (known after apply)
[2026-01-19 03:45:29] [CMD] [32m+[0m[0m is_cross_numa_node                  = (known after apply)
[2026-01-19 03:45:29] [CMD] [32m+[0m[0m is_pv_encryption_in_transit_enabled = (known after apply)
[2026-01-19 03:45:29] [CMD] [32m+[0m[0m launch_mode                         = (known after apply)
[2026-01-19 03:45:29] [CMD] [32m+[0m[0m metadata                            = {
[2026-01-19 03:45:29] [CMD] [32m+[0m[0m "ssh_authorized_keys" = <<-EOT
[2026-01-19 03:45:29] [CMD] ssh-rsa AAAAB3NzaC1yc2EAAAADAQABAAABAQDGgVhlH0TFnfQFaCNk5ZHRBYiQgXjS+GiWKUK4iChAdMxHAupZf6kMVTWJZi5tHfsUqYdopwPAmoqpmYc/5AXrkYXyepRHNf/gGSp3Q1BrWH6+jhPBF/2fx65NrUqFTm3muuD3aPvepWA4oobcrT9FJN7HPZQ6N+N32GpM3IY5pbDhlTOkAwR6HLEFXdem8hJ7/GlV5Aw8qiQxhOsqLScN5deJlLsncsQfdSxEFhgrWrNOvAZaItk2q/jzq6I+zQE6WS8pGYu0vRA5hHNXxVdh+PnMavmA2rTzh4g+ATfAqjeA2gYlfQH5Nz9HhzXQGciQDZpUlsjGWWX0OcQ7+1tB buffalo@buffalo-IdeaPad-1
[2026-01-19 03:45:29] [CMD] EOT
[2026-01-19 03:45:29] [CMD] }
[2026-01-19 03:45:29] [CMD] [32m+[0m[0m private_ip                          = (known after apply)
[2026-01-19 03:45:29] [CMD] [32m+[0m[0m public_ip                           = (known after apply)
[2026-01-19 03:45:29] [CMD] [32m+[0m[0m region                              = (known after apply)
[2026-01-19 03:45:29] [CMD] [32m+[0m[0m security_attributes                 = (known after apply)
[2026-01-19 03:45:29] [CMD] [32m+[0m[0m security_attributes_state           = (known after apply)
[2026-01-19 03:45:29] [CMD] [32m+[0m[0m shape                               = "VM.Standard.A1.Flex"
[2026-01-19 03:45:29] [CMD] [32m+[0m[0m state                               = (known after apply)
[2026-01-19 03:45:29] [CMD] [32m+[0m[0m subnet_id                           = (known after apply)
[2026-01-19 03:45:29] [CMD] [32m+[0m[0m system_tags                         = (known after apply)
[2026-01-19 03:45:29] [CMD] [32m+[0m[0m time_created                        = (known after apply)
[2026-01-19 03:45:29] [CMD] [32m+[0m[0m time_maintenance_reboot_due         = (known after apply)
[2026-01-19 03:45:29] [CMD] 
[2026-01-19 03:45:29] [CMD] [32m+[0m[0m agent_config (known after apply)
[2026-01-19 03:45:29] [CMD] 
[2026-01-19 03:45:29] [CMD] [32m+[0m[0m availability_config (known after apply)
[2026-01-19 03:45:29] [CMD] 
[2026-01-19 03:45:29] [CMD] [32m+[0m[0m create_vnic_details {
[2026-01-19 03:45:29] [CMD] [32m+[0m[0m assign_ipv6ip          = (known after apply)
[2026-01-19 03:45:29] [CMD] [32m+[0m[0m assign_public_ip       = "true"
[2026-01-19 03:45:29] [CMD] [32m+[0m[0m defined_tags           = (known after apply)
[2026-01-19 03:45:29] [CMD] [32m+[0m[0m display_name           = (known after apply)
[2026-01-19 03:45:29] [CMD] [32m+[0m[0m freeform_tags          = (known after apply)
[2026-01-19 03:45:29] [CMD] [32m+[0m[0m hostname_label         = (known after apply)
[2026-01-19 03:45:29] [CMD] [32m+[0m[0m nsg_ids                = (known after apply)
[2026-01-19 03:45:29] [CMD] [32m+[0m[0m private_ip             = (known after apply)
[2026-01-19 03:45:29] [CMD] [32m+[0m[0m security_attributes    = (known after apply)
[2026-01-19 03:45:29] [CMD] [32m+[0m[0m skip_source_dest_check = (known after apply)
[2026-01-19 03:45:29] [CMD] [32m+[0m[0m subnet_cidr            = (known after apply)
[2026-01-19 03:45:29] [CMD] [32m+[0m[0m subnet_id              = "ocid1.subnet.oc1.eu-zurich-1.aaaaaaaaptp3u3on7sblkoxaxhcdb25kke42i7u3j3gqgynzhl3672i3fqwa"
[2026-01-19 03:45:29] [CMD] [32m+[0m[0m vlan_id                = (known after apply)
[2026-01-19 03:45:29] [CMD] 
[2026-01-19 03:45:29] [CMD] [32m+[0m[0m ipv6address_ipv6subnet_cidr_pair_details (known after apply)
[2026-01-19 03:45:29] [CMD] }
[2026-01-19 03:45:29] [CMD] 
[2026-01-19 03:45:29] [CMD] [32m+[0m[0m instance_options (known after apply)
[2026-01-19 03:45:29] [CMD] 
[2026-01-19 03:45:29] [CMD] [32m+[0m[0m launch_options (known after apply)
[2026-01-19 03:45:29] [CMD] 
[2026-01-19 03:45:29] [CMD] [32m+[0m[0m launch_volume_attachments (known after apply)
[2026-01-19 03:45:29] [CMD] 
[2026-01-19 03:45:29] [CMD] [32m+[0m[0m licensing_configs (known after apply)
[2026-01-19 03:45:29] [CMD] 
[2026-01-19 03:45:29] [CMD] [32m+[0m[0m placement_constraint_details (known after apply)
[2026-01-19 03:45:29] [CMD] 
[2026-01-19 03:45:29] [CMD] [32m+[0m[0m platform_config (known after apply)
[2026-01-19 03:45:29] [CMD] 
[2026-01-19 03:45:29] [CMD] [32m+[0m[0m preemptible_instance_config (known after apply)
[2026-01-19 03:45:29] [CMD] 
[2026-01-19 03:45:29] [CMD] [32m+[0m[0m shape_config {
[2026-01-19 03:45:29] [CMD] [32m+[0m[0m baseline_ocpu_utilization     = (known after apply)
[2026-01-19 03:45:29] [CMD] [32m+[0m[0m gpu_description               = (known after apply)
[2026-01-19 03:45:29] [CMD] [32m+[0m[0m gpus                          = (known after apply)
[2026-01-19 03:45:29] [CMD] [32m+[0m[0m local_disk_description        = (known after apply)
[2026-01-19 03:45:29] [CMD] [32m+[0m[0m local_disks                   = (known after apply)
[2026-01-19 03:45:29] [CMD] [32m+[0m[0m local_disks_total_size_in_gbs = (known after apply)
[2026-01-19 03:45:29] [CMD] [32m+[0m[0m max_vnic_attachments          = (known after apply)
[2026-01-19 03:45:29] [CMD] [32m+[0m[0m memory_in_gbs                 = 12
[2026-01-19 03:45:29] [CMD] [32m+[0m[0m networking_bandwidth_in_gbps  = (known after apply)
[2026-01-19 03:45:29] [CMD] [32m+[0m[0m nvmes                         = (known after apply)
[2026-01-19 03:45:29] [CMD] [32m+[0m[0m ocpus                         = 2
[2026-01-19 03:45:29] [CMD] [32m+[0m[0m processor_description         = (known after apply)
[2026-01-19 03:45:29] [CMD] [32m+[0m[0m resource_management           = (known after apply)
[2026-01-19 03:45:29] [CMD] [32m+[0m[0m vcpus                         = (known after apply)
[2026-01-19 03:45:29] [CMD] }
[2026-01-19 03:45:29] [CMD] 
[2026-01-19 03:45:29] [CMD] [32m+[0m[0m source_details {
[2026-01-19 03:45:29] [CMD] [32m+[0m[0m boot_volume_size_in_gbs = "100"
[2026-01-19 03:45:29] [CMD] [32m+[0m[0m boot_volume_vpus_per_gb = (known after apply)
[2026-01-19 03:45:29] [CMD] [32m+[0m[0m source_id               = "ocid1.image.oc1.eu-zurich-1.aaaaaaaaeiej3u3vj6qwpezhuzfvttqizv5hs424weni5dffwryitayitiia"
[2026-01-19 03:45:29] [CMD] [32m+[0m[0m source_type             = "image"
[2026-01-19 03:45:29] [CMD] 
[2026-01-19 03:45:29] [CMD] [32m+[0m[0m instance_source_image_filter_details (known after apply)
[2026-01-19 03:45:29] [CMD] }
[2026-01-19 03:45:29] [CMD] }
[2026-01-19 03:45:29] [CMD] 
[2026-01-19 03:45:29] [CMD] [1m  # module.oci_workers.oci_core_instance.vm[1][0m will be created
[2026-01-19 03:45:29] [CMD] [0m  [32m+[0m[0m resource "oci_core_instance" "vm" {
[2026-01-19 03:45:29] [CMD] [32m+[0m[0m availability_domain                 = "Okvh:EU-ZURICH-1-AD-1"
[2026-01-19 03:45:29] [CMD] [32m+[0m[0m boot_volume_id                      = (known after apply)
[2026-01-19 03:45:29] [CMD] [32m+[0m[0m capacity_reservation_id             = (known after apply)
[2026-01-19 03:45:29] [CMD] [32m+[0m[0m compartment_id                      = "ocid1.compartment.oc1..aaaaaaaaqosxqzxlkkoruo6yxntlv2u6653ox7uqc46fhpid6ezj6gi73zzq"
[2026-01-19 03:45:29] [CMD] [32m+[0m[0m compute_cluster_id                  = (known after apply)
[2026-01-19 03:45:29] [CMD] [32m+[0m[0m dedicated_vm_host_id                = (known after apply)
[2026-01-19 03:45:29] [CMD] [32m+[0m[0m defined_tags                        = (known after apply)
[2026-01-19 03:45:29] [CMD] [32m+[0m[0m display_name                        = "oci-kls-worker-202"
[2026-01-19 03:45:29] [CMD] [32m+[0m[0m extended_metadata                   = (known after apply)
[2026-01-19 03:45:29] [CMD] [32m+[0m[0m fault_domain                        = (known after apply)
[2026-01-19 03:45:29] [CMD] [32m+[0m[0m freeform_tags                       = {
[2026-01-19 03:45:29] [CMD] [32m+[0m[0m "Role" = "worker"
[2026-01-19 03:45:29] [CMD] }
[2026-01-19 03:45:29] [CMD] [32m+[0m[0m hostname_label                      = (known after apply)
[2026-01-19 03:45:29] [CMD] [32m+[0m[0m id                                  = (known after apply)
[2026-01-19 03:45:29] [CMD] [32m+[0m[0m image                               = (known after apply)
[2026-01-19 03:45:29] [CMD] [32m+[0m[0m instance_configuration_id           = (known after apply)
[2026-01-19 03:45:29] [CMD] [32m+[0m[0m ipxe_script                         = (known after apply)
[2026-01-19 03:45:29] [CMD] [32m+[0m[0m is_ai_enterprise_enabled            = (known after apply)
[2026-01-19 03:45:29] [CMD] [32m+[0m[0m is_cross_numa_node                  = (known after apply)
[2026-01-19 03:45:29] [CMD] [32m+[0m[0m is_pv_encryption_in_transit_enabled = (known after apply)
[2026-01-19 03:45:29] [CMD] [32m+[0m[0m launch_mode                         = (known after apply)
[2026-01-19 03:45:29] [CMD] [32m+[0m[0m metadata                            = {
[2026-01-19 03:45:29] [CMD] [32m+[0m[0m "ssh_authorized_keys" = <<-EOT
[2026-01-19 03:45:29] [CMD] ssh-rsa AAAAB3NzaC1yc2EAAAADAQABAAABAQDGgVhlH0TFnfQFaCNk5ZHRBYiQgXjS+GiWKUK4iChAdMxHAupZf6kMVTWJZi5tHfsUqYdopwPAmoqpmYc/5AXrkYXyepRHNf/gGSp3Q1BrWH6+jhPBF/2fx65NrUqFTm3muuD3aPvepWA4oobcrT9FJN7HPZQ6N+N32GpM3IY5pbDhlTOkAwR6HLEFXdem8hJ7/GlV5Aw8qiQxhOsqLScN5deJlLsncsQfdSxEFhgrWrNOvAZaItk2q/jzq6I+zQE6WS8pGYu0vRA5hHNXxVdh+PnMavmA2rTzh4g+ATfAqjeA2gYlfQH5Nz9HhzXQGciQDZpUlsjGWWX0OcQ7+1tB buffalo@buffalo-IdeaPad-1
[2026-01-19 03:45:29] [CMD] EOT
[2026-01-19 03:45:29] [CMD] }
[2026-01-19 03:45:29] [CMD] [32m+[0m[0m private_ip                          = (known after apply)
[2026-01-19 03:45:29] [CMD] [32m+[0m[0m public_ip                           = (known after apply)
[2026-01-19 03:45:29] [CMD] [32m+[0m[0m region                              = (known after apply)
[2026-01-19 03:45:29] [CMD] [32m+[0m[0m security_attributes                 = (known after apply)
[2026-01-19 03:45:29] [CMD] [32m+[0m[0m security_attributes_state           = (known after apply)
[2026-01-19 03:45:29] [CMD] [32m+[0m[0m shape                               = "VM.Standard.A1.Flex"
[2026-01-19 03:45:29] [CMD] [32m+[0m[0m state                               = (known after apply)
[2026-01-19 03:45:29] [CMD] [32m+[0m[0m subnet_id                           = (known after apply)
[2026-01-19 03:45:29] [CMD] [32m+[0m[0m system_tags                         = (known after apply)
[2026-01-19 03:45:29] [CMD] [32m+[0m[0m time_created                        = (known after apply)
[2026-01-19 03:45:29] [CMD] [32m+[0m[0m time_maintenance_reboot_due         = (known after apply)
[2026-01-19 03:45:29] [CMD] 
[2026-01-19 03:45:29] [CMD] [32m+[0m[0m agent_config (known after apply)
[2026-01-19 03:45:29] [CMD] 
[2026-01-19 03:45:29] [CMD] [32m+[0m[0m availability_config (known after apply)
[2026-01-19 03:45:29] [CMD] 
[2026-01-19 03:45:29] [CMD] [32m+[0m[0m create_vnic_details {
[2026-01-19 03:45:29] [CMD] [32m+[0m[0m assign_ipv6ip          = (known after apply)
[2026-01-19 03:45:29] [CMD] [32m+[0m[0m assign_public_ip       = "true"
[2026-01-19 03:45:29] [CMD] [32m+[0m[0m defined_tags           = (known after apply)
[2026-01-19 03:45:29] [CMD] [32m+[0m[0m display_name           = (known after apply)
[2026-01-19 03:45:29] [CMD] [32m+[0m[0m freeform_tags          = (known after apply)
[2026-01-19 03:45:29] [CMD] [32m+[0m[0m hostname_label         = (known after apply)
[2026-01-19 03:45:29] [CMD] [32m+[0m[0m nsg_ids                = (known after apply)
[2026-01-19 03:45:29] [CMD] [32m+[0m[0m private_ip             = (known after apply)
[2026-01-19 03:45:29] [CMD] [32m+[0m[0m security_attributes    = (known after apply)
[2026-01-19 03:45:29] [CMD] [32m+[0m[0m skip_source_dest_check = (known after apply)
[2026-01-19 03:45:29] [CMD] [32m+[0m[0m subnet_cidr            = (known after apply)
[2026-01-19 03:45:29] [CMD] [32m+[0m[0m subnet_id              = "ocid1.subnet.oc1.eu-zurich-1.aaaaaaaaptp3u3on7sblkoxaxhcdb25kke42i7u3j3gqgynzhl3672i3fqwa"
[2026-01-19 03:45:29] [CMD] [32m+[0m[0m vlan_id                = (known after apply)
[2026-01-19 03:45:29] [CMD] 
[2026-01-19 03:45:29] [CMD] [32m+[0m[0m ipv6address_ipv6subnet_cidr_pair_details (known after apply)
[2026-01-19 03:45:29] [CMD] }
[2026-01-19 03:45:29] [CMD] 
[2026-01-19 03:45:29] [CMD] [32m+[0m[0m instance_options (known after apply)
[2026-01-19 03:45:29] [CMD] 
[2026-01-19 03:45:29] [CMD] [32m+[0m[0m launch_options (known after apply)
[2026-01-19 03:45:29] [CMD] 
[2026-01-19 03:45:29] [CMD] [32m+[0m[0m launch_volume_attachments (known after apply)
[2026-01-19 03:45:29] [CMD] 
[2026-01-19 03:45:29] [CMD] [32m+[0m[0m licensing_configs (known after apply)
[2026-01-19 03:45:29] [CMD] 
[2026-01-19 03:45:29] [CMD] [32m+[0m[0m placement_constraint_details (known after apply)
[2026-01-19 03:45:29] [CMD] 
[2026-01-19 03:45:29] [CMD] [32m+[0m[0m platform_config (known after apply)
[2026-01-19 03:45:29] [CMD] 
[2026-01-19 03:45:29] [CMD] [32m+[0m[0m preemptible_instance_config (known after apply)
[2026-01-19 03:45:29] [CMD] 
[2026-01-19 03:45:29] [CMD] [32m+[0m[0m shape_config {
[2026-01-19 03:45:29] [CMD] [32m+[0m[0m baseline_ocpu_utilization     = (known after apply)
[2026-01-19 03:45:29] [CMD] [32m+[0m[0m gpu_description               = (known after apply)
[2026-01-19 03:45:29] [CMD] [32m+[0m[0m gpus                          = (known after apply)
[2026-01-19 03:45:29] [CMD] [32m+[0m[0m local_disk_description        = (known after apply)
[2026-01-19 03:45:29] [CMD] [32m+[0m[0m local_disks                   = (known after apply)
[2026-01-19 03:45:29] [CMD] [32m+[0m[0m local_disks_total_size_in_gbs = (known after apply)
[2026-01-19 03:45:29] [CMD] [32m+[0m[0m max_vnic_attachments          = (known after apply)
[2026-01-19 03:45:29] [CMD] [32m+[0m[0m memory_in_gbs                 = 12
[2026-01-19 03:45:29] [CMD] [32m+[0m[0m networking_bandwidth_in_gbps  = (known after apply)
[2026-01-19 03:45:29] [CMD] [32m+[0m[0m nvmes                         = (known after apply)
[2026-01-19 03:45:29] [CMD] [32m+[0m[0m ocpus                         = 2
[2026-01-19 03:45:29] [CMD] [32m+[0m[0m processor_description         = (known after apply)
[2026-01-19 03:45:29] [CMD] [32m+[0m[0m resource_management           = (known after apply)
[2026-01-19 03:45:29] [CMD] [32m+[0m[0m vcpus                         = (known after apply)
[2026-01-19 03:45:29] [CMD] }
[2026-01-19 03:45:29] [CMD] 
[2026-01-19 03:45:29] [CMD] [32m+[0m[0m source_details {
[2026-01-19 03:45:29] [CMD] [32m+[0m[0m boot_volume_size_in_gbs = "100"
[2026-01-19 03:45:29] [CMD] [32m+[0m[0m boot_volume_vpus_per_gb = (known after apply)
[2026-01-19 03:45:29] [CMD] [32m+[0m[0m source_id               = "ocid1.image.oc1.eu-zurich-1.aaaaaaaaeiej3u3vj6qwpezhuzfvttqizv5hs424weni5dffwryitayitiia"
[2026-01-19 03:45:29] [CMD] [32m+[0m[0m source_type             = "image"
[2026-01-19 03:45:29] [CMD] 
[2026-01-19 03:45:29] [CMD] [32m+[0m[0m instance_source_image_filter_details (known after apply)
[2026-01-19 03:45:29] [CMD] }
[2026-01-19 03:45:29] [CMD] }
[2026-01-19 03:45:29] [CMD] 
[2026-01-19 03:45:29] [CMD] [1mPlan:[0m [0m2 to add, 0 to change, 0 to destroy.
[2026-01-19 03:45:29] [CMD] 
[2026-01-19 03:45:29] [CMD] Changes to Outputs:
[2026-01-19 03:45:29] [CMD] [32m+[0m[0m oci_worker_ips       = [
[2026-01-19 03:45:29] [CMD] [32m+[0m[0m (known after apply),
[2026-01-19 03:45:29] [CMD] [32m+[0m[0m (known after apply),
[2026-01-19 03:45:29] [CMD] ]
[2026-01-19 03:45:30] [CMD] [0m[1mmodule.oci_workers.oci_core_instance.vm[0]: Creating...[0m[0m
[2026-01-19 03:45:30] [CMD] [0m[1mmodule.oci_workers.oci_core_instance.vm[1]: Creating...[0m[0m
[2026-01-19 03:45:35] [CMD] [33m╷[0m[0m
[2026-01-19 03:45:35] [CMD] [33m│[0m [0m[1m[33mWarning: [0m[0m[1mValue for undeclared variable[0m
[2026-01-19 03:45:35] [CMD] [33m│[0m [0m
[2026-01-19 03:45:35] [CMD] [33m│[0m [0m[0mThe root module does not declare a variable named "gcp_image" but a value
[2026-01-19 03:45:35] [CMD] [33m│[0m [0mwas found in file "terraform.tfvars". If you meant to use this value, add a
[2026-01-19 03:45:35] [CMD] [33m│[0m [0m"variable" block to the configuration.
[2026-01-19 03:45:35] [CMD] [33m│[0m [0m
[2026-01-19 03:45:35] [CMD] [33m│[0m [0mTo silence these warnings, use TF_VAR_... environment variables to provide
[2026-01-19 03:45:35] [CMD] [33m│[0m [0mcertain "global" settings to all configurations in your organization. To
[2026-01-19 03:45:35] [CMD] [33m│[0m [0mreduce the verbosity of these warnings, use the -compact-warnings option.
[2026-01-19 03:45:35] [CMD] [33m╵[0m[0m
[2026-01-19 03:45:35] [CMD] [31m╷[0m[0m
[2026-01-19 03:45:35] [CMD] [31m│[0m [0m[1m[31mError: [0m[0m[1m500-InternalError, Out of host capacity.
[2026-01-19 03:45:35] [CMD] [31m│[0m [0mSuggestion: The service for this resource encountered an error. Please contact support for help with service: Core Instance
[2026-01-19 03:45:35] [CMD] [31m│[0m [0mDocumentation: https://registry.terraform.io/providers/oracle/oci/latest/docs/resources/core_instance
[2026-01-19 03:45:35] [CMD] [31m│[0m [0mAPI Reference: https://docs.oracle.com/iaas/api/#/en/iaas/20160918/Instance/LaunchInstance
[2026-01-19 03:45:35] [CMD] [31m│[0m [0mRequest Target: POST https://iaas.eu-zurich-1.oraclecloud.com/20160918/instances
[2026-01-19 03:45:35] [CMD] [31m│[0m [0mProvider version: 7.29.0, released on 2025-12-16. This provider is 4 Update(s) behind to current.
[2026-01-19 03:45:35] [CMD] [31m│[0m [0mService: Core Instance
[2026-01-19 03:45:35] [CMD] [31m│[0m [0mOperation Name: LaunchInstance
[2026-01-19 03:45:35] [CMD] [31m│[0m [0mOPC request ID: 8e74761d9a3f7e678ac5193af792da1a/612FAFB863D66D79DEA86D695A524874/56783D2422BD61451C80D2A43353B416
[2026-01-19 03:45:35] [CMD] [31m│[0m [0m[0m
[2026-01-19 03:45:35] [CMD] [31m│[0m [0m
[2026-01-19 03:45:35] [CMD] [31m│[0m [0m[0m  with module.oci_workers.oci_core_instance.vm[0],
[2026-01-19 03:45:35] [CMD] [31m│[0m [0m  on ../modules/oci-instance/main.tf line 37, in resource "oci_core_instance" "vm":
[2026-01-19 03:45:35] [CMD] [31m│[0m [0m  37: resource "oci_core_instance" "vm" [4m{[0m[0m
[2026-01-19 03:45:35] [CMD] [31m│[0m [0m
[2026-01-19 03:45:35] [CMD] [31m╵[0m[0m
[2026-01-19 03:45:35] [CMD] [31m╷[0m[0m
[2026-01-19 03:45:35] [CMD] [31m│[0m [0m[1m[31mError: [0m[0m[1m500-InternalError, Out of host capacity.
[2026-01-19 03:45:35] [CMD] [31m│[0m [0mSuggestion: The service for this resource encountered an error. Please contact support for help with service: Core Instance
[2026-01-19 03:45:35] [CMD] [31m│[0m [0mDocumentation: https://registry.terraform.io/providers/oracle/oci/latest/docs/resources/core_instance
[2026-01-19 03:45:35] [CMD] [31m│[0m [0mAPI Reference: https://docs.oracle.com/iaas/api/#/en/iaas/20160918/Instance/LaunchInstance
[2026-01-19 03:45:35] [CMD] [31m│[0m [0mRequest Target: POST https://iaas.eu-zurich-1.oraclecloud.com/20160918/instances
[2026-01-19 03:45:35] [CMD] [31m│[0m [0mProvider version: 7.29.0, released on 2025-12-16. This provider is 4 Update(s) behind to current.
[2026-01-19 03:45:35] [CMD] [31m│[0m [0mService: Core Instance
[2026-01-19 03:45:35] [CMD] [31m│[0m [0mOperation Name: LaunchInstance
[2026-01-19 03:45:35] [CMD] [31m│[0m [0mOPC request ID: 2b1e325a65a303b61dd1ff797d94bed5/8BD172F7BE3B5FB1DBA86D695A524875/23A0C301DFAA932EC0AF1B22B1EE1740
[2026-01-19 03:45:35] [CMD] [31m│[0m [0m[0m
[2026-01-19 03:45:35] [CMD] [31m│[0m [0m
[2026-01-19 03:45:35] [CMD] [31m│[0m [0m[0m  with module.oci_workers.oci_core_instance.vm[1],
[2026-01-19 03:45:35] [CMD] [31m│[0m [0m  on ../modules/oci-instance/main.tf line 37, in resource "oci_core_instance" "vm":
[2026-01-19 03:45:35] [CMD] [31m│[0m [0m  37: resource "oci_core_instance" "vm" [4m{[0m[0m
[2026-01-19 03:45:35] [CMD] [31m│[0m [0m
[2026-01-19 03:45:35] [CMD] [31m╵[0m[0m
[2026-01-19 03:45:35] Command failed with exit code 1.
[2026-01-19 03:45:35] Task failed. Retrying in 300 seconds...
[2026-01-19 03:50:35] Attempting to run: terraform apply --auto-approve
[2026-01-19 03:50:35] Working Directory: /home/buffalo/Documents/Project/kubernetes-infra/terraform/kls-infra-02
[2026-01-19 03:50:40] [CMD] [0m[1mmodule.oci_workers.data.oci_identity_availability_domains.ads: Reading...[0m[0m
[2026-01-19 03:50:40] [CMD] [0m[1mmodule.oci_workers.data.oci_core_images.ubuntu_arm: Reading...[0m[0m
[2026-01-19 03:50:40] [CMD] [0m[1mmodule.oci_controlplane.data.oci_core_images.ubuntu_amd: Reading...[0m[0m
[2026-01-19 03:50:40] [CMD] [0m[1mmodule.oci_controlplane.data.oci_core_images.ubuntu_arm: Reading...[0m[0m
[2026-01-19 03:50:40] [CMD] [0m[1mmodule.oci_workers.data.oci_core_images.ubuntu_amd: Reading...[0m[0m
[2026-01-19 03:50:40] [CMD] [0m[1mmodule.oci_controlplane.data.oci_identity_availability_domains.ads: Reading...[0m[0m
[2026-01-19 03:50:41] [CMD] [0m[1mmodule.gcp_worker.data.google_compute_image.ubuntu: Reading...[0m[0m
[2026-01-19 03:50:41] [CMD] [0m[1mmodule.oci_controlplane.data.oci_identity_availability_domains.ads: Read complete after 1s [id=IdentityAvailabilityDomainsDataSource-2634143273][0m
[2026-01-19 03:50:41] [CMD] [0m[1mmodule.oci_workers.data.oci_identity_availability_domains.ads: Read complete after 1s [id=IdentityAvailabilityDomainsDataSource-2634143273][0m
[2026-01-19 03:50:41] [CMD] [0m[1mmodule.oci_controlplane.data.oci_core_images.ubuntu_arm: Read complete after 1s [id=CoreImagesDataSource-1596659991][0m
[2026-01-19 03:50:41] [CMD] [0m[1mmodule.oci_workers.data.oci_core_images.ubuntu_arm: Read complete after 1s [id=CoreImagesDataSource-1596659991][0m
[2026-01-19 03:50:41] [CMD] [0m[1mmodule.oci_workers.data.oci_core_images.ubuntu_amd: Read complete after 1s [id=CoreImagesDataSource-4182059877][0m
[2026-01-19 03:50:41] [CMD] [0m[1mmodule.oci_controlplane.data.oci_core_images.ubuntu_amd: Read complete after 1s [id=CoreImagesDataSource-4182059877][0m
[2026-01-19 03:50:41] [CMD] [0m[1mmodule.aws_worker.data.aws_ami.ubuntu: Reading...[0m[0m
[2026-01-19 03:50:42] [CMD] [0m[1mmodule.gcp_worker.data.google_compute_image.ubuntu: Read complete after 1s [id=projects/ubuntu-os-cloud/global/images/ubuntu-2404-noble-amd64-v20260117][0m
[2026-01-19 03:50:42] [CMD] [0m[1mmodule.aws_worker.data.aws_ami.ubuntu: Read complete after 2s [id=ami-01637463b2cbe7cb6][0m
[2026-01-19 03:50:43] [CMD] 
[2026-01-19 03:50:43] [CMD] Terraform used the selected providers to generate the following execution
[2026-01-19 03:50:43] [CMD] plan. Resource actions are indicated with the following symbols:
[2026-01-19 03:50:43] [CMD] [32m+[0m create[0m
[2026-01-19 03:50:43] [CMD] 
[2026-01-19 03:50:43] [CMD] Terraform will perform the following actions:
[2026-01-19 03:50:43] [CMD] 
[2026-01-19 03:50:43] [CMD] [1m  # module.oci_workers.oci_core_instance.vm[0][0m will be created
[2026-01-19 03:50:43] [CMD] [0m  [32m+[0m[0m resource "oci_core_instance" "vm" {
[2026-01-19 03:50:43] [CMD] [32m+[0m[0m availability_domain                 = "Okvh:EU-ZURICH-1-AD-1"
[2026-01-19 03:50:43] [CMD] [32m+[0m[0m boot_volume_id                      = (known after apply)
[2026-01-19 03:50:43] [CMD] [32m+[0m[0m capacity_reservation_id             = (known after apply)
[2026-01-19 03:50:43] [CMD] [32m+[0m[0m compartment_id                      = "ocid1.compartment.oc1..aaaaaaaaqosxqzxlkkoruo6yxntlv2u6653ox7uqc46fhpid6ezj6gi73zzq"
[2026-01-19 03:50:43] [CMD] [32m+[0m[0m compute_cluster_id                  = (known after apply)
[2026-01-19 03:50:43] [CMD] [32m+[0m[0m dedicated_vm_host_id                = (known after apply)
[2026-01-19 03:50:43] [CMD] [32m+[0m[0m defined_tags                        = (known after apply)
[2026-01-19 03:50:43] [CMD] [32m+[0m[0m display_name                        = "oci-kls-worker-201"
[2026-01-19 03:50:43] [CMD] [32m+[0m[0m extended_metadata                   = (known after apply)
[2026-01-19 03:50:43] [CMD] [32m+[0m[0m fault_domain                        = (known after apply)
[2026-01-19 03:50:43] [CMD] [32m+[0m[0m freeform_tags                       = {
[2026-01-19 03:50:43] [CMD] [32m+[0m[0m "Role" = "worker"
[2026-01-19 03:50:43] [CMD] }
[2026-01-19 03:50:43] [CMD] [32m+[0m[0m hostname_label                      = (known after apply)
[2026-01-19 03:50:43] [CMD] [32m+[0m[0m id                                  = (known after apply)
[2026-01-19 03:50:43] [CMD] [32m+[0m[0m image                               = (known after apply)
[2026-01-19 03:50:43] [CMD] [32m+[0m[0m instance_configuration_id           = (known after apply)
[2026-01-19 03:50:43] [CMD] [32m+[0m[0m ipxe_script                         = (known after apply)
[2026-01-19 03:50:43] [CMD] [32m+[0m[0m is_ai_enterprise_enabled            = (known after apply)
[2026-01-19 03:50:43] [CMD] [32m+[0m[0m is_cross_numa_node                  = (known after apply)
[2026-01-19 03:50:43] [CMD] [32m+[0m[0m is_pv_encryption_in_transit_enabled = (known after apply)
[2026-01-19 03:50:43] [CMD] [32m+[0m[0m launch_mode                         = (known after apply)
[2026-01-19 03:50:43] [CMD] [32m+[0m[0m metadata                            = {
[2026-01-19 03:50:43] [CMD] [32m+[0m[0m "ssh_authorized_keys" = <<-EOT
[2026-01-19 03:50:43] [CMD] ssh-rsa AAAAB3NzaC1yc2EAAAADAQABAAABAQDGgVhlH0TFnfQFaCNk5ZHRBYiQgXjS+GiWKUK4iChAdMxHAupZf6kMVTWJZi5tHfsUqYdopwPAmoqpmYc/5AXrkYXyepRHNf/gGSp3Q1BrWH6+jhPBF/2fx65NrUqFTm3muuD3aPvepWA4oobcrT9FJN7HPZQ6N+N32GpM3IY5pbDhlTOkAwR6HLEFXdem8hJ7/GlV5Aw8qiQxhOsqLScN5deJlLsncsQfdSxEFhgrWrNOvAZaItk2q/jzq6I+zQE6WS8pGYu0vRA5hHNXxVdh+PnMavmA2rTzh4g+ATfAqjeA2gYlfQH5Nz9HhzXQGciQDZpUlsjGWWX0OcQ7+1tB buffalo@buffalo-IdeaPad-1
[2026-01-19 03:50:43] [CMD] EOT
[2026-01-19 03:50:43] [CMD] }
[2026-01-19 03:50:43] [CMD] [32m+[0m[0m private_ip                          = (known after apply)
[2026-01-19 03:50:43] [CMD] [32m+[0m[0m public_ip                           = (known after apply)
[2026-01-19 03:50:43] [CMD] [32m+[0m[0m region                              = (known after apply)
[2026-01-19 03:50:43] [CMD] [32m+[0m[0m security_attributes                 = (known after apply)
[2026-01-19 03:50:43] [CMD] [32m+[0m[0m security_attributes_state           = (known after apply)
[2026-01-19 03:50:43] [CMD] [32m+[0m[0m shape                               = "VM.Standard.A1.Flex"
[2026-01-19 03:50:43] [CMD] [32m+[0m[0m state                               = (known after apply)
[2026-01-19 03:50:43] [CMD] [32m+[0m[0m subnet_id                           = (known after apply)
[2026-01-19 03:50:43] [CMD] [32m+[0m[0m system_tags                         = (known after apply)
[2026-01-19 03:50:43] [CMD] [32m+[0m[0m time_created                        = (known after apply)
[2026-01-19 03:50:43] [CMD] [32m+[0m[0m time_maintenance_reboot_due         = (known after apply)
[2026-01-19 03:50:43] [CMD] 
[2026-01-19 03:50:43] [CMD] [32m+[0m[0m agent_config (known after apply)
[2026-01-19 03:50:43] [CMD] 
[2026-01-19 03:50:43] [CMD] [32m+[0m[0m availability_config (known after apply)
[2026-01-19 03:50:43] [CMD] 
[2026-01-19 03:50:43] [CMD] [32m+[0m[0m create_vnic_details {
[2026-01-19 03:50:43] [CMD] [32m+[0m[0m assign_ipv6ip          = (known after apply)
[2026-01-19 03:50:43] [CMD] [32m+[0m[0m assign_public_ip       = "true"
[2026-01-19 03:50:43] [CMD] [32m+[0m[0m defined_tags           = (known after apply)
[2026-01-19 03:50:43] [CMD] [32m+[0m[0m display_name           = (known after apply)
[2026-01-19 03:50:43] [CMD] [32m+[0m[0m freeform_tags          = (known after apply)
[2026-01-19 03:50:43] [CMD] [32m+[0m[0m hostname_label         = (known after apply)
[2026-01-19 03:50:43] [CMD] [32m+[0m[0m nsg_ids                = (known after apply)
[2026-01-19 03:50:43] [CMD] [32m+[0m[0m private_ip             = (known after apply)
[2026-01-19 03:50:43] [CMD] [32m+[0m[0m security_attributes    = (known after apply)
[2026-01-19 03:50:43] [CMD] [32m+[0m[0m skip_source_dest_check = (known after apply)
[2026-01-19 03:50:43] [CMD] [32m+[0m[0m subnet_cidr            = (known after apply)
[2026-01-19 03:50:43] [CMD] [32m+[0m[0m subnet_id              = "ocid1.subnet.oc1.eu-zurich-1.aaaaaaaaptp3u3on7sblkoxaxhcdb25kke42i7u3j3gqgynzhl3672i3fqwa"
[2026-01-19 03:50:43] [CMD] [32m+[0m[0m vlan_id                = (known after apply)
[2026-01-19 03:50:43] [CMD] 
[2026-01-19 03:50:43] [CMD] [32m+[0m[0m ipv6address_ipv6subnet_cidr_pair_details (known after apply)
[2026-01-19 03:50:43] [CMD] }
[2026-01-19 03:50:43] [CMD] 
[2026-01-19 03:50:43] [CMD] [32m+[0m[0m instance_options (known after apply)
[2026-01-19 03:50:43] [CMD] 
[2026-01-19 03:50:43] [CMD] [32m+[0m[0m launch_options (known after apply)
[2026-01-19 03:50:43] [CMD] 
[2026-01-19 03:50:43] [CMD] [32m+[0m[0m launch_volume_attachments (known after apply)
[2026-01-19 03:50:43] [CMD] 
[2026-01-19 03:50:43] [CMD] [32m+[0m[0m licensing_configs (known after apply)
[2026-01-19 03:50:43] [CMD] 
[2026-01-19 03:50:43] [CMD] [32m+[0m[0m placement_constraint_details (known after apply)
[2026-01-19 03:50:43] [CMD] 
[2026-01-19 03:50:43] [CMD] [32m+[0m[0m platform_config (known after apply)
[2026-01-19 03:50:43] [CMD] 
[2026-01-19 03:50:43] [CMD] [32m+[0m[0m preemptible_instance_config (known after apply)
[2026-01-19 03:50:43] [CMD] 
[2026-01-19 03:50:43] [CMD] [32m+[0m[0m shape_config {
[2026-01-19 03:50:43] [CMD] [32m+[0m[0m baseline_ocpu_utilization     = (known after apply)
[2026-01-19 03:50:43] [CMD] [32m+[0m[0m gpu_description               = (known after apply)
[2026-01-19 03:50:43] [CMD] [32m+[0m[0m gpus                          = (known after apply)
[2026-01-19 03:50:43] [CMD] [32m+[0m[0m local_disk_description        = (known after apply)
[2026-01-19 03:50:43] [CMD] [32m+[0m[0m local_disks                   = (known after apply)
[2026-01-19 03:50:43] [CMD] [32m+[0m[0m local_disks_total_size_in_gbs = (known after apply)
[2026-01-19 03:50:43] [CMD] [32m+[0m[0m max_vnic_attachments          = (known after apply)
[2026-01-19 03:50:43] [CMD] [32m+[0m[0m memory_in_gbs                 = 12
[2026-01-19 03:50:43] [CMD] [32m+[0m[0m networking_bandwidth_in_gbps  = (known after apply)
[2026-01-19 03:50:43] [CMD] [32m+[0m[0m nvmes                         = (known after apply)
[2026-01-19 03:50:43] [CMD] [32m+[0m[0m ocpus                         = 2
[2026-01-19 03:50:43] [CMD] [32m+[0m[0m processor_description         = (known after apply)
[2026-01-19 03:50:43] [CMD] [32m+[0m[0m resource_management           = (known after apply)
[2026-01-19 03:50:43] [CMD] [32m+[0m[0m vcpus                         = (known after apply)
[2026-01-19 03:50:43] [CMD] }
[2026-01-19 03:50:43] [CMD] 
[2026-01-19 03:50:43] [CMD] [32m+[0m[0m source_details {
[2026-01-19 03:50:43] [CMD] [32m+[0m[0m boot_volume_size_in_gbs = "100"
[2026-01-19 03:50:43] [CMD] [32m+[0m[0m boot_volume_vpus_per_gb = (known after apply)
[2026-01-19 03:50:43] [CMD] [32m+[0m[0m source_id               = "ocid1.image.oc1.eu-zurich-1.aaaaaaaaeiej3u3vj6qwpezhuzfvttqizv5hs424weni5dffwryitayitiia"
[2026-01-19 03:50:43] [CMD] [32m+[0m[0m source_type             = "image"
[2026-01-19 03:50:43] [CMD] 
[2026-01-19 03:50:43] [CMD] [32m+[0m[0m instance_source_image_filter_details (known after apply)
[2026-01-19 03:50:43] [CMD] }
[2026-01-19 03:50:43] [CMD] }
[2026-01-19 03:50:43] [CMD] 
[2026-01-19 03:50:43] [CMD] [1m  # module.oci_workers.oci_core_instance.vm[1][0m will be created
[2026-01-19 03:50:43] [CMD] [0m  [32m+[0m[0m resource "oci_core_instance" "vm" {
[2026-01-19 03:50:43] [CMD] [32m+[0m[0m availability_domain                 = "Okvh:EU-ZURICH-1-AD-1"
[2026-01-19 03:50:43] [CMD] [32m+[0m[0m boot_volume_id                      = (known after apply)
[2026-01-19 03:50:43] [CMD] [32m+[0m[0m capacity_reservation_id             = (known after apply)
[2026-01-19 03:50:43] [CMD] [32m+[0m[0m compartment_id                      = "ocid1.compartment.oc1..aaaaaaaaqosxqzxlkkoruo6yxntlv2u6653ox7uqc46fhpid6ezj6gi73zzq"
[2026-01-19 03:50:43] [CMD] [32m+[0m[0m compute_cluster_id                  = (known after apply)
[2026-01-19 03:50:43] [CMD] [32m+[0m[0m dedicated_vm_host_id                = (known after apply)
[2026-01-19 03:50:43] [CMD] [32m+[0m[0m defined_tags                        = (known after apply)
[2026-01-19 03:50:43] [CMD] [32m+[0m[0m display_name                        = "oci-kls-worker-202"
[2026-01-19 03:50:43] [CMD] [32m+[0m[0m extended_metadata                   = (known after apply)
[2026-01-19 03:50:43] [CMD] [32m+[0m[0m fault_domain                        = (known after apply)
[2026-01-19 03:50:43] [CMD] [32m+[0m[0m freeform_tags                       = {
[2026-01-19 03:50:43] [CMD] [32m+[0m[0m "Role" = "worker"
[2026-01-19 03:50:43] [CMD] }
[2026-01-19 03:50:43] [CMD] [32m+[0m[0m hostname_label                      = (known after apply)
[2026-01-19 03:50:43] [CMD] [32m+[0m[0m id                                  = (known after apply)
[2026-01-19 03:50:43] [CMD] [32m+[0m[0m image                               = (known after apply)
[2026-01-19 03:50:43] [CMD] [32m+[0m[0m instance_configuration_id           = (known after apply)
[2026-01-19 03:50:43] [CMD] [32m+[0m[0m ipxe_script                         = (known after apply)
[2026-01-19 03:50:43] [CMD] [32m+[0m[0m is_ai_enterprise_enabled            = (known after apply)
[2026-01-19 03:50:43] [CMD] [32m+[0m[0m is_cross_numa_node                  = (known after apply)
[2026-01-19 03:50:43] [CMD] [32m+[0m[0m is_pv_encryption_in_transit_enabled = (known after apply)
[2026-01-19 03:50:43] [CMD] [32m+[0m[0m launch_mode                         = (known after apply)
[2026-01-19 03:50:43] [CMD] [32m+[0m[0m metadata                            = {
[2026-01-19 03:50:43] [CMD] [32m+[0m[0m "ssh_authorized_keys" = <<-EOT
[2026-01-19 03:50:43] [CMD] ssh-rsa AAAAB3NzaC1yc2EAAAADAQABAAABAQDGgVhlH0TFnfQFaCNk5ZHRBYiQgXjS+GiWKUK4iChAdMxHAupZf6kMVTWJZi5tHfsUqYdopwPAmoqpmYc/5AXrkYXyepRHNf/gGSp3Q1BrWH6+jhPBF/2fx65NrUqFTm3muuD3aPvepWA4oobcrT9FJN7HPZQ6N+N32GpM3IY5pbDhlTOkAwR6HLEFXdem8hJ7/GlV5Aw8qiQxhOsqLScN5deJlLsncsQfdSxEFhgrWrNOvAZaItk2q/jzq6I+zQE6WS8pGYu0vRA5hHNXxVdh+PnMavmA2rTzh4g+ATfAqjeA2gYlfQH5Nz9HhzXQGciQDZpUlsjGWWX0OcQ7+1tB buffalo@buffalo-IdeaPad-1
[2026-01-19 03:50:43] [CMD] EOT
[2026-01-19 03:50:43] [CMD] }
[2026-01-19 03:50:43] [CMD] [32m+[0m[0m private_ip                          = (known after apply)
[2026-01-19 03:50:43] [CMD] [32m+[0m[0m public_ip                           = (known after apply)
[2026-01-19 03:50:43] [CMD] [32m+[0m[0m region                              = (known after apply)
[2026-01-19 03:50:43] [CMD] [32m+[0m[0m security_attributes                 = (known after apply)
[2026-01-19 03:50:43] [CMD] [32m+[0m[0m security_attributes_state           = (known after apply)
[2026-01-19 03:50:43] [CMD] [32m+[0m[0m shape                               = "VM.Standard.A1.Flex"
[2026-01-19 03:50:43] [CMD] [32m+[0m[0m state                               = (known after apply)
[2026-01-19 03:50:43] [CMD] [32m+[0m[0m subnet_id                           = (known after apply)
[2026-01-19 03:50:43] [CMD] [32m+[0m[0m system_tags                         = (known after apply)
[2026-01-19 03:50:43] [CMD] [32m+[0m[0m time_created                        = (known after apply)
[2026-01-19 03:50:43] [CMD] [32m+[0m[0m time_maintenance_reboot_due         = (known after apply)
[2026-01-19 03:50:43] [CMD] 
[2026-01-19 03:50:43] [CMD] [32m+[0m[0m agent_config (known after apply)
[2026-01-19 03:50:43] [CMD] 
[2026-01-19 03:50:43] [CMD] [32m+[0m[0m availability_config (known after apply)
[2026-01-19 03:50:43] [CMD] 
[2026-01-19 03:50:43] [CMD] [32m+[0m[0m create_vnic_details {
[2026-01-19 03:50:43] [CMD] [32m+[0m[0m assign_ipv6ip          = (known after apply)
[2026-01-19 03:50:43] [CMD] [32m+[0m[0m assign_public_ip       = "true"
[2026-01-19 03:50:43] [CMD] [32m+[0m[0m defined_tags           = (known after apply)
[2026-01-19 03:50:43] [CMD] [32m+[0m[0m display_name           = (known after apply)
[2026-01-19 03:50:43] [CMD] [32m+[0m[0m freeform_tags          = (known after apply)
[2026-01-19 03:50:43] [CMD] [32m+[0m[0m hostname_label         = (known after apply)
[2026-01-19 03:50:43] [CMD] [32m+[0m[0m nsg_ids                = (known after apply)
[2026-01-19 03:50:43] [CMD] [32m+[0m[0m private_ip             = (known after apply)
[2026-01-19 03:50:43] [CMD] [32m+[0m[0m security_attributes    = (known after apply)
[2026-01-19 03:50:43] [CMD] [32m+[0m[0m skip_source_dest_check = (known after apply)
[2026-01-19 03:50:43] [CMD] [32m+[0m[0m subnet_cidr            = (known after apply)
[2026-01-19 03:50:43] [CMD] [32m+[0m[0m subnet_id              = "ocid1.subnet.oc1.eu-zurich-1.aaaaaaaaptp3u3on7sblkoxaxhcdb25kke42i7u3j3gqgynzhl3672i3fqwa"
[2026-01-19 03:50:43] [CMD] [32m+[0m[0m vlan_id                = (known after apply)
[2026-01-19 03:50:43] [CMD] 
[2026-01-19 03:50:43] [CMD] [32m+[0m[0m ipv6address_ipv6subnet_cidr_pair_details (known after apply)
[2026-01-19 03:50:43] [CMD] }
[2026-01-19 03:50:43] [CMD] 
[2026-01-19 03:50:43] [CMD] [32m+[0m[0m instance_options (known after apply)
[2026-01-19 03:50:43] [CMD] 
[2026-01-19 03:50:43] [CMD] [32m+[0m[0m launch_options (known after apply)
[2026-01-19 03:50:43] [CMD] 
[2026-01-19 03:50:43] [CMD] [32m+[0m[0m launch_volume_attachments (known after apply)
[2026-01-19 03:50:43] [CMD] 
[2026-01-19 03:50:43] [CMD] [32m+[0m[0m licensing_configs (known after apply)
[2026-01-19 03:50:43] [CMD] 
[2026-01-19 03:50:43] [CMD] [32m+[0m[0m placement_constraint_details (known after apply)
[2026-01-19 03:50:43] [CMD] 
[2026-01-19 03:50:43] [CMD] [32m+[0m[0m platform_config (known after apply)
[2026-01-19 03:50:43] [CMD] 
[2026-01-19 03:50:43] [CMD] [32m+[0m[0m preemptible_instance_config (known after apply)
[2026-01-19 03:50:43] [CMD] 
[2026-01-19 03:50:43] [CMD] [32m+[0m[0m shape_config {
[2026-01-19 03:50:43] [CMD] [32m+[0m[0m baseline_ocpu_utilization     = (known after apply)
[2026-01-19 03:50:43] [CMD] [32m+[0m[0m gpu_description               = (known after apply)
[2026-01-19 03:50:43] [CMD] [32m+[0m[0m gpus                          = (known after apply)
[2026-01-19 03:50:43] [CMD] [32m+[0m[0m local_disk_description        = (known after apply)
[2026-01-19 03:50:43] [CMD] [32m+[0m[0m local_disks                   = (known after apply)
[2026-01-19 03:50:43] [CMD] [32m+[0m[0m local_disks_total_size_in_gbs = (known after apply)
[2026-01-19 03:50:43] [CMD] [32m+[0m[0m max_vnic_attachments          = (known after apply)
[2026-01-19 03:50:43] [CMD] [32m+[0m[0m memory_in_gbs                 = 12
[2026-01-19 03:50:43] [CMD] [32m+[0m[0m networking_bandwidth_in_gbps  = (known after apply)
[2026-01-19 03:50:43] [CMD] [32m+[0m[0m nvmes                         = (known after apply)
[2026-01-19 03:50:43] [CMD] [32m+[0m[0m ocpus                         = 2
[2026-01-19 03:50:43] [CMD] [32m+[0m[0m processor_description         = (known after apply)
[2026-01-19 03:50:43] [CMD] [32m+[0m[0m resource_management           = (known after apply)
[2026-01-19 03:50:43] [CMD] [32m+[0m[0m vcpus                         = (known after apply)
[2026-01-19 03:50:43] [CMD] }
[2026-01-19 03:50:43] [CMD] 
[2026-01-19 03:50:43] [CMD] [32m+[0m[0m source_details {
[2026-01-19 03:50:43] [CMD] [32m+[0m[0m boot_volume_size_in_gbs = "100"
[2026-01-19 03:50:43] [CMD] [32m+[0m[0m boot_volume_vpus_per_gb = (known after apply)
[2026-01-19 03:50:43] [CMD] [32m+[0m[0m source_id               = "ocid1.image.oc1.eu-zurich-1.aaaaaaaaeiej3u3vj6qwpezhuzfvttqizv5hs424weni5dffwryitayitiia"
[2026-01-19 03:50:43] [CMD] [32m+[0m[0m source_type             = "image"
[2026-01-19 03:50:43] [CMD] 
[2026-01-19 03:50:43] [CMD] [32m+[0m[0m instance_source_image_filter_details (known after apply)
[2026-01-19 03:50:43] [CMD] }
[2026-01-19 03:50:43] [CMD] }
[2026-01-19 03:50:43] [CMD] 
[2026-01-19 03:50:43] [CMD] [1mPlan:[0m [0m2 to add, 0 to change, 0 to destroy.
[2026-01-19 03:50:43] [CMD] 
[2026-01-19 03:50:43] [CMD] Changes to Outputs:
[2026-01-19 03:50:43] [CMD] [32m+[0m[0m oci_worker_ips       = [
[2026-01-19 03:50:43] [CMD] [32m+[0m[0m (known after apply),
[2026-01-19 03:50:43] [CMD] [32m+[0m[0m (known after apply),
[2026-01-19 03:50:43] [CMD] ]
[2026-01-19 03:50:44] [CMD] [0m[1mmodule.oci_workers.oci_core_instance.vm[1]: Creating...[0m[0m
[2026-01-19 03:50:44] [CMD] [0m[1mmodule.oci_workers.oci_core_instance.vm[0]: Creating...[0m[0m
[2026-01-19 03:50:46] [CMD] [33m╷[0m[0m
[2026-01-19 03:50:46] [CMD] [33m│[0m [0m[1m[33mWarning: [0m[0m[1mValue for undeclared variable[0m
[2026-01-19 03:50:46] [CMD] [33m│[0m [0m
[2026-01-19 03:50:46] [CMD] [33m│[0m [0m[0mThe root module does not declare a variable named "gcp_image" but a value
[2026-01-19 03:50:46] [CMD] [33m│[0m [0mwas found in file "terraform.tfvars". If you meant to use this value, add a
[2026-01-19 03:50:46] [CMD] [33m│[0m [0m"variable" block to the configuration.
[2026-01-19 03:50:46] [CMD] [33m│[0m [0m
[2026-01-19 03:50:46] [CMD] [33m│[0m [0mTo silence these warnings, use TF_VAR_... environment variables to provide
[2026-01-19 03:50:46] [CMD] [33m│[0m [0mcertain "global" settings to all configurations in your organization. To
[2026-01-19 03:50:46] [CMD] [33m│[0m [0mreduce the verbosity of these warnings, use the -compact-warnings option.
[2026-01-19 03:50:46] [CMD] [33m╵[0m[0m
[2026-01-19 03:50:46] [CMD] [31m╷[0m[0m
[2026-01-19 03:50:46] [CMD] [31m│[0m [0m[1m[31mError: [0m[0m[1m500-InternalError, Out of host capacity.
[2026-01-19 03:50:46] [CMD] [31m│[0m [0mSuggestion: The service for this resource encountered an error. Please contact support for help with service: Core Instance
[2026-01-19 03:50:46] [CMD] [31m│[0m [0mDocumentation: https://registry.terraform.io/providers/oracle/oci/latest/docs/resources/core_instance
[2026-01-19 03:50:46] [CMD] [31m│[0m [0mAPI Reference: https://docs.oracle.com/iaas/api/#/en/iaas/20160918/Instance/LaunchInstance
[2026-01-19 03:50:46] [CMD] [31m│[0m [0mRequest Target: POST https://iaas.eu-zurich-1.oraclecloud.com/20160918/instances
[2026-01-19 03:50:46] [CMD] [31m│[0m [0mProvider version: 7.29.0, released on 2025-12-16. This provider is 4 Update(s) behind to current.
[2026-01-19 03:50:46] [CMD] [31m│[0m [0mService: Core Instance
[2026-01-19 03:50:46] [CMD] [31m│[0m [0mOperation Name: LaunchInstance
[2026-01-19 03:50:46] [CMD] [31m│[0m [0mOPC request ID: 51d78296063cf8fca986ac4e0b1e78f4/98EDE2DBC1E19CDA15AA6D695A524853/4B4D3584A927E723FF587D96FD152D50
[2026-01-19 03:50:46] [CMD] [31m│[0m [0m[0m
[2026-01-19 03:50:46] [CMD] [31m│[0m [0m
[2026-01-19 03:50:46] [CMD] [31m│[0m [0m[0m  with module.oci_workers.oci_core_instance.vm[0],
[2026-01-19 03:50:46] [CMD] [31m│[0m [0m  on ../modules/oci-instance/main.tf line 37, in resource "oci_core_instance" "vm":
[2026-01-19 03:50:46] [CMD] [31m│[0m [0m  37: resource "oci_core_instance" "vm" [4m{[0m[0m
[2026-01-19 03:50:46] [CMD] [31m│[0m [0m
[2026-01-19 03:50:46] [CMD] [31m╵[0m[0m
[2026-01-19 03:50:46] [CMD] [31m╷[0m[0m
[2026-01-19 03:50:46] [CMD] [31m│[0m [0m[1m[31mError: [0m[0m[1m500-InternalError, Out of host capacity.
[2026-01-19 03:50:46] [CMD] [31m│[0m [0mSuggestion: The service for this resource encountered an error. Please contact support for help with service: Core Instance
[2026-01-19 03:50:46] [CMD] [31m│[0m [0mDocumentation: https://registry.terraform.io/providers/oracle/oci/latest/docs/resources/core_instance
[2026-01-19 03:50:46] [CMD] [31m│[0m [0mAPI Reference: https://docs.oracle.com/iaas/api/#/en/iaas/20160918/Instance/LaunchInstance
[2026-01-19 03:50:46] [CMD] [31m│[0m [0mRequest Target: POST https://iaas.eu-zurich-1.oraclecloud.com/20160918/instances
[2026-01-19 03:50:46] [CMD] [31m│[0m [0mProvider version: 7.29.0, released on 2025-12-16. This provider is 4 Update(s) behind to current.
[2026-01-19 03:50:46] [CMD] [31m│[0m [0mService: Core Instance
[2026-01-19 03:50:46] [CMD] [31m│[0m [0mOperation Name: LaunchInstance
[2026-01-19 03:50:46] [CMD] [31m│[0m [0mOPC request ID: b49a54e04860cfee825a35e5b3aba2a7/D4FE0038F61AF59B15AA6D695A524829/B6AAC1E10C7A2DC856EA37ACB8CAD0DF
[2026-01-19 03:50:46] [CMD] [31m│[0m [0m[0m
[2026-01-19 03:50:46] [CMD] [31m│[0m [0m
[2026-01-19 03:50:46] [CMD] [31m│[0m [0m[0m  with module.oci_workers.oci_core_instance.vm[1],
[2026-01-19 03:50:46] [CMD] [31m│[0m [0m  on ../modules/oci-instance/main.tf line 37, in resource "oci_core_instance" "vm":
[2026-01-19 03:50:46] [CMD] [31m│[0m [0m  37: resource "oci_core_instance" "vm" [4m{[0m[0m
[2026-01-19 03:50:46] [CMD] [31m│[0m [0m
[2026-01-19 03:50:46] [CMD] [31m╵[0m[0m
[2026-01-19 03:50:46] Command failed with exit code 1.
[2026-01-19 03:50:46] Task failed. Retrying in 300 seconds...
[2026-01-19 03:55:46] Attempting to run: terraform apply --auto-approve
[2026-01-19 03:55:46] Working Directory: /home/buffalo/Documents/Project/kubernetes-infra/terraform/kls-infra-02
[2026-01-19 03:55:51] [CMD] [0m[1mmodule.oci_controlplane.data.oci_core_images.ubuntu_amd: Reading...[0m[0m
[2026-01-19 03:55:51] [CMD] [0m[1mmodule.oci_controlplane.data.oci_core_images.ubuntu_arm: Reading...[0m[0m
[2026-01-19 03:55:51] [CMD] [0m[1mmodule.oci_workers.data.oci_identity_availability_domains.ads: Reading...[0m[0m
[2026-01-19 03:55:51] [CMD] [0m[1mmodule.oci_workers.data.oci_core_images.ubuntu_arm: Reading...[0m[0m
[2026-01-19 03:55:51] [CMD] [0m[1mmodule.oci_workers.data.oci_core_images.ubuntu_amd: Reading...[0m[0m
[2026-01-19 03:55:51] [CMD] [0m[1mmodule.oci_controlplane.data.oci_identity_availability_domains.ads: Reading...[0m[0m
[2026-01-19 03:55:53] [CMD] [0m[1mmodule.oci_workers.data.oci_identity_availability_domains.ads: Read complete after 1s [id=IdentityAvailabilityDomainsDataSource-2634143273][0m
[2026-01-19 03:55:53] [CMD] [0m[1mmodule.oci_workers.data.oci_core_images.ubuntu_amd: Read complete after 1s [id=CoreImagesDataSource-4182059877][0m
[2026-01-19 03:55:53] [CMD] [0m[1mmodule.oci_controlplane.data.oci_core_images.ubuntu_arm: Read complete after 1s [id=CoreImagesDataSource-1596659991][0m
[2026-01-19 03:55:53] [CMD] [0m[1mmodule.oci_workers.data.oci_core_images.ubuntu_arm: Read complete after 1s [id=CoreImagesDataSource-1596659991][0m
[2026-01-19 03:55:53] [CMD] [0m[1mmodule.oci_controlplane.data.oci_core_images.ubuntu_amd: Read complete after 1s [id=CoreImagesDataSource-4182059877][0m
[2026-01-19 03:55:53] [CMD] [0m[1mmodule.oci_controlplane.data.oci_identity_availability_domains.ads: Read complete after 1s [id=IdentityAvailabilityDomainsDataSource-2634143273][0m
[2026-01-19 03:55:53] [CMD] [0m[1mmodule.gcp_worker.data.google_compute_image.ubuntu: Reading...[0m[0m
[2026-01-19 03:55:53] [CMD] [0m[1mmodule.aws_worker.data.aws_ami.ubuntu: Reading...[0m[0m
[2026-01-19 03:55:54] [CMD] [0m[1mmodule.gcp_worker.data.google_compute_image.ubuntu: Read complete after 2s [id=projects/ubuntu-os-cloud/global/images/ubuntu-2404-noble-amd64-v20260117][0m
[2026-01-19 03:55:55] [CMD] [0m[1mmodule.aws_worker.data.aws_ami.ubuntu: Read complete after 1s [id=ami-01637463b2cbe7cb6][0m
[2026-01-19 03:55:55] [CMD] 
[2026-01-19 03:55:55] [CMD] Terraform used the selected providers to generate the following execution
[2026-01-19 03:55:55] [CMD] plan. Resource actions are indicated with the following symbols:
[2026-01-19 03:55:55] [CMD] [32m+[0m create[0m
[2026-01-19 03:55:55] [CMD] 
[2026-01-19 03:55:55] [CMD] Terraform will perform the following actions:
[2026-01-19 03:55:55] [CMD] 
[2026-01-19 03:55:55] [CMD] [1m  # module.oci_workers.oci_core_instance.vm[0][0m will be created
[2026-01-19 03:55:55] [CMD] [0m  [32m+[0m[0m resource "oci_core_instance" "vm" {
[2026-01-19 03:55:55] [CMD] [32m+[0m[0m availability_domain                 = "Okvh:EU-ZURICH-1-AD-1"
[2026-01-19 03:55:55] [CMD] [32m+[0m[0m boot_volume_id                      = (known after apply)
[2026-01-19 03:55:55] [CMD] [32m+[0m[0m capacity_reservation_id             = (known after apply)
[2026-01-19 03:55:55] [CMD] [32m+[0m[0m compartment_id                      = "ocid1.compartment.oc1..aaaaaaaaqosxqzxlkkoruo6yxntlv2u6653ox7uqc46fhpid6ezj6gi73zzq"
[2026-01-19 03:55:55] [CMD] [32m+[0m[0m compute_cluster_id                  = (known after apply)
[2026-01-19 03:55:55] [CMD] [32m+[0m[0m dedicated_vm_host_id                = (known after apply)
[2026-01-19 03:55:55] [CMD] [32m+[0m[0m defined_tags                        = (known after apply)
[2026-01-19 03:55:55] [CMD] [32m+[0m[0m display_name                        = "oci-kls-worker-201"
[2026-01-19 03:55:55] [CMD] [32m+[0m[0m extended_metadata                   = (known after apply)
[2026-01-19 03:55:55] [CMD] [32m+[0m[0m fault_domain                        = (known after apply)
[2026-01-19 03:55:55] [CMD] [32m+[0m[0m freeform_tags                       = {
[2026-01-19 03:55:55] [CMD] [32m+[0m[0m "Role" = "worker"
[2026-01-19 03:55:55] [CMD] }
[2026-01-19 03:55:55] [CMD] [32m+[0m[0m hostname_label                      = (known after apply)
[2026-01-19 03:55:55] [CMD] [32m+[0m[0m id                                  = (known after apply)
[2026-01-19 03:55:55] [CMD] [32m+[0m[0m image                               = (known after apply)
[2026-01-19 03:55:55] [CMD] [32m+[0m[0m instance_configuration_id           = (known after apply)
[2026-01-19 03:55:55] [CMD] [32m+[0m[0m ipxe_script                         = (known after apply)
[2026-01-19 03:55:55] [CMD] [32m+[0m[0m is_ai_enterprise_enabled            = (known after apply)
[2026-01-19 03:55:55] [CMD] [32m+[0m[0m is_cross_numa_node                  = (known after apply)
[2026-01-19 03:55:55] [CMD] [32m+[0m[0m is_pv_encryption_in_transit_enabled = (known after apply)
[2026-01-19 03:55:55] [CMD] [32m+[0m[0m launch_mode                         = (known after apply)
[2026-01-19 03:55:55] [CMD] [32m+[0m[0m metadata                            = {
[2026-01-19 03:55:55] [CMD] [32m+[0m[0m "ssh_authorized_keys" = <<-EOT
[2026-01-19 03:55:55] [CMD] ssh-rsa AAAAB3NzaC1yc2EAAAADAQABAAABAQDGgVhlH0TFnfQFaCNk5ZHRBYiQgXjS+GiWKUK4iChAdMxHAupZf6kMVTWJZi5tHfsUqYdopwPAmoqpmYc/5AXrkYXyepRHNf/gGSp3Q1BrWH6+jhPBF/2fx65NrUqFTm3muuD3aPvepWA4oobcrT9FJN7HPZQ6N+N32GpM3IY5pbDhlTOkAwR6HLEFXdem8hJ7/GlV5Aw8qiQxhOsqLScN5deJlLsncsQfdSxEFhgrWrNOvAZaItk2q/jzq6I+zQE6WS8pGYu0vRA5hHNXxVdh+PnMavmA2rTzh4g+ATfAqjeA2gYlfQH5Nz9HhzXQGciQDZpUlsjGWWX0OcQ7+1tB buffalo@buffalo-IdeaPad-1
[2026-01-19 03:55:55] [CMD] EOT
[2026-01-19 03:55:55] [CMD] }
[2026-01-19 03:55:55] [CMD] [32m+[0m[0m private_ip                          = (known after apply)
[2026-01-19 03:55:55] [CMD] [32m+[0m[0m public_ip                           = (known after apply)
[2026-01-19 03:55:55] [CMD] [32m+[0m[0m region                              = (known after apply)
[2026-01-19 03:55:55] [CMD] [32m+[0m[0m security_attributes                 = (known after apply)
[2026-01-19 03:55:55] [CMD] [32m+[0m[0m security_attributes_state           = (known after apply)
[2026-01-19 03:55:55] [CMD] [32m+[0m[0m shape                               = "VM.Standard.A1.Flex"
[2026-01-19 03:55:55] [CMD] [32m+[0m[0m state                               = (known after apply)
[2026-01-19 03:55:55] [CMD] [32m+[0m[0m subnet_id                           = (known after apply)
[2026-01-19 03:55:55] [CMD] [32m+[0m[0m system_tags                         = (known after apply)
[2026-01-19 03:55:55] [CMD] [32m+[0m[0m time_created                        = (known after apply)
[2026-01-19 03:55:55] [CMD] [32m+[0m[0m time_maintenance_reboot_due         = (known after apply)
[2026-01-19 03:55:55] [CMD] 
[2026-01-19 03:55:55] [CMD] [32m+[0m[0m agent_config (known after apply)
[2026-01-19 03:55:55] [CMD] 
[2026-01-19 03:55:55] [CMD] [32m+[0m[0m availability_config (known after apply)
[2026-01-19 03:55:55] [CMD] 
[2026-01-19 03:55:55] [CMD] [32m+[0m[0m create_vnic_details {
[2026-01-19 03:55:55] [CMD] [32m+[0m[0m assign_ipv6ip          = (known after apply)
[2026-01-19 03:55:55] [CMD] [32m+[0m[0m assign_public_ip       = "true"
[2026-01-19 03:55:55] [CMD] [32m+[0m[0m defined_tags           = (known after apply)
[2026-01-19 03:55:55] [CMD] [32m+[0m[0m display_name           = (known after apply)
[2026-01-19 03:55:55] [CMD] [32m+[0m[0m freeform_tags          = (known after apply)
[2026-01-19 03:55:55] [CMD] [32m+[0m[0m hostname_label         = (known after apply)
[2026-01-19 03:55:55] [CMD] [32m+[0m[0m nsg_ids                = (known after apply)
[2026-01-19 03:55:55] [CMD] [32m+[0m[0m private_ip             = (known after apply)
[2026-01-19 03:55:55] [CMD] [32m+[0m[0m security_attributes    = (known after apply)
[2026-01-19 03:55:55] [CMD] [32m+[0m[0m skip_source_dest_check = (known after apply)
[2026-01-19 03:55:55] [CMD] [32m+[0m[0m subnet_cidr            = (known after apply)
[2026-01-19 03:55:55] [CMD] [32m+[0m[0m subnet_id              = "ocid1.subnet.oc1.eu-zurich-1.aaaaaaaaptp3u3on7sblkoxaxhcdb25kke42i7u3j3gqgynzhl3672i3fqwa"
[2026-01-19 03:55:55] [CMD] [32m+[0m[0m vlan_id                = (known after apply)
[2026-01-19 03:55:55] [CMD] 
[2026-01-19 03:55:55] [CMD] [32m+[0m[0m ipv6address_ipv6subnet_cidr_pair_details (known after apply)
[2026-01-19 03:55:55] [CMD] }
[2026-01-19 03:55:55] [CMD] 
[2026-01-19 03:55:55] [CMD] [32m+[0m[0m instance_options (known after apply)
[2026-01-19 03:55:55] [CMD] 
[2026-01-19 03:55:55] [CMD] [32m+[0m[0m launch_options (known after apply)
[2026-01-19 03:55:55] [CMD] 
[2026-01-19 03:55:55] [CMD] [32m+[0m[0m launch_volume_attachments (known after apply)
[2026-01-19 03:55:55] [CMD] 
[2026-01-19 03:55:55] [CMD] [32m+[0m[0m licensing_configs (known after apply)
[2026-01-19 03:55:55] [CMD] 
[2026-01-19 03:55:55] [CMD] [32m+[0m[0m placement_constraint_details (known after apply)
[2026-01-19 03:55:55] [CMD] 
[2026-01-19 03:55:55] [CMD] [32m+[0m[0m platform_config (known after apply)
[2026-01-19 03:55:55] [CMD] 
[2026-01-19 03:55:55] [CMD] [32m+[0m[0m preemptible_instance_config (known after apply)
[2026-01-19 03:55:55] [CMD] 
[2026-01-19 03:55:55] [CMD] [32m+[0m[0m shape_config {
[2026-01-19 03:55:55] [CMD] [32m+[0m[0m baseline_ocpu_utilization     = (known after apply)
[2026-01-19 03:55:55] [CMD] [32m+[0m[0m gpu_description               = (known after apply)
[2026-01-19 03:55:55] [CMD] [32m+[0m[0m gpus                          = (known after apply)
[2026-01-19 03:55:55] [CMD] [32m+[0m[0m local_disk_description        = (known after apply)
[2026-01-19 03:55:55] [CMD] [32m+[0m[0m local_disks                   = (known after apply)
[2026-01-19 03:55:55] [CMD] [32m+[0m[0m local_disks_total_size_in_gbs = (known after apply)
[2026-01-19 03:55:55] [CMD] [32m+[0m[0m max_vnic_attachments          = (known after apply)
[2026-01-19 03:55:55] [CMD] [32m+[0m[0m memory_in_gbs                 = 12
[2026-01-19 03:55:55] [CMD] [32m+[0m[0m networking_bandwidth_in_gbps  = (known after apply)
[2026-01-19 03:55:55] [CMD] [32m+[0m[0m nvmes                         = (known after apply)
[2026-01-19 03:55:55] [CMD] [32m+[0m[0m ocpus                         = 2
[2026-01-19 03:55:55] [CMD] [32m+[0m[0m processor_description         = (known after apply)
[2026-01-19 03:55:55] [CMD] [32m+[0m[0m resource_management           = (known after apply)
[2026-01-19 03:55:55] [CMD] [32m+[0m[0m vcpus                         = (known after apply)
[2026-01-19 03:55:55] [CMD] }
[2026-01-19 03:55:55] [CMD] 
[2026-01-19 03:55:55] [CMD] [32m+[0m[0m source_details {
[2026-01-19 03:55:55] [CMD] [32m+[0m[0m boot_volume_size_in_gbs = "100"
[2026-01-19 03:55:55] [CMD] [32m+[0m[0m boot_volume_vpus_per_gb = (known after apply)
[2026-01-19 03:55:55] [CMD] [32m+[0m[0m source_id               = "ocid1.image.oc1.eu-zurich-1.aaaaaaaaeiej3u3vj6qwpezhuzfvttqizv5hs424weni5dffwryitayitiia"
[2026-01-19 03:55:55] [CMD] [32m+[0m[0m source_type             = "image"
[2026-01-19 03:55:55] [CMD] 
[2026-01-19 03:55:55] [CMD] [32m+[0m[0m instance_source_image_filter_details (known after apply)
[2026-01-19 03:55:55] [CMD] }
[2026-01-19 03:55:55] [CMD] }
[2026-01-19 03:55:55] [CMD] 
[2026-01-19 03:55:55] [CMD] [1m  # module.oci_workers.oci_core_instance.vm[1][0m will be created
[2026-01-19 03:55:55] [CMD] [0m  [32m+[0m[0m resource "oci_core_instance" "vm" {
[2026-01-19 03:55:55] [CMD] [32m+[0m[0m availability_domain                 = "Okvh:EU-ZURICH-1-AD-1"
[2026-01-19 03:55:55] [CMD] [32m+[0m[0m boot_volume_id                      = (known after apply)
[2026-01-19 03:55:55] [CMD] [32m+[0m[0m capacity_reservation_id             = (known after apply)
[2026-01-19 03:55:55] [CMD] [32m+[0m[0m compartment_id                      = "ocid1.compartment.oc1..aaaaaaaaqosxqzxlkkoruo6yxntlv2u6653ox7uqc46fhpid6ezj6gi73zzq"
[2026-01-19 03:55:55] [CMD] [32m+[0m[0m compute_cluster_id                  = (known after apply)
[2026-01-19 03:55:55] [CMD] [32m+[0m[0m dedicated_vm_host_id                = (known after apply)
[2026-01-19 03:55:55] [CMD] [32m+[0m[0m defined_tags                        = (known after apply)
[2026-01-19 03:55:55] [CMD] [32m+[0m[0m display_name                        = "oci-kls-worker-202"
[2026-01-19 03:55:55] [CMD] [32m+[0m[0m extended_metadata                   = (known after apply)
[2026-01-19 03:55:55] [CMD] [32m+[0m[0m fault_domain                        = (known after apply)
[2026-01-19 03:55:55] [CMD] [32m+[0m[0m freeform_tags                       = {
[2026-01-19 03:55:55] [CMD] [32m+[0m[0m "Role" = "worker"
[2026-01-19 03:55:55] [CMD] }
[2026-01-19 03:55:55] [CMD] [32m+[0m[0m hostname_label                      = (known after apply)
[2026-01-19 03:55:55] [CMD] [32m+[0m[0m id                                  = (known after apply)
[2026-01-19 03:55:55] [CMD] [32m+[0m[0m image                               = (known after apply)
[2026-01-19 03:55:55] [CMD] [32m+[0m[0m instance_configuration_id           = (known after apply)
[2026-01-19 03:55:55] [CMD] [32m+[0m[0m ipxe_script                         = (known after apply)
[2026-01-19 03:55:55] [CMD] [32m+[0m[0m is_ai_enterprise_enabled            = (known after apply)
[2026-01-19 03:55:55] [CMD] [32m+[0m[0m is_cross_numa_node                  = (known after apply)
[2026-01-19 03:55:55] [CMD] [32m+[0m[0m is_pv_encryption_in_transit_enabled = (known after apply)
[2026-01-19 03:55:55] [CMD] [32m+[0m[0m launch_mode                         = (known after apply)
[2026-01-19 03:55:55] [CMD] [32m+[0m[0m metadata                            = {
[2026-01-19 03:55:55] [CMD] [32m+[0m[0m "ssh_authorized_keys" = <<-EOT
[2026-01-19 03:55:55] [CMD] ssh-rsa AAAAB3NzaC1yc2EAAAADAQABAAABAQDGgVhlH0TFnfQFaCNk5ZHRBYiQgXjS+GiWKUK4iChAdMxHAupZf6kMVTWJZi5tHfsUqYdopwPAmoqpmYc/5AXrkYXyepRHNf/gGSp3Q1BrWH6+jhPBF/2fx65NrUqFTm3muuD3aPvepWA4oobcrT9FJN7HPZQ6N+N32GpM3IY5pbDhlTOkAwR6HLEFXdem8hJ7/GlV5Aw8qiQxhOsqLScN5deJlLsncsQfdSxEFhgrWrNOvAZaItk2q/jzq6I+zQE6WS8pGYu0vRA5hHNXxVdh+PnMavmA2rTzh4g+ATfAqjeA2gYlfQH5Nz9HhzXQGciQDZpUlsjGWWX0OcQ7+1tB buffalo@buffalo-IdeaPad-1
[2026-01-19 03:55:55] [CMD] EOT
[2026-01-19 03:55:55] [CMD] }
[2026-01-19 03:55:55] [CMD] [32m+[0m[0m private_ip                          = (known after apply)
[2026-01-19 03:55:55] [CMD] [32m+[0m[0m public_ip                           = (known after apply)
[2026-01-19 03:55:55] [CMD] [32m+[0m[0m region                              = (known after apply)
[2026-01-19 03:55:55] [CMD] [32m+[0m[0m security_attributes                 = (known after apply)
[2026-01-19 03:55:55] [CMD] [32m+[0m[0m security_attributes_state           = (known after apply)
[2026-01-19 03:55:55] [CMD] [32m+[0m[0m shape                               = "VM.Standard.A1.Flex"
[2026-01-19 03:55:55] [CMD] [32m+[0m[0m state                               = (known after apply)
[2026-01-19 03:55:55] [CMD] [32m+[0m[0m subnet_id                           = (known after apply)
[2026-01-19 03:55:55] [CMD] [32m+[0m[0m system_tags                         = (known after apply)
[2026-01-19 03:55:55] [CMD] [32m+[0m[0m time_created                        = (known after apply)
[2026-01-19 03:55:55] [CMD] [32m+[0m[0m time_maintenance_reboot_due         = (known after apply)
[2026-01-19 03:55:55] [CMD] 
[2026-01-19 03:55:55] [CMD] [32m+[0m[0m agent_config (known after apply)
[2026-01-19 03:55:55] [CMD] 
[2026-01-19 03:55:55] [CMD] [32m+[0m[0m availability_config (known after apply)
[2026-01-19 03:55:55] [CMD] 
[2026-01-19 03:55:55] [CMD] [32m+[0m[0m create_vnic_details {
[2026-01-19 03:55:55] [CMD] [32m+[0m[0m assign_ipv6ip          = (known after apply)
[2026-01-19 03:55:55] [CMD] [32m+[0m[0m assign_public_ip       = "true"
[2026-01-19 03:55:55] [CMD] [32m+[0m[0m defined_tags           = (known after apply)
[2026-01-19 03:55:55] [CMD] [32m+[0m[0m display_name           = (known after apply)
[2026-01-19 03:55:55] [CMD] [32m+[0m[0m freeform_tags          = (known after apply)
[2026-01-19 03:55:55] [CMD] [32m+[0m[0m hostname_label         = (known after apply)
[2026-01-19 03:55:55] [CMD] [32m+[0m[0m nsg_ids                = (known after apply)
[2026-01-19 03:55:55] [CMD] [32m+[0m[0m private_ip             = (known after apply)
[2026-01-19 03:55:55] [CMD] [32m+[0m[0m security_attributes    = (known after apply)
[2026-01-19 03:55:55] [CMD] [32m+[0m[0m skip_source_dest_check = (known after apply)
[2026-01-19 03:55:55] [CMD] [32m+[0m[0m subnet_cidr            = (known after apply)
[2026-01-19 03:55:55] [CMD] [32m+[0m[0m subnet_id              = "ocid1.subnet.oc1.eu-zurich-1.aaaaaaaaptp3u3on7sblkoxaxhcdb25kke42i7u3j3gqgynzhl3672i3fqwa"
[2026-01-19 03:55:55] [CMD] [32m+[0m[0m vlan_id                = (known after apply)
[2026-01-19 03:55:55] [CMD] 
[2026-01-19 03:55:55] [CMD] [32m+[0m[0m ipv6address_ipv6subnet_cidr_pair_details (known after apply)
[2026-01-19 03:55:55] [CMD] }
[2026-01-19 03:55:55] [CMD] 
[2026-01-19 03:55:55] [CMD] [32m+[0m[0m instance_options (known after apply)
[2026-01-19 03:55:55] [CMD] 
[2026-01-19 03:55:55] [CMD] [32m+[0m[0m launch_options (known after apply)
[2026-01-19 03:55:55] [CMD] 
[2026-01-19 03:55:55] [CMD] [32m+[0m[0m launch_volume_attachments (known after apply)
[2026-01-19 03:55:55] [CMD] 
[2026-01-19 03:55:55] [CMD] [32m+[0m[0m licensing_configs (known after apply)
[2026-01-19 03:55:55] [CMD] 
[2026-01-19 03:55:55] [CMD] [32m+[0m[0m placement_constraint_details (known after apply)
[2026-01-19 03:55:55] [CMD] 
[2026-01-19 03:55:55] [CMD] [32m+[0m[0m platform_config (known after apply)
[2026-01-19 03:55:55] [CMD] 
[2026-01-19 03:55:55] [CMD] [32m+[0m[0m preemptible_instance_config (known after apply)
[2026-01-19 03:55:55] [CMD] 
[2026-01-19 03:55:55] [CMD] [32m+[0m[0m shape_config {
[2026-01-19 03:55:55] [CMD] [32m+[0m[0m baseline_ocpu_utilization     = (known after apply)
[2026-01-19 03:55:55] [CMD] [32m+[0m[0m gpu_description               = (known after apply)
[2026-01-19 03:55:55] [CMD] [32m+[0m[0m gpus                          = (known after apply)
[2026-01-19 03:55:55] [CMD] [32m+[0m[0m local_disk_description        = (known after apply)
[2026-01-19 03:55:55] [CMD] [32m+[0m[0m local_disks                   = (known after apply)
[2026-01-19 03:55:55] [CMD] [32m+[0m[0m local_disks_total_size_in_gbs = (known after apply)
[2026-01-19 03:55:55] [CMD] [32m+[0m[0m max_vnic_attachments          = (known after apply)
[2026-01-19 03:55:55] [CMD] [32m+[0m[0m memory_in_gbs                 = 12
[2026-01-19 03:55:55] [CMD] [32m+[0m[0m networking_bandwidth_in_gbps  = (known after apply)
[2026-01-19 03:55:55] [CMD] [32m+[0m[0m nvmes                         = (known after apply)
[2026-01-19 03:55:55] [CMD] [32m+[0m[0m ocpus                         = 2
[2026-01-19 03:55:55] [CMD] [32m+[0m[0m processor_description         = (known after apply)
[2026-01-19 03:55:55] [CMD] [32m+[0m[0m resource_management           = (known after apply)
[2026-01-19 03:55:55] [CMD] [32m+[0m[0m vcpus                         = (known after apply)
[2026-01-19 03:55:55] [CMD] }
[2026-01-19 03:55:55] [CMD] 
[2026-01-19 03:55:55] [CMD] [32m+[0m[0m source_details {
[2026-01-19 03:55:55] [CMD] [32m+[0m[0m boot_volume_size_in_gbs = "100"
[2026-01-19 03:55:55] [CMD] [32m+[0m[0m boot_volume_vpus_per_gb = (known after apply)
[2026-01-19 03:55:55] [CMD] [32m+[0m[0m source_id               = "ocid1.image.oc1.eu-zurich-1.aaaaaaaaeiej3u3vj6qwpezhuzfvttqizv5hs424weni5dffwryitayitiia"
[2026-01-19 03:55:55] [CMD] [32m+[0m[0m source_type             = "image"
[2026-01-19 03:55:55] [CMD] 
[2026-01-19 03:55:55] [CMD] [32m+[0m[0m instance_source_image_filter_details (known after apply)
[2026-01-19 03:55:55] [CMD] }
[2026-01-19 03:55:55] [CMD] }
[2026-01-19 03:55:55] [CMD] 
[2026-01-19 03:55:55] [CMD] [1mPlan:[0m [0m2 to add, 0 to change, 0 to destroy.
[2026-01-19 03:55:55] [CMD] 
[2026-01-19 03:55:55] [CMD] Changes to Outputs:
[2026-01-19 03:55:55] [CMD] [32m+[0m[0m oci_worker_ips       = [
[2026-01-19 03:55:55] [CMD] [32m+[0m[0m (known after apply),
[2026-01-19 03:55:55] [CMD] [32m+[0m[0m (known after apply),
[2026-01-19 03:55:55] [CMD] ]
[2026-01-19 03:55:56] [CMD] [0m[1mmodule.oci_workers.oci_core_instance.vm[0]: Creating...[0m[0m
[2026-01-19 03:55:56] [CMD] [0m[1mmodule.oci_workers.oci_core_instance.vm[1]: Creating...[0m[0m
[2026-01-19 03:55:58] [CMD] [33m╷[0m[0m
[2026-01-19 03:55:58] [CMD] [33m│[0m [0m[1m[33mWarning: [0m[0m[1mValue for undeclared variable[0m
[2026-01-19 03:55:58] [CMD] [33m│[0m [0m
[2026-01-19 03:55:58] [CMD] [33m│[0m [0m[0mThe root module does not declare a variable named "gcp_image" but a value
[2026-01-19 03:55:58] [CMD] [33m│[0m [0mwas found in file "terraform.tfvars". If you meant to use this value, add a
[2026-01-19 03:55:58] [CMD] [33m│[0m [0m"variable" block to the configuration.
[2026-01-19 03:55:58] [CMD] [33m│[0m [0m
[2026-01-19 03:55:58] [CMD] [33m│[0m [0mTo silence these warnings, use TF_VAR_... environment variables to provide
[2026-01-19 03:55:58] [CMD] [33m│[0m [0mcertain "global" settings to all configurations in your organization. To
[2026-01-19 03:55:58] [CMD] [33m│[0m [0mreduce the verbosity of these warnings, use the -compact-warnings option.
[2026-01-19 03:55:58] [CMD] [33m╵[0m[0m
[2026-01-19 03:55:58] [CMD] [31m╷[0m[0m
[2026-01-19 03:55:58] [CMD] [31m│[0m [0m[1m[31mError: [0m[0m[1m500-InternalError, Out of host capacity.
[2026-01-19 03:55:58] [CMD] [31m│[0m [0mSuggestion: The service for this resource encountered an error. Please contact support for help with service: Core Instance
[2026-01-19 03:55:58] [CMD] [31m│[0m [0mDocumentation: https://registry.terraform.io/providers/oracle/oci/latest/docs/resources/core_instance
[2026-01-19 03:55:58] [CMD] [31m│[0m [0mAPI Reference: https://docs.oracle.com/iaas/api/#/en/iaas/20160918/Instance/LaunchInstance
[2026-01-19 03:55:58] [CMD] [31m│[0m [0mRequest Target: POST https://iaas.eu-zurich-1.oraclecloud.com/20160918/instances
[2026-01-19 03:55:58] [CMD] [31m│[0m [0mProvider version: 7.29.0, released on 2025-12-16. This provider is 4 Update(s) behind to current.
[2026-01-19 03:55:58] [CMD] [31m│[0m [0mService: Core Instance
[2026-01-19 03:55:58] [CMD] [31m│[0m [0mOperation Name: LaunchInstance
[2026-01-19 03:55:58] [CMD] [31m│[0m [0mOPC request ID: 1a2e71271b903a9b527527b83ebfcfc4/8B5D8525CB13D09B4DAB6D695A52480F/696AD43D7B7B0210A5BD76C69574E42F
[2026-01-19 03:55:58] [CMD] [31m│[0m [0m[0m
[2026-01-19 03:55:58] [CMD] [31m│[0m [0m
[2026-01-19 03:55:58] [CMD] [31m│[0m [0m[0m  with module.oci_workers.oci_core_instance.vm[1],
[2026-01-19 03:55:58] [CMD] [31m│[0m [0m  on ../modules/oci-instance/main.tf line 37, in resource "oci_core_instance" "vm":
[2026-01-19 03:55:58] [CMD] [31m│[0m [0m  37: resource "oci_core_instance" "vm" [4m{[0m[0m
[2026-01-19 03:55:58] [CMD] [31m│[0m [0m
[2026-01-19 03:55:58] [CMD] [31m╵[0m[0m
[2026-01-19 03:55:58] [CMD] [31m╷[0m[0m
[2026-01-19 03:55:58] [CMD] [31m│[0m [0m[1m[31mError: [0m[0m[1m500-InternalError, Out of host capacity.
[2026-01-19 03:55:58] [CMD] [31m│[0m [0mSuggestion: The service for this resource encountered an error. Please contact support for help with service: Core Instance
[2026-01-19 03:55:58] [CMD] [31m│[0m [0mDocumentation: https://registry.terraform.io/providers/oracle/oci/latest/docs/resources/core_instance
[2026-01-19 03:55:58] [CMD] [31m│[0m [0mAPI Reference: https://docs.oracle.com/iaas/api/#/en/iaas/20160918/Instance/LaunchInstance
[2026-01-19 03:55:58] [CMD] [31m│[0m [0mRequest Target: POST https://iaas.eu-zurich-1.oraclecloud.com/20160918/instances
[2026-01-19 03:55:58] [CMD] [31m│[0m [0mProvider version: 7.29.0, released on 2025-12-16. This provider is 4 Update(s) behind to current.
[2026-01-19 03:55:58] [CMD] [31m│[0m [0mService: Core Instance
[2026-01-19 03:55:58] [CMD] [31m│[0m [0mOperation Name: LaunchInstance
[2026-01-19 03:55:58] [CMD] [31m│[0m [0mOPC request ID: 7d34f911bf0e1ce27eb6438597670fbb/CEA805C3E86C449D4DAB6D695A524841/FF3AE88B5AC25D919B89FE37AADE3454
[2026-01-19 03:55:58] [CMD] [31m│[0m [0m[0m
[2026-01-19 03:55:58] [CMD] [31m│[0m [0m
[2026-01-19 03:55:58] [CMD] [31m│[0m [0m[0m  with module.oci_workers.oci_core_instance.vm[0],
[2026-01-19 03:55:58] [CMD] [31m│[0m [0m  on ../modules/oci-instance/main.tf line 37, in resource "oci_core_instance" "vm":
[2026-01-19 03:55:58] [CMD] [31m│[0m [0m  37: resource "oci_core_instance" "vm" [4m{[0m[0m
[2026-01-19 03:55:58] [CMD] [31m│[0m [0m
[2026-01-19 03:55:58] [CMD] [31m╵[0m[0m
[2026-01-19 03:55:58] Command failed with exit code 1.
[2026-01-19 03:55:58] Task failed. Retrying in 300 seconds...
[2026-01-19 04:00:58] Time window expired while waiting. Exiting.
